CASE_ID,ACCIDENT_YEAR,PROC_DATE,JURIS,COLLISION_DATE,COLLISION_TIME,OFFICER_ID,REPORTING_DISTRICT,DAY_OF_WEEK,CHP_SHIFT,POPULATION,CNTY_CITY_LOC,SPECIAL_COND,BEAT_TYPE,CHP_BEAT_TYPE,CITY_DIVISION_LAPD,CHP_BEAT_CLASS,BEAT_NUMBER,PRIMARY_RD,SECONDARY_RD,DISTANCE,DIRECTION,INTERSECTION,WEATHER_1,WEATHER_2,STATE_HWY_IND,CALTRANS_COUNTY,CALTRANS_DISTRICT,STATE_ROUTE,ROUTE_SUFFIX,POSTMILE_PREFIX,POSTMILE,LOCATION_TYPE,RAMP_INTERSECTION,SIDE_OF_HWY,TOW_AWAY,COLLISION_SEVERITY,NUMBER_KILLED,NUMBER_INJURED,PARTY_COUNT,PRIMARY_COLL_FACTOR,PCF_CODE_OF_VIOL,PCF_VIOL_CATEGORY,PCF_VIOLATION,PCF_VIOL_SUBSECTION,HIT_AND_RUN,TYPE_OF_COLLISION,MVIW,PED_ACTION,ROAD_SURFACE,ROAD_COND_1,ROAD_COND_2,LIGHTING,CONTROL_DEVICE,CHP_ROAD_TYPE,PEDESTRIAN_ACCIDENT,BICYCLE_ACCIDENT,MOTORCYCLE_ACCIDENT,TRUCK_ACCIDENT,NOT_PRIVATE_PROPERTY,ALCOHOL_INVOLVED,STWD_VEHTYPE_AT_FAULT,CHP_VEHTYPE_AT_FAULT,COUNT_SEVERE_INJ,COUNT_VISIBLE_INJ,COUNT_COMPLAINT_PAIN,COUNT_PED_KILLED,COUNT_PED_INJURED,COUNT_BICYCLIST_KILLED,COUNT_BICYCLIST_INJURED,COUNT_MC_KILLED,COUNT_MC_INJURED,PRIMARY_RAMP,SECONDARY_RAMP,LATITUDE,LONGITUDE,COUNTY,CITY,POINT_X,POINT_Y
82189740,2023,2023-10-04,1912,2023-01-05,2010,15490,,4,5,6,1912,0,0,0,,0,,"ALAMEDA AVENUE",GATEWAY,97.00,W,N,B,-,N,,,,,,,,,,Y,3,0,1,1,A,-,01,23152,F,N,E,I,A,B,H,-,C,A,0,,,,,Y,Y,A,01,0,1,0,0,0,0,0,0,0,"- ","- ",34.173511505126953,-118.30075836181641,"LOS ANGELES",BURBANK,-118.30082702636719,34.173427581787109
82189742,2023,2023-10-05,1912,2023-01-07,1200,15508,,6,5,6,1912,0,0,0,,0,,"FREDERIC STREET","OLIVE AVENUE (S)",4.00,W,N,A,-,N,,,,,,,,,,N,4,0,1,2,A,-,03,22350,,F,C,C,A,A,H,-,A,D,0,,,,,Y,Y,A,07,0,0,1,0,0,0,0,0,0,"- ","- ",34.160438537597656,-118.33029937744141,"LOS ANGELES",BURBANK,,
82189744,2023,2023-10-04,1912,2023-01-09,"830 ",15680,1912,1,5,6,1912,0,0,0,,0,00J,"SOUTHBOUND HOLLYWOOD WAY ACCESS ROAD","EMPIRE AVENUE",0.00,,Y,C,-,N,,,,,,,,,,N,4,0,1,2,A,-,03,22350,,N,C,C,A,B,H,-,A,A,0,,,,,Y,,A,01,0,0,1,0,0,0,0,0,0,"- ","- ",34.192298889160156,-118.34893035888672,"LOS ANGELES",BURBANK,-118.34947699999999,34.192362000000003
82189746,2023,2023-10-04,1912,2023-01-09,"915 ",11832,,1,5,6,1912,0,0,0,,0,,"BURBANK BOULEVARD","SAN FERNANDO BOULEVARD",50.00,W,N,C,-,N,,,,,,,,,,N,4,0,1,2,A,-,07,21658,A,M,B,C,A,B,H,-,A,A,0,,,,,Y,,A,01,0,0,1,0,0,0,0,0,0,"- ","- ",34.186271667480469,-118.31606292724609,"LOS ANGELES",BURBANK,-118.31622314453125,34.186168670654297
82189748,2023,2023-10-04,1912,2023-01-09,1202,15680,1912,1,5,6,1912,0,0,0,,0,00A,"SAN FERNANDO BOULEVARD","HOLLYWOOD WAY",635.00,N,N,C,-,N,,,,,,,,,,N,4,0,1,2,D,-,00,,,N,B,C,A,B,H,-,A,D,0,,,,,Y,,-,"- ",0,0,1,0,0,0,0,0,0,"- ","- ",34.205230712890625,-118.34867095947266,"LOS ANGELES",BURBANK,-118.35042572021484,34.2064208984375
82189760,2023,2023-10-05,1912,2023-01-12,1744,13813,,4,5,6,1912,0,0,0,,0,,"AMHERST DRIVE","3RD STREET",77.00,E,N,B,-,N,,,,,,,,,,N,2,0,2,3,A,-,06,21951,,N,G,B,B,A,H,-,C,D,0,Y,,Y,,Y,,C,02,1,1,0,0,1,0,0,0,1,"- ","- ",34.191108703613281,-118.31999206542969,"LOS ANGELES",BURBANK,-118.31977081298828,34.191261291503906
82189765,2023,2023-10-04,1912,2023-01-15,1720,9980,,7,5,6,1912,0,0,0,,0,,"OLIVE AVENUE","LAKE STREET",100.00,E,N,C,-,N,,,,,,,,,,N,4,0,1,3,A,-,01,23152,A,N,C,E,A,B,H,-,C,A,0,,,,,Y,Y,A,01,0,0,1,0,0,0,0,0,0,"- ","- ",34.175571441650391,-118.31433868408203,"LOS ANGELES",BURBANK,-118.31414031982422,34.175765991210938
82189766,2023,2023-10-04,1912,2023-01-15,2158,14609,1912,7,5,6,1912,0,0,0,,0,00J,"HOLLYWOOD WAY","AVON STREET",3.00,S,N,C,-,N,,,,,,,,,,Y,3,0,1,1,A,-,01,23152,A,N,E,I,A,B,H,-,C,A,0,,,,,Y,Y,A,01,0,1,0,0,0,0,0,0,0,"- ","- ",34.193210601806641,-118.34890747070312,"LOS ANGELES",BURBANK,-118.34893035888672,34.193531036376953
82189767,2023,2023-10-04,1912,2023-01-03,1313,13850,,2,5,6,1912,0,0,0,,0,,"GLENOAKS BOULEVARD","MAGNOLIA BOULEVARD",210.00,S,N,B,-,N,,,,,,,,,,Y,4,0,1,2,A,-,08,22107,,N,B,E,A,A,H,-,A,D,0,,,,,Y,,A,07,0,0,1,0,0,0,0,0,0,"- ","- ",,,"LOS ANGELES",BURBANK,-118.30869293212891,34.185005187988281
82189768,2023,2023-10-04,1912,2023-01-16,2155,15509,,1,5,6,1912,0,0,0,,0,,"BURBANK BOULEVARD","EDISON BOULEVARD",0.00,,Y,A,-,N,,,,,,,,,,N,4,0,2,2,A,-,08,22107,,N,D,C,A,A,H,-,C,A,0,,,,,Y,,A,01,0,0,2,0,0,0,0,0,0,"- ","- ",34.174720764160156,-118.35011291503906,"LOS ANGELES",BURBANK,-118.35025024414062,34.1746826171875
82189771,2023,2023-10-04,1912,2023-01-19,1723,14849,,4,5,6,1912,0,0,0,,0,,"THORNTON AVENUE","NAOMI STREET",0.00,,Y,C,-,N,,,,,,,,,,N,4,0,1,2,A,-,09,21804,A,N,D,C,A,B,H,-,C,A,0,,,,,Y,,A,01,0,0,1,0,0,0,0,0,0,"- ","- ",34.195461273193359,-118.34014892578125,"LOS ANGELES",BURBANK,-118.34013366699219,34.195552825927734
82189772,2023,2023-10-04,1912,2023-01-20,"717 ",11832,,5,5,6,1912,0,0,0,,0,,"VERDUGO AVENUE","FLORENCE STREET",0.00,,Y,A,-,N,,,,,,,,,,N,3,0,2,2,A,-,09,21802,A,N,D,C,A,A,H,-,A,A,0,,,,,Y,,A,01,0,1,1,0,0,0,0,0,0,"- ","- ",,,"LOS ANGELES",BURBANK,-118.33456420898438,34.164028167724609
82189773,2023,2023-10-05,1912,2023-01-20,"807 ",11832,,5,5,6,1912,0,0,0,,0,,"HOLLYWOOD WAY","CHANDLER BOULEVARD",550.00,N,N,A,-,N,,,,,,,,,,N,3,0,2,2,C,-,18,,,N,A,C,A,A,H,-,A,D,0,,,,,Y,,-,"- ",0,1,1,0,0,0,0,0,0,"- ","- ",,,"LOS ANGELES",BURBANK,-118.349365234375,34.172805786132812
82189774,2023,2023-10-04,1912,2023-01-20,1355,15454,,5,5,6,1912,0,0,0,,0,,"FRONT STREET","BURBANK BOULEVARD",630.00,S,N,A,-,N,,,,,,,,,,N,4,0,1,2,A,-,03,22350,,N,C,C,A,A,H,-,A,D,0,,,,,Y,,A,07,0,0,1,0,0,0,0,0,0,"- ","- ",34.185298919677734,-118.31865692138672,"LOS ANGELES",BURBANK,-118.31789398193359,34.183723449707031
82189775,2023,2023-10-04,1912,2023-01-20,1811,13813,,5,5,6,1912,0,0,0,,0,,"BUENA VISTA STREET","CHANDLER BOULEVARD",0.00,,Y,A,-,N,,,,,,,,,,N,3,0,1,2,A,-,03,22350,,N,D,G,A,A,H,-,C,A,0,,Y,,,Y,,L,04,0,1,0,0,0,0,1,0,0,"- ","- ",34.175498962402344,-118.33647918701172,"LOS ANGELES",BURBANK,-118.33645629882812,34.175464630126953
82189776,2023,2023-10-04,1912,2023-01-04,1728,12451,,3,5,6,1912,0,0,0,,0,,"BUENA VISTA STREET","EMPIRE AVENUE",131.00,N,N,C,-,N,,,,,,,,,,Y,4,0,1,2,A,-,09,21804,A,N,D,C,A,B,H,-,C,D,0,,,,,Y,,A,01,0,0,1,0,0,0,0,0,0,"- ","- ",34.191848754882812,-118.33802795410156,"LOS ANGELES",BURBANK,-118.33799743652344,34.192176818847656
82189777,2023,2023-10-04,1912,2023-01-04,1830,15454,,3,5,6,1912,0,0,0,,0,,"SAN FERNANDO BOULEVARD","BETHANY ROAD",45.00,S,Y,C,-,N,,,,,,,,,,N,4,0,1,2,A,-,08,22100,B,N,D,C,A,A,H,-,C,D,0,,,,,Y,,A,01,0,0,1,0,0,0,0,0,0,"- ","- ",34.189140319824219,-118.32026672363281,"LOS ANGELES",BURBANK,-118.32012939453125,34.189178466796875
82189778,2023,2023-10-11,1912,2023-01-05,"845 ",12451,,4,5,6,1912,0,0,0,,0,,"OAK STREET","PASS AVENUE",156.00,W,N,B,C,N,,,,,,,,,,N,2,0,1,2,A,-,09,21804,A,N,G,B,D,B,H,-,A,D,0,Y,,,,Y,,A,07,1,0,0,0,1,0,0,0,0,"- ","- ",34.156139373779297,-118.34628295898438,"LOS ANGELES",BURBANK,-118.34657287597656,34.156047821044922
82189779,2023,2023-10-04,1912,2023-01-05,1125,15454,,4,5,6,1912,0,0,0,,0,,"VICTORY BOULEVARD","CHANDLER BOULEVARD",0.00,,Y,A,-,N,,,,,,,,,,N,3,0,3,2,A,-,09,21801,A,N,D,C,A,A,H,-,A,A,0,,,,,Y,,A,07,0,3,0,0,0,0,0,0,0,"- ","- ",34.180759429931641,-118.32016754150391,"LOS ANGELES",BURBANK,-118.32002258300781,34.180747985839844
82191384,2023,2023-10-06,1912,2023-02-08,2249,15482,,3,5,6,1912,0,0,0,,0,,"SAN FERNANDO BOULEVARD","BUENA VISTA STREET",0.00,,Y,A,-,N,,,,,,,,,,Y,4,0,1,2,D,-,00,,,N,D,C,A,A,H,-,C,A,0,,,,,Y,,-,"- ",0,0,1,0,0,0,0,0,0,"- ","- ",34.197849273681641,-118.33789825439453,"LOS ANGELES",BURBANK,-118.337890625,34.197902679443359
82191385,2023,2023-10-05,1912,2023-02-09,"741 ",13387,,4,5,6,1912,0,0,0,,0,,"HOLLYWOOD WAY","TULARE AVENUE",160.00,S,N,A,-,N,,,,,,,,,,Y,4,0,2,3,A,-,09,21453,B,N,B,C,A,A,H,-,A,A,0,,,,,Y,,D,22,0,0,2,0,0,0,0,0,0,"- ","- ",34.203010559082031,-118.34874725341797,"LOS ANGELES",BURBANK,-118.34879302978516,34.202510833740234
82191386,2023,2023-10-05,1912,2023-02-09,"753 ",13813,,4,5,6,1912,0,0,0,,0,,"PASS AVENUE","MAGNOLIA BOULEVARD",0.00,,Y,A,-,N,,,,,,,,,,N,4,0,1,2,A,-,10,21950,A,N,G,B,B,A,H,-,A,A,0,Y,,,,Y,,A,01,0,0,1,0,1,0,0,0,0,"- ","- ",34.166458129882812,-118.35104370117188,"LOS ANGELES",BURBANK,-118.35102081298828,34.166519165039062
82191388,2023,2023-10-05,1912,2023-02-10,"836 ",13813,,5,5,6,1912,0,0,0,,0,,"OLIVE AVENUE","HOLLYWOOD WAY",0.00,,Y,A,-,N,,,,,,,,,,N,3,0,2,2,A,-,09,21801,A,N,D,C,A,A,H,-,A,A,0,,,,,Y,,A,01,0,1,1,0,0,0,0,0,0,"- ","- ",34.151931762695312,-118.33925628662109,"LOS ANGELES",BURBANK,-118.33933258056641,34.1519775390625
82191390,2023,2023-10-06,1912,2023-02-10,1605,12451,,5,5,6,1912,0,0,0,,0,,"VANOWEN STREET","VALLEY STREET",150.00,E,N,A,-,N,,,,,,,,,,Y,4,0,1,2,A,-,06,21755,A,N,B,C,A,A,H,-,A,D,0,,,Y,,Y,,C,02,0,0,1,0,0,0,0,0,1,"- ","- ",,,"LOS ANGELES",BURBANK,-118.35731506347656,34.193458557128906
82191391,2023,2023-10-05,1912,2023-02-12,"820 ",15506,,7,5,6,1912,0,0,0,,0,,"GLENOAKS BOULEVARD","PALM AVENUE",0.00,,Y,A,-,N,,,,,,,,,,N,4,0,1,2,A,-,08,22107,,N,D,G,A,A,H,-,A,D,0,,Y,,,Y,,A,01,0,0,1,0,0,0,1,0,0,"- ","- ",34.184490203857422,-118.30834197998047,"LOS ANGELES",BURBANK,-118.30824279785156,34.184673309326172
82191392,2023,2023-10-06,1912,2023-02-13,"929 ",13387,,1,5,6,1912,0,0,0,,0,,"BUENA VISTA STREET","ALAMEDA AVENUE",0.00,,Y,A,-,N,,,,,,,,,,Y,4,0,2,3,A,-,09,21801,A,M,D,C,A,A,H,-,A,A,0,,,,,Y,,A,07,0,0,2,0,0,0,0,0,0,"- ","- ",,,"LOS ANGELES",BURBANK,-118.32810974121094,34.158214569091797
82191393,2023,2023-10-05,1912,2023-02-13,1350,13387,,1,5,6,1912,0,0,0,,0,,"ALAMEDA AVENUE","FLOWER STREET",150.00,W,N,A,-,N,,,,,,,,,,N,4,0,1,2,A,-,21,22106,,N,C,C,A,A,H,-,A,D,0,,,,,Y,,A,01,0,0,1,0,0,0,0,0,0,"- ","- ",34.171211242675781,-118.30317687988281,"LOS ANGELES",BURBANK,-118.30338287353516,34.171108245849609
82191394,2023,2023-10-05,1912,2023-02-13,2309,14527,,1,5,6,1912,0,0,0,,0,,"BEL AIRE DRIVE","ELMWOOD AVENUE (E)",0.00,,Y,A,-,N,,,,,,,,,,Y,2,0,2,2,A,-,03,22350,,N,D,C,A,A,H,-,C,A,0,,,,,Y,,A,01,1,0,1,0,0,0,0,0,0,"- ","- ",34.18511962890625,-118.29206848144531,"LOS ANGELES",BURBANK,-118.29221343994141,34.185256958007812
82191395,2023,2023-10-05,1912,2023-02-14,1206,11832,,2,5,6,1912,0,0,0,,0,,"MAGNOLIA BOULEVARD","3RD STREET",0.00,,Y,B,-,N,,,,,,,,,,Y,4,0,2,2,A,-,09,21801,A,N,D,C,A,A,H,-,A,A,0,,,,,Y,,A,07,0,0,2,0,0,0,0,0,0,"- ","- ",,,"LOS ANGELES",BURBANK,-118.31050109863281,34.184215545654297
82191396,2023,2023-10-05,1912,2023-02-14,1614,13208,,2,5,6,1912,0,0,0,,0,,"KENMERE AVENUE","LINCOLN STREET",62.00,E,N,B,-,N,,,,,,,,,,N,4,0,1,4,A,-,09,21802,A,N,A,E,A,A,H,-,B,A,0,,,,,Y,,I,11,0,0,1,0,0,0,0,0,0,"- ","- ",34.193729400634766,-118.33577728271484,"LOS ANGELES",BURBANK,-118.33556365966797,34.1937255859375
82191397,2023,2023-10-05,1912,2023-02-15,"830 ",9393,,3,5,6,1912,0,0,0,,0,,"GLENOAKS BOULEVARD","REESE PLACE",40.00,S,N,A,-,N,,,,,,,,,,Y,4,0,1,3,A,-,03,22350,,N,C,C,A,A,H,-,A,D,0,,,,,Y,,A,01,0,0,1,0,0,0,0,0,0,"- ","- ",,,"LOS ANGELES",BURBANK,-118.32940673828125,34.199993133544922
82191398,2023,2023-10-05,1912,2023-02-15,"956 ",9393,,3,5,6,1912,0,0,0,,0,,"BUENA VISTA STREET","ALAMEDA AVENUE",905.00,S,N,B,-,N,,,,,,,,,,Y,4,0,1,2,A,-,12,21455,,N,D,C,A,A,H,-,A,A,0,,,,,Y,,A,07,0,0,1,0,0,0,0,0,0,"- ","- ",34.158210754394531,-118.32811737060547,"LOS ANGELES",BURBANK,-118.32701110839844,34.155902862548828
82191399,2023,2023-10-05,1912,2023-02-15,1334,13850,,3,5,6,1912,0,0,0,,0,,"ALAMEDA AVENUE","FLOWER STREET",0.00,,Y,A,-,N,,,,,,,,,,Y,4,0,1,3,A,-,09,21801,A,N,D,C,A,A,H,-,A,A,0,,,,,Y,,A,01,0,0,1,0,0,0,0,0,0,"- ","- ",,,"LOS ANGELES",BURBANK,-118.30301666259766,34.171390533447266
82191400,2023,2023-10-06,1912,2023-02-15,1712,12451,,3,5,6,1912,0,0,0,,0,,"BUENA VISTA STREET","MAGNOLIA BOULEVARD",260.00,N,N,A,-,N,,,,,,,,,,N,3,0,1,2,A,-,03,22350,,F,C,C,A,A,H,-,B,A,0,,,,,Y,,A,01,0,1,0,0,0,0,0,0,0,"- ","- ",,,"LOS ANGELES",BURBANK,-118.3350830078125,34.172630310058594
82191401,2023,2023-10-05,1912,2023-02-18,1929,14849,,6,5,6,1912,0,0,0,,0,,"ALAMEDA AVENUE","LAKE STREET",0.00,,Y,A,-,N,,,,,,,,,,N,4,0,1,2,A,-,10,21950,A,N,G,B,B,A,H,-,C,A,0,Y,,,,Y,,A,01,0,0,1,0,1,0,0,0,0,"- ","- ",34.169101715087891,-118.30548858642578,"LOS ANGELES",BURBANK,-118.30551147460938,34.169101715087891
82191402,2023,2023-10-06,1912,2023-02-19,1504,13345,,7,5,6,1912,0,0,0,,0,,"ALAMEDA AVENUE","MAIN STREET",0.00,,Y,A,-,N,,,,,,,,,,N,4,0,1,2,A,-,12,21453,A,N,D,C,A,A,H,-,A,A,0,,,,,Y,,A,01,0,0,1,0,0,0,0,0,0,"- ","- ",34.163730621337891,-118.31175994873047,"LOS ANGELES",BURBANK,-118.31174468994141,34.163692474365234
82191404,2023,2023-10-05,1912,2023-02-20,1217,13387,,1,5,6,1912,0,0,0,,0,,"SAN FERNANDO BOULEVARD","FREDERIC STREET",80.00,S,N,A,-,N,,,,,,,,,,N,4,0,3,2,A,-,05,21651,B,N,D,C,A,A,H,-,A,D,0,,,,,Y,,A,07,0,0,3,0,0,0,0,0,0,"- ","- ",34.198421478271484,-118.33872985839844,"LOS ANGELES",BURBANK,-118.33847045898438,34.198287963867188
82191405,2023,2023-10-05,1912,2023-02-20,2221,15642,,1,5,6,1912,0,0,0,,0,,"ALAMEDA AVENUE",GATEWAY,0.00,,Y,A,-,N,,,,,,,,,,N,4,0,1,2,A,-,09,21801,A,N,A,D,A,A,H,-,C,A,0,,,,,Y,,A,01,0,0,1,0,0,0,0,0,0,"- ","- ",34.173511505126953,-118.30075836181641,"LOS ANGELES",BURBANK,-118.30067200000001,34.173645999999998
82191406,2023,2023-10-05,1912,2023-02-21,1022,9393,,2,5,6,1912,0,0,0,,0,,"GLENOAKS BOULEVARD","SCOTT ROAD",20.00,N,N,B,-,N,,,,,,,,,,Y,4,0,2,2,A,-,09,21801,A,N,A,C,A,A,H,-,A,A,0,,,,,Y,,A,01,0,0,2,0,0,0,0,0,0,"- ","- ",,,"LOS ANGELES",BURBANK,-118.32476043701172,34.19671630859375
82191407,2023,2023-10-05,1912,2023-02-21,1146,13850,,2,5,6,1912,0,0,0,,0,,"BUENA VISTA STREET","CLARK AVENUE",50.00,S,N,A,-,N,,,,,,,,,,N,4,0,1,3,A,-,02,22400,A,N,C,C,A,A,H,-,A,A,0,,,,,Y,,D,22,0,0,1,0,0,0,0,0,0,"- ","- ",,,"LOS ANGELES",BURBANK,-118.33300018310547,34.168361663818359
82191408,2023,2023-10-06,1912,2023-02-23,1248,13813,,4,5,6,1912,0,0,0,,0,,"VICTORY BOULEVARD","NAOMI STREET",27.00,W,N,B,-,N,,,,,,,,,,N,3,0,2,3,A,-,08,22107,,F,H,E,A,A,H,-,A,D,0,,,,,Y,,-,99,0,1,1,0,0,0,0,0,0,"- ","- ",34.184581756591797,-118.34047698974609,"LOS ANGELES",BURBANK,-118.34062194824219,34.184623718261719
82191409,2023,2023-10-05,1912,2023-02-23,1751,15490,,4,5,6,1912,0,0,0,,0,,"EMPIRE AVENUE","AIRPORT RD",0.00,,Y,B,-,N,,,,,,,,,,Y,4,0,1,3,A,-,09,21801,A,N,D,C,A,A,H,-,A,A,0,,,,,Y,,A,07,0,0,1,0,0,0,0,0,0,"- ","- ",34.193210601806641,-118.35420227050781,"LOS ANGELES",BURBANK,-118.35420000000001,34.193263999999999
82191410,2023,2023-10-05,1912,2023-02-24,"715 ",12451,,5,5,6,1912,0,0,0,,0,,"6TH STREET","ELMWOOD AVENUE",0.00,,Y,B,C,N,,,,,,,,,,N,4,0,1,2,A,-,09,21802,A,N,D,C,A,B,H,-,A,A,0,,,,,Y,,A,01,0,0,1,0,0,0,0,0,0,"- ","- ",,,"LOS ANGELES",BURBANK,-118.29689788818359,34.180477142333984
82191411,2023,2023-10-05,1912,2023-02-24,1302,13850,,5,5,6,1912,0,0,0,,0,,"GLENOAKS BOULEVARD","TUJUNGA AVENUE",0.00,,Y,C,-,N,,,,,,,,,,Y,3,0,1,2,A,-,09,21802,B,N,D,C,A,B,H,-,A,A,0,,,,Y,Y,,A,01,0,1,0,0,0,0,0,0,0,"- ","- ",34.181549072265625,-118.30432891845703,"LOS ANGELES",BURBANK,-118.30422210693359,34.181747436523438
82191412,2023,2023-10-06,1912,2023-02-24,1754,15454,,5,5,6,1912,0,0,0,,0,,"ALAMEDA AVENUE","FLOWER STREET",0.00,,Y,C,-,N,,,,,,,,,,Y,4,0,1,2,A,-,09,21801,A,M,A,C,A,B,H,-,C,A,0,,,,,Y,,D,22,0,0,1,0,0,0,0,0,0,"- ","- ",34.171211242675781,-118.30317687988281,"LOS ANGELES",BURBANK,-118.30301666259766,34.171390533447266
82191413,2023,2023-10-06,1912,2023-02-24,2312,15490,,5,5,6,1912,0,0,0,,0,,"6TH STREET","ELMWOOD AVENUE",0.00,,Y,C,-,N,,,,,,,,,,N,4,0,1,2,A,-,03,22350,,M,C,C,A,B,H,-,D,A,0,,,,,Y,Y,A,07,0,0,1,0,0,0,0,0,0,"- ","- ",34.18048095703125,-118.29689788818359,"LOS ANGELES",BURBANK,-118.29689788818359,34.180477142333984
82191416,2023,2023-10-06,1912,2023-02-28,1201,13387,,2,5,6,1912,0,0,0,,0,,"EMPIRE AVENUE","VALPREDA STREET",500.00,E,N,B,-,N,,,,,,,,,,N,4,0,2,2,A,-,08,22107,,M,B,C,A,A,H,-,A,D,0,,,,,Y,,A,07,0,0,2,0,0,0,0,0,0,"- ","- ",,,"LOS ANGELES",BURBANK,-118.33141326904297,34.191741943359375
82191417,2023,2023-10-05,1912,2023-03-01,1358,13208,,3,5,6,1912,0,0,0,,0,,"BUENA VISTA STREET","WINONA AVENUE",15.00,N,N,B,-,N,,,,,,,,,,Y,4,0,1,2,A,-,08,22107,,N,A,C,A,A,H,-,A,A,0,,,,,Y,,A,01,0,0,1,0,0,0,0,0,0,"- ","- ",34.199558258056641,-118.33786010742188,"LOS ANGELES",BURBANK,-118.33783721923828,34.199680328369141
82191418,2023,2023-10-05,1912,2023-03-02,1408,13387,,4,5,6,1912,0,0,0,,0,,"VICTORY BOULEVARD","ORCHARD DRIVE",8.00,E,N,A,-,N,,,,,,,,,,Y,4,0,1,2,A,-,09,21802,A,N,D,C,A,A,H,-,A,A,0,,,,,Y,,A,01,0,0,1,0,0,0,0,0,0,"- ","- ",34.184280395507812,-118.33065032958984,"LOS ANGELES",BURBANK,-118.33057403564453,34.184471130371094
82191419,2023,2023-10-05,1912,2023-03-03,"555 ",15508,,5,5,6,1912,0,0,0,,0,,"ORANGE GROVE AVENUE","VICTORY BOULEVARD",9.00,E,N,A,-,N,,,,,,,,,,N,3,0,1,2,A,-,10,21950,A,N,G,B,B,A,H,-,C,D,0,Y,,,,Y,,A,01,0,1,0,0,1,0,0,0,0,"- ","- ",34.174900054931641,-118.317138671875,"LOS ANGELES",BURBANK,-118.31712341308594,34.174858093261719
82191420,2023,2023-10-05,1912,2023-03-03,1020,13813,,5,5,6,1912,0,0,0,,0,,"BUENA VISTA STREET","VERDUGO AVENUE",0.00,,Y,A,-,N,,,,,,,,,,N,3,0,1,2,A,-,12,21453,A,N,D,C,A,A,H,-,A,D,0,,,,,Y,,A,01,0,1,0,0,0,0,0,0,0,"- ","- ",,,"LOS ANGELES",BURBANK,-118.33145141601562,34.165069580078125
82191421,2023,2023-10-05,1912,2023-03-03,1407,15454,,5,5,6,1912,0,0,0,,0,,"GLENOAKS BOULEVARD","WINONA AVENUE",0.00,,Y,A,-,N,,,,,,,,,,Y,3,0,1,2,A,-,09,21801,A,N,E,I,A,A,H,-,A,A,0,,,Y,,Y,,A,07,0,1,0,0,0,0,0,0,1,"- ","- ",34.198921203613281,-118.32801818847656,"LOS ANGELES",BURBANK,-118.32798004150391,34.199062347412109
82191422,2023,2023-10-05,1912,2023-03-04,"23  ",15490,,6,5,6,1912,0,0,0,,0,,"OLIVE AVENUE","PASS AVENUE",0.00,,Y,A,-,N,,,,,,,,,,Y,4,0,1,2,A,-,01,23152,F,N,C,C,A,A,H,-,C,A,0,,,,,Y,,A,07,0,0,1,0,0,0,0,0,0,"- ","- ",,,"LOS ANGELES",BURBANK,-118.34230804443359,34.148826599121094
82191423,2023,2023-10-05,1912,2023-03-04,1001,15508,,6,5,6,1912,0,0,0,,0,,"ALAMEDA AVENUE","FLOWER STREET",0.00,,Y,A,-,N,,,,,,,,,,Y,4,0,1,4,A,-,09,21801,A,N,A,C,A,A,H,-,A,A,0,,,,,Y,,A,01,0,0,1,0,0,0,0,0,0,"- ","- ",34.171428680419922,-118.30303955078125,"LOS ANGELES",BURBANK,-118.30301666259766,34.171390533447266
82191424,2023,2023-10-05,1912,2023-03-04,1224,15508,,6,5,6,1912,0,0,0,,0,,"OLIVE AVENUE","BEACHWOOD DRIVE",4.00,W,N,A,-,N,,,,,,,,,,N,4,0,1,3,A,-,09,21802,A,N,D,C,A,A,H,-,A,D,0,,,,,Y,,A,01,0,0,1,0,0,0,0,0,0,"- ","- ",34.168758392333984,-118.32154846191406,"LOS ANGELES",BURBANK,-118.32144165039062,34.168903350830078
82191425,2023,2023-10-05,1912,2023-03-06,1532,15728,1912,1,5,6,1912,0,0,0,,0,00E,"NORTH VICTORY BOULEVARD","NORTH CURB LINE OF CYPRESS AVENUE",244.00,N,N,A,-,N,,,,,,,,,,N,4,0,1,2,A,-,03,22350,,N,C,C,A,A,H,-,A,D,0,,,,,Y,,A,01,0,0,1,0,0,0,0,0,0,"- ","- ",,,"LOS ANGELES",BURBANK,-118.31953430175781,34.179771423339844
82191426,2023,2023-10-05,1912,2023-03-07,1546,15728,1912,2,5,6,1912,0,0,0,,0,00I,"VICTORY BOULEVARD","MARIPOSA STREET",0.00,,Y,A,-,N,,,,,,,,,,Y,3,0,2,2,A,-,09,21802,A,N,D,C,A,A,H,-,A,A,0,,,,,Y,,D,22,0,1,1,0,0,0,0,0,0,"- ","- ",34.184360504150391,-118.32521057128906,"LOS ANGELES",BURBANK,-118.32521057128906,34.184349060058594
82191429,2023,2023-10-05,1912,2023-03-08,"848 ",15728,1912,3,5,6,1912,0,0,0,,0,00G,"BUENA VISTA STREET","RIVERSIDE DRIVE",0.00,,Y,A,-,N,,,,,,,,,,N,4,0,1,2,A,-,08,22101,D,N,B,C,A,A,H,-,A,A,0,,,,,Y,,A,01,0,0,1,0,0,0,0,0,0,"- ","- ",34.154121398925781,-118.326171875,"LOS ANGELES",BURBANK,-118.32617950439453,34.154155731201172
82191430,2023,2023-10-05,1912,2023-03-08,1115,15728,1912,3,5,6,1912,0,0,0,,0,00J,"VANOWEN STREET","HOLLYWOOD WAY",233.00,W,N,A,-,N,,,,,,,,,,N,4,0,2,2,A,-,07,21658,A,N,B,C,A,A,H,-,A,D,0,,,,,Y,,A,01,0,0,2,0,0,0,0,0,0,"- ","- ",34.191780090332031,-118.34892272949219,"LOS ANGELES",BURBANK,-118.34969329833984,34.191928863525391
82191432,2023,2023-10-06,1912,2023-03-09,1001,13850,,4,5,6,1912,0,0,0,,0,,"MAGNOLIA BOULEVARD","VICTORY BOULEVARD",0.00,,Y,A,-,N,,,,,,,,,,N,3,0,1,2,A,-,09,21804,A,F,D,G,A,A,H,-,A,A,0,,Y,,,Y,,L,04,0,1,0,0,0,0,1,0,0,"- ","- ",,,"LOS ANGELES",BURBANK,-118.31842041015625,34.177482604980469
82191433,2023,2023-10-06,1912,2023-03-09,1233,13208,,4,5,6,1912,0,0,0,,0,,"TUJUNGA AVENUE","SUNSET CANYON DRIVE",0.00,,Y,A,-,N,,,,,,,,,,N,3,0,2,3,A,-,10,21950,A,N,G,B,B,A,H,-,A,A,0,Y,,,,Y,,A,01,0,1,1,0,2,0,0,0,0,"- ","- ",34.190738677978516,-118.29450988769531,"LOS ANGELES",BURBANK,-118.29444885253906,34.190982818603516
82191434,2023,2023-10-05,1912,2023-03-09,1233,15454,,4,5,6,1912,0,0,0,,0,,"MAGNOLIA BOULEVARD","1ST STREET",25.00,W,N,A,-,N,,,,,,,,,,N,4,0,1,2,A,-,03,22350,,N,C,C,A,A,H,-,A,D,0,,,,,Y,,A,01,0,0,1,0,0,0,0,0,0,"- ","- ",34.181900024414062,-118.31301116943359,"LOS ANGELES",BURBANK,-118.31305694580078,34.181827545166016
82191435,2023,2023-10-05,1912,2023-03-10,1515,15454,,5,5,6,1912,0,0,0,,0,,"MAGNOLIA BOULEVARD","CATALINA STREET",0.00,,Y,C,-,N,,,,,,,,,,N,4,0,1,2,A,-,10,21950,A,N,G,B,B,B,H,-,A,A,0,Y,,,,Y,,A,01,0,0,1,0,1,0,0,0,0,"- ","- ",34.170558929443359,-118.3388671875,"LOS ANGELES",BURBANK,-118.33891296386719,34.170578002929688
82191437,2023,2023-10-06,1912,2023-03-11,1232,14333,,6,5,6,1912,0,0,0,,0,,"LAKE STREET","ALAMEDA AVENUE",0.00,,Y,B,-,N,,,,,,,,,,N,4,0,1,2,A,-,08,22107,,F,B,C,A,B,H,-,A,A,0,,,,Y,Y,Y,F,86,0,0,1,0,0,0,0,0,0,"- ","- ",34.169101715087891,-118.30548858642578,"LOS ANGELES",BURBANK,-118.30551147460938,34.169101715087891
82191438,2023,2023-10-05,1912,2023-03-11,1809,15490,,6,5,6,1912,0,0,0,,0,,"CYPRESS AVENUE","6TH STREET",107.00,E,N,A,-,N,,,,,,,,,,N,4,0,1,2,A,-,09,21804,A,N,D,C,A,A,H,-,B,D,0,,,,,Y,,A,01,0,0,1,0,0,0,0,0,0,"- ","- ",34.188899993896484,-118.30876922607422,"LOS ANGELES",BURBANK,-118.30849456787109,34.189289093017578
82191439,2023,2023-10-05,1912,2023-03-13,1525,11832,,1,5,6,1912,0,0,0,,0,,"VERDUGO AVENUE","MYERS STREET",20.00,W,N,A,-,N,,,,,,,,,,N,4,0,1,2,A,-,03,22350,,N,C,C,A,A,H,-,A,A,0,,,,,Y,,A,01,0,0,1,0,0,0,0,0,0,"- ","- ",,,"LOS ANGELES",BURBANK,-118.328369140625,34.166130065917969
82191440,2023,2023-10-05,1912,2023-03-14,1305,15454,,2,5,6,1912,0,0,0,,0,,"CLARK AVENUE","VALLEY STREET",0.00,,Y,C,-,N,,,,,,,,,,Y,4,0,1,2,A,-,09,21802,A,N,D,C,A,B,H,-,A,A,0,,,,,Y,,A,01,0,0,1,0,0,0,0,0,0,"- ","- ",34.162040710449219,-118.35253143310547,"LOS ANGELES",BURBANK,-118.35244750976562,34.162029266357422
82191441,2023,2023-10-05,1912,2023-03-14,1444,13377,,2,5,6,1912,0,0,0,,0,,"CLARK AVENUE","EVERGREEN STREET",0.00,,Y,B,C,N,,,,,,,,,,N,4,0,2,2,A,-,09,21802,A,N,D,C,A,B,H,-,A,A,0,,,,,Y,,A,01,0,0,2,0,0,0,0,0,0,"- ","- ",,,"LOS ANGELES",BURBANK,-118.35037231445312,34.162731170654297
82191442,2023,2023-10-05,1912,2023-03-15,1046,13813,,3,5,6,1912,0,0,0,,0,,"VICTORY BOULEVARD","MAPLE STREET",0.00,,Y,C,-,N,,,,,,,,,,N,3,0,5,2,A,-,12,21453,A,N,D,C,A,B,H,-,A,A,0,,,,,Y,,A,01,0,2,3,0,0,0,0,0,0,"- ","- ",34.184738159179688,-118.35362243652344,"LOS ANGELES",BURBANK,-118.35356140136719,34.184799194335938
82191443,2023,2023-10-05,1912,2023-03-15,1113,11832,,3,5,6,1912,0,0,0,,0,,"OLIVE AVENUE","GRIFFITH PARK DRIVE",0.00,,Y,B,C,N,,,,,,,,,,N,4,0,1,3,A,-,09,21802,A,N,D,C,A,B,H,-,A,A,0,,,,,Y,,A,07,0,0,1,0,0,0,0,0,0,"- ","- ",,,"LOS ANGELES",BURBANK,-118.32066345214844,34.169643402099609
82191444,2023,2023-10-05,1912,2023-03-15,1256,13850,,3,5,6,1912,0,0,0,,0,,"BURBANK BOULEVARD","VICTORY PLACE",50.00,E,N,B,-,N,,,,,,,,,,N,3,0,1,2,A,-,08,22107,,N,B,C,A,B,H,-,A,D,0,,,,,Y,,A,01,0,1,0,0,0,0,0,0,0,"- ","- ",,,"LOS ANGELES",BURBANK,-118.32155609130859,34.184337615966797
82191446,2023,2023-10-05,1912,2023-03-17,1539,14849,,5,5,6,1912,0,0,0,,0,,"FLOWER STREET","VERDUGO AVENUE",80.00,N,N,A,-,N,,,,,,,,,,N,4,0,1,2,A,-,17,22517,,N,H,G,A,A,H,-,A,D,0,,Y,,,Y,,A,01,0,0,1,0,0,0,1,0,0,"- ","- ",34.175449371337891,-118.30912780761719,"LOS ANGELES",BURBANK,-118.30935668945312,34.175586700439453
82191447,2023,2023-10-05,1912,2023-03-17,2033,15454,,5,5,6,1912,0,0,0,,0,,"CLARK AVENUE","EVERGREEN STREET",0.00,,Y,A,-,N,,,,,,,,,,Y,2,0,1,3,A,-,01,23152,A,F,G,B,F,A,H,-,C,A,0,Y,,,,Y,Y,D,22,1,0,0,0,1,0,0,0,0,"- ","- ",34.162689208984375,-118.35054779052734,"LOS ANGELES",BURBANK,-118.35037231445312,34.162731170654297
82191449,2023,2023-10-05,1912,2023-03-19,"936 ",13850,,7,5,6,1912,0,0,0,,0,,"VICTORY BOULEVARD","ALAMEDA AVENUE",100.00,S,N,B,-,N,,,,,,,,,,Y,2,0,1,1,A,-,03,22350,,N,E,I,A,A,H,-,A,A,0,,,Y,,Y,,C,03,1,0,0,0,0,0,0,0,1,"- ","- ",,,"LOS ANGELES",BURBANK,-118.30770111083984,34.166599273681641
82191450,2023,2023-10-05,1912,2023-03-19,1419,14329,,7,5,6,1912,0,0,0,,0,,"PARISH PLACE","ORCHID LANE",50.00,S,N,C,-,N,,,,,,,,,,Y,3,0,1,4,A,-,21,22106,,N,B,E,A,B,H,-,A,D,0,,,,,Y,,A,01,0,1,0,0,0,0,0,0,0,"- ","- ",34.205371856689453,-118.33122253417969,"LOS ANGELES",BURBANK,,
82191451,2023,2023-10-05,1912,2023-03-19,1754,13345,,7,5,6,1912,0,0,0,,0,,"VICTORY PLACE","EMPIRE AVENUE",160.00,S,N,A,-,N,,,,,,,,,,N,3,0,2,2,A,-,03,22350,,N,C,C,A,A,H,-,A,A,0,,,,,Y,,A,01,0,1,1,0,0,0,0,0,0,"- ","- ",34.192001342773438,-118.32932281494141,"LOS ANGELES",BURBANK,-118.32888793945312,34.191799163818359
82191452,2023,2023-10-05,1912,2023-03-22,"557 ",13387,,3,5,6,1912,0,0,0,,0,,"EMPIRE AVENUE","AVENUE A",280.00,W,N,B,C,N,,,,,,,,,,Y,3,0,1,2,A,-,03,22350,,N,C,C,A,B,H,-,C,A,0,,,,,Y,,A,01,0,1,0,0,0,0,0,0,0,"- ","- ",34.193279266357422,-118.35414123535156,"LOS ANGELES",BURBANK,,
82191453,2023,2023-10-05,1912,2023-03-22,"839 ",13813,,3,5,6,1912,0,0,0,,0,,"BUENA VISTA STREET","MAGNOLIA BOULEVARD",0.00,,Y,C,-,N,,,,,,,,,,N,4,0,1,2,A,-,09,21801,A,N,A,C,A,B,H,-,A,A,0,,,,,Y,,A,01,0,0,1,0,0,0,0,0,0,"- ","- ",34.171859741210938,-118.33489990234375,"LOS ANGELES",BURBANK,-118.33475494384766,34.171974182128906
82191454,2023,2023-10-05,1912,2023-03-24,1626,12451,,5,5,6,1912,0,0,0,,0,,"3RD STREET","SAN JOSE AVENUE",0.00,,Y,A,-,N,,,,,,,,,,Y,3,0,1,3,A,-,09,21804,A,N,B,C,A,A,H,-,A,A,0,,,,,Y,,A,01,0,1,0,0,0,0,0,0,0,"- ","- ",,,"LOS ANGELES",BURBANK,-118.31142425537109,34.184944152832031
82191456,2023,2023-10-06,1912,2023-03-26,2320,15633,1912,7,5,6,1912,0,0,0,,0,00G,"PASS AVENUE","ALAMEDA AVENUE",255.00,N,N,A,-,N,,,,,,,,,,Y,4,0,1,2,A,-,08,22107,,F,B,C,A,A,H,-,C,A,0,,,,,Y,,A,01,0,0,1,0,0,0,0,0,0,"- ","- ",34.15277099609375,-118.34438323974609,"LOS ANGELES",BURBANK,-118.34471893310547,34.153415679931641
82191457,2023,2023-10-05,1912,2023-03-27,1322,13387,,1,5,6,1912,0,0,0,,0,,"ANGELENO AVENUE","1ST STREET",0.00,,Y,A,-,N,,,,,,,,,,Y,4,0,2,2,A,-,12,21453,A,N,D,C,A,A,H,-,A,A,0,,,,,Y,,A,01,0,0,2,0,0,0,0,0,0,"- ","- ",34.178741455078125,-118.30905914306641,"LOS ANGELES",BURBANK,-118.30895233154297,34.178913116455078
82191458,2023,2023-10-05,1912,2023-03-28,"822 ",12451,,2,5,6,1912,0,0,0,,0,,"BURBANK BOULEVARD","EDISON BOULEVARD",0.00,,Y,A,-,N,,,,,,,,,,Y,3,0,2,2,A,-,12,21453,A,N,F,C,A,A,H,-,A,A,0,,,,,Y,,A,01,0,2,0,0,0,0,0,0,0,"- ","- ",,,"LOS ANGELES",BURBANK,-118.35025024414062,34.1746826171875
82191460,2023,2023-10-05,1912,2023-01-23,1521,11832,,1,5,6,1912,0,0,0,,0,,"RIVERSIDE DRIVE","KEYSTONE STREET",560.00,W,N,A,-,N,,,,,,,,,,Y,4,0,1,2,A,-,03,22350,,N,C,C,A,A,H,-,A,A,0,,,,,Y,,A,08,0,0,1,0,0,0,0,0,0,"- ","- ",,,"LOS ANGELES",BURBANK,-118.32406616210938,34.155601501464844
82191461,2023,2023-10-05,1912,2023-01-24,1112,9393,,2,5,6,1912,0,0,0,,0,,"GLENOAKS BOULEVARD","SANTA ANITA AVENUE",0.00,,Y,A,-,N,,,,,,,,,,N,3,0,1,2,A,-,09,21801,A,N,D,C,A,A,H,-,A,D,0,,,,,Y,,A,01,0,1,0,0,0,0,0,0,0,"- ","- ",,,"LOS ANGELES",BURBANK,-118.30229187011719,34.180316925048828
82191462,2023,2023-10-05,1912,2023-01-24,1730,13208,1912,2,5,6,1912,0,0,0,,0,,"RIVERSIDE DRIVE","SPARKS STREET",21.00,E,N,A,-,N,,,,,,,,,,N,3,0,1,1,A,-,03,22350,,N,E,J,A,A,B,-,C,D,0,,Y,,,Y,,L,04,0,1,0,0,0,0,1,0,0,"- ","- ",34.157501220703125,-118.31709289550781,"LOS ANGELES",BURBANK,-118.31707763671875,34.157585144042969
82191463,2023,2023-10-05,1912,2023-01-25,"836 ",13850,,3,5,6,1912,0,0,0,,0,,"MAGNOLIA BOULEVARD","MARIPOSA STREET",50.00,W,N,A,-,N,,,,,,,,,,N,4,0,1,2,A,-,03,22350,,N,C,C,A,A,H,-,A,A,0,,,,,Y,,A,07,0,0,1,0,0,0,0,0,0,"- ","- ",,,"LOS ANGELES",BURBANK,-118.32270050048828,34.176017761230469
82191465,2023,2023-10-05,1912,2023-01-25,1815,13377,,3,5,6,1912,0,0,0,,0,,"BURBANK BOULEVARD","BRIGHTON STREET (W)",0.00,,Y,A,-,N,,,,,,,,,,Y,4,0,1,2,A,-,12,22450,A,N,D,C,A,A,H,-,A,D,0,,,,,Y,,A,01,0,0,1,0,0,0,0,0,0,"- ","- ",,,"LOS ANGELES",BURBANK,-118.33721923828125,34.179039001464844
82191466,2023,2023-10-05,1912,2023-01-26,1144,13387,,4,5,6,1912,0,0,0,,0,,"OLIVE AVENUE","GLENOAKS BOULEVARD",0.00,,Y,A,-,N,,,,,,,,,,Y,3,0,3,2,A,-,12,21453,A,N,D,C,A,A,H,-,A,A,0,,,,,Y,,A,07,0,1,2,0,0,0,0,0,0,"- ","- ",34.183010101318359,-118.30632019042969,"LOS ANGELES",BURBANK,-118.30626678466797,34.183223724365234
82191467,2023,2023-10-05,1912,2023-01-26,1401,13850,,4,5,6,1912,0,0,0,,0,,"RIVERSIDE DRIVE","KENWOOD STREET",0.00,,Y,A,-,N,,,,,,,,,,N,3,0,1,2,A,-,09,21801,A,N,A,C,A,A,H,-,A,A,0,,,Y,,Y,,D,22,0,1,0,0,0,0,0,0,1,"- ","- ",34.152328491210938,-118.34178924560547,"LOS ANGELES",BURBANK,-118.34185791015625,34.152336120605469
82191468,2023,2023-10-05,1912,2023-01-26,1533,13377,,4,5,6,1912,0,0,0,,0,,"BUENA VISTA STREET","OLIVE AVENUE",130.00,S,N,A,-,N,,,,,,,,,,Y,4,0,4,2,A,-,09,21804,A,N,D,C,A,A,H,-,A,D,0,,,,,Y,,A,01,0,0,4,0,0,0,0,0,0,"- ","- ",,,"LOS ANGELES",BURBANK,-118.32939910888672,34.160820007324219
82191470,2023,2023-10-05,1912,2023-01-27,1655,15454,,5,5,6,1912,0,0,0,,0,,"DELAWARE ROAD","3RD STREET",0.00,,Y,A,-,N,,,,,,,,,,N,4,0,1,2,A,-,12,22450,A,N,D,C,A,A,H,-,A,A,0,,,,,Y,,-,"- ",0,0,1,0,0,0,0,0,0,"- ","- ",34.189151763916016,-118.31728363037109,"LOS ANGELES",BURBANK,-118.31724548339844,34.189109802246094
82191471,2023,2023-10-05,1912,2023-01-28,1030,15407,,6,5,6,1912,0,0,0,,0,,"VERDUGO AVENUE","SCREENLAND DRIVE",0.00,,Y,A,-,N,,,,,,,,,,N,4,0,1,2,A,-,06,21755,A,N,D,C,A,A,H,-,A,D,0,,,,,Y,,A,01,0,0,1,0,0,0,0,0,0,"- ","- ",34.160678863525391,-118.34464263916016,"LOS ANGELES",BURBANK,-118.34469604492188,34.160652160644531
82191474,2023,2023-10-05,1912,2023-01-30,"959 ",13208,1912,1,5,6,1912,0,0,0,,0,,"HOLLYWOOD WAY","MAGNOLIA BOULEVARD",0.00,,Y,B,-,N,,,,,,,,,,N,4,0,1,2,A,-,03,22350,,N,C,C,A,B,H,-,A,A,0,,,,,Y,,A,01,0,0,1,0,0,0,0,0,0,"- ","- ",34.167800903320312,-118.34713745117188,"LOS ANGELES",BURBANK,-118.34701538085938,34.167869567871094
82191476,2023,2023-10-05,1912,2023-01-30,1341,11832,,1,5,6,1912,0,0,0,,0,,"VICTORY BOULEVARD","OLIVE AVENUE",50.00,N,N,B,-,N,,,,,,,,,,N,4,0,3,2,A,-,03,22350,,N,C,C,A,A,H,-,A,A,0,,,,,Y,,D,22,0,0,3,0,0,0,0,0,0,"- ","- ",,,"LOS ANGELES",BURBANK,,
82191478,2023,2023-10-05,1912,2023-01-30,1515,13208,,1,5,6,1912,0,0,0,,0,,"HOLLYWOOD WAY","VALHALLA DRIVE",120.00,N,N,B,-,N,,,,,,,,,,N,3,0,2,2,A,-,07,21658,A,N,B,C,A,B,H,-,A,A,0,,,,,Y,,A,01,0,1,1,0,0,0,0,0,0,"- ","- ",34.190219879150391,-118.34902954101562,"LOS ANGELES",BURBANK,-118.3489990234375,34.190509796142578
82191479,2023,2023-10-05,1912,2023-01-30,1532,13387,,1,5,6,1912,0,0,0,,0,,"BURBANK BOULEVARD","EDISON BOULEVARD",0.00,,Y,B,-,N,,,,,,,,,,N,4,0,1,2,A,-,12,21453,A,N,D,C,A,A,H,-,A,A,0,,,,,Y,,A,01,0,0,1,0,0,0,0,0,0,"- ","- ",,,"LOS ANGELES",BURBANK,-118.35025024414062,34.1746826171875
82191481,2023,2023-10-05,1912,2023-01-31,1017,11832,,2,5,6,1912,0,0,0,,0,,"RIVERSIDE DRIVE","ROSE STREET",96.00,E,N,A,-,N,,,,,,,,,,N,3,0,1,1,A,-,03,22350,,N,F,A,A,A,H,-,A,A,0,,,Y,,Y,,C,02,0,1,0,0,0,0,0,0,1,"- ","- ",,,"LOS ANGELES",BURBANK,-118.34615325927734,34.152229309082031
82191482,2023,2023-10-05,1912,2023-01-31,1504,13208,,2,5,6,1912,0,0,0,,0,,"MAGNOLIA BOULEVARD","NAOMI STREET",25.00,W,N,A,-,N,,,,,,,,,,N,3,0,3,2,A,-,03,22350,,N,C,C,A,A,H,-,A,D,0,,,,,Y,,A,01,0,1,2,0,0,0,0,0,0,"- ","- ",34.171230316162109,-118.33683776855469,"LOS ANGELES",BURBANK,-118.33692932128906,34.171245574951172
82191483,2023,2023-10-05,1912,2023-01-31,2255,15259,,2,5,6,1912,0,0,0,,0,,"CHANDLER BOULEVARD","MARIPOSA STREET",7.00,E,N,A,-,N,,,,,,,,,,Y,4,0,1,1,C,-,18,,,N,E,I,A,A,H,-,C,A,0,,,,,Y,,-,"- ",0,0,1,0,0,0,0,0,0,"- ","- ",34.179649353027344,-118.32424163818359,"LOS ANGELES",BURBANK,,
82191486,2023,2023-10-05,1912,2023-02-01,1040,13813,,3,5,6,1912,0,0,0,,0,,"1ST STREET","MAGNOLIA BOULEVARD",3.00,S,N,A,-,N,,,,,,,,,,N,2,0,1,2,A,-,11,21451,C,N,G,B,B,A,H,-,A,A,0,Y,,,,Y,,N,60,1,0,0,0,1,0,0,0,0,"- ","- ",34.181900024414062,-118.31301116943359,"LOS ANGELES",BURBANK,-118.31299591064453,34.181873321533203
82191487,2023,2023-10-05,1912,2023-02-01,1139,13850,,3,5,6,1912,0,0,0,,0,,"ALAMEDA AVENUE","LAMER STREET",0.00,,Y,A,-,N,,,,,,,,,,Y,4,0,1,2,A,-,09,21802,A,N,D,C,A,A,H,-,A,A,0,,,,,Y,,A,07,0,0,1,0,0,0,0,0,0,"- ","- ",,,"LOS ANGELES",BURBANK,-118.32298278808594,34.159942626953125
82191489,2023,2023-10-05,1912,2023-02-01,1600,11832,,3,5,6,1912,0,0,0,,0,,"GLENWOOD PLACE","MAGNOLIA BOULEVARD",272.00,S,N,A,-,N,,,,,,,,,,Y,3,0,1,2,A,-,01,23152,A,N,B,E,A,A,H,-,A,D,0,,,,,Y,Y,A,01,0,1,0,0,0,0,0,0,0,"- ","- ",,,"LOS ANGELES",BURBANK,-118.31918334960938,34.176399230957031
82191492,2023,2023-10-05,1912,2023-02-04,2000,14849,,6,5,6,1912,0,0,0,,0,,"VICTORY BOULEVARD","ISABEL STREET",0.00,,Y,A,-,N,,,,,,,,,,Y,4,0,1,2,A,-,09,21801,A,N,D,C,A,A,H,-,C,D,0,,,Y,,Y,,A,01,0,0,1,0,0,0,0,0,1,"- ","- ",34.183170318603516,-118.32115936279297,"LOS ANGELES",BURBANK,-118.3211669921875,34.183132171630859
82192600,2023,2023-10-06,1912,2023-03-28,"749 ",13387,,2,5,6,1912,0,0,0,,0,,"ALAMEDA AVENUE","SAN FERNANDO BOULEVARD",0.00,,Y,A,-,N,,,,,,,,,,Y,4,0,4,2,A,-,12,21453,A,N,D,C,A,A,H,-,A,A,0,,,,,Y,,A,08,0,0,4,0,0,0,0,0,0,"- ","- ",34.1744384765625,-118.29988861083984,"LOS ANGELES",BURBANK,-118.29988098144531,34.174423217773438
82192601,2023,2023-10-06,1912,2023-03-31,1002,13850,,5,5,6,1912,0,0,0,,0,,"VALENCIA AVENUE","VICTORY BOULEVARD",647.00,W,N,A,-,N,,,,,,,,,,Y,3,0,1,2,A,-,03,22350,,N,B,E,A,A,H,-,A,D,0,,,,,Y,,A,01,0,1,0,0,0,0,0,0,0,"- ","- ",34.167320251464844,-118.30905914306641,"LOS ANGELES",BURBANK,-118.31031036376953,34.1661376953125
82192602,2023,2023-10-06,1912,2023-03-31,2009,15490,,5,5,6,1912,0,0,0,,0,,"BONNYWOOD PLACE","ORANGE GROVE AVENUE",37.00,S,N,A,-,N,,,,,,,,,,Y,4,0,1,2,A,-,03,22350,,N,C,C,A,A,H,-,C,D,0,,,,,Y,,A,07,0,0,1,0,0,0,0,0,0,"- ","- ",34.179550170898438,-118.31188201904297,"LOS ANGELES",BURBANK,-118.31172180175781,34.179637908935547
82192606,2023,2023-10-06,1912,2023-04-04,"823 ",13850,,2,5,6,1912,0,0,0,,0,,"VICTORY BOULEVARD","ELMWOOD AVENUE (W)",0.00,,Y,A,-,N,,,,,,,,,,Y,4,0,2,2,A,-,12,21453,A,N,D,C,A,A,H,-,A,A,0,,,,,Y,,A,01,0,0,2,0,0,0,0,0,0,"- ","- ",,,"LOS ANGELES",BURBANK,-118.31018829345703,34.168418884277344
82192607,2023,2023-10-06,1912,2023-04-04,1226,13850,,2,5,6,1912,0,0,0,,0,,"GLENOAKS BOULEVARD","BUENA VISTA STREET",0.00,,Y,A,-,N,,,,,,,,,,Y,3,0,2,2,A,-,09,21801,A,N,D,C,A,A,A,-,A,A,0,,,,,Y,,D,22,0,1,1,0,0,0,0,0,0,"- ","- ",,,"LOS ANGELES",BURBANK,-118.33768463134766,34.204940795898438
82192608,2023,2023-10-06,1912,2023-04-05,1714,13208,,3,5,6,1912,0,0,0,,0,,"SUNSET CANYON DRIVE","ELMWOOD AVENUE",0.00,,Y,A,-,N,,,,,,,,,,N,4,0,2,2,A,-,12,22450,A,N,D,C,A,A,H,-,A,A,0,,,,,Y,,A,01,0,0,2,0,0,0,0,0,0,"- ","- ",34.187919616699219,-118.28977203369141,"LOS ANGELES",BURBANK,-118.28974914550781,34.187877655029297
82192609,2023,2023-10-06,1912,2023-04-07,1353,13813,,5,5,6,1912,0,0,0,,0,,"SAN FERNANDO BOULEVARD","LINCOLN STREET",496.00,E,N,A,-,N,,,,,,,,,,N,3,0,3,2,A,-,05,21650,,N,A,C,A,A,H,-,A,D,0,,,,,Y,,A,01,0,2,1,0,0,0,0,0,0,"- ","- ",34.196151733398438,-118.33576202392578,"LOS ANGELES",BURBANK,,
82192610,2023,2023-10-06,1912,2023-04-09,1740,14527,,7,5,6,1912,0,0,0,,0,,"GLENOAKS BOULEVARD","FAIRMOUNT ROAD",105.00,S,N,A,-,N,,,,,,,,,,Y,3,0,1,3,A,-,07,21658,A,N,B,E,A,A,H,-,A,D,0,,,,,Y,,A,01,0,1,0,0,0,0,0,0,0,"- ","- ",34.188949584960938,-118.31410217285156,"LOS ANGELES",BURBANK,-118.31386566162109,34.188770294189453
82192612,2023,2023-10-09,1912,2023-04-11,1700,15454,,2,5,6,1912,0,0,0,,0,,"RIVERSIDE DRIVE","OLIVE AVENUE",20.00,N,N,A,-,N,,,,,,,,,,N,4,0,1,2,A,-,03,22350,,F,C,C,A,A,H,-,A,D,0,,,,,Y,,-,99,0,0,1,0,0,0,0,0,0,"- ","- ",34.152900695800781,-118.33822631835938,"LOS ANGELES",BURBANK,,
82192613,2023,2023-10-06,1912,2023-04-13,1433,13377,,4,5,6,1912,0,0,0,,0,,"EMPIRE AVENUE","HOLLYWOOD WAY",15.00,E,N,A,B,N,,,,,,,,,,Y,4,0,2,2,A,-,12,21453,A,N,D,C,A,A,H,-,A,A,0,,,,,Y,,A,07,0,0,2,0,0,0,0,0,0,"- ","- ",,,"LOS ANGELES",BURBANK,-118.34888458251953,34.192272186279297
82192614,2023,2023-10-06,1912,2023-04-13,1646,12451,,4,5,6,1912,0,0,0,,0,,"IKEA WAY","SANTA ANITA AVENUE",0.00,,Y,B,-,N,,,,,,,,,,N,4,0,1,2,A,-,05,21650,1,N,B,G,A,A,H,-,A,A,0,,Y,,,Y,,L,04,0,0,1,0,0,0,1,0,0,"- ","- ",,,"LOS ANGELES",BURBANK,-118.30604553222656,34.176799774169922
82192615,2023,2023-10-06,1912,2023-04-13,1651,13208,,4,5,6,1912,0,0,0,,0,,"MAGNOLIA BOULEVARD","SCREENLAND DRIVE",0.00,,Y,B,-,N,,,,,,,,,,Y,3,0,2,2,A,-,12,21453,A,N,D,C,A,A,H,-,A,A,0,,,,,Y,,A,01,0,1,1,0,0,0,0,0,0,"- ","- ",34.167469024658203,-118.34815216064453,"LOS ANGELES",BURBANK,-118.34799194335938,34.167537689208984
82192616,2023,2023-10-06,1912,2023-04-13,1706,13813,,4,5,6,1912,0,0,0,,0,,"BUENA VISTA STREET","THORNTON AVENUE",0.00,,Y,B,-,N,,,,,,,,,,N,4,0,2,2,A,-,12,21453,A,N,D,C,A,A,H,-,A,A,0,,,,,Y,,A,01,0,0,2,0,0,0,0,0,0,"- ","- ",34.195419311523438,-118.33798217773438,"LOS ANGELES",BURBANK,-118.33795928955078,34.195518493652344
82192618,2023,2023-10-06,1912,2023-04-14,1428,12451,,5,5,6,1912,0,0,0,,0,,"MAGNOLIA BOULEVARD","GLENWOOD PLACE",40.00,W,N,B,-,N,,,,,,,,,,N,4,0,3,3,A,-,03,22350,,N,C,C,A,A,H,-,A,A,0,,,,,Y,,A,07,0,0,3,0,0,0,0,0,0,"- ","- ",,,"LOS ANGELES",BURBANK,-118.31964111328125,34.177047729492188
82192620,2023,2023-10-06,1912,2023-04-16,1125,13858,,7,5,6,1912,0,0,0,,0,,"VICTORY PLACE","BURBANK BOULEVARD",0.00,,Y,A,-,N,,,,,,,,,,Y,3,0,2,3,A,-,12,21453,A,N,D,C,A,A,H,-,A,A,0,,,,,Y,,A,01,0,1,1,0,0,0,0,0,0,"- ","- ",34.184291839599609,-118.32170104980469,"LOS ANGELES",BURBANK,-118.32170867919922,34.184284210205078
82192621,2023,2023-10-06,1912,2023-04-17,"805 ",13387,,1,5,6,1912,0,0,0,,0,,"VERDUGO AVENUE","EVERGREEN STREET",18.00,E,N,A,-,N,,,,,,,,,,N,4,0,1,2,A,-,03,22350,,N,C,C,A,A,H,-,A,D,0,,,,,Y,,A,01,0,0,1,0,0,0,0,0,0,"- ","- ",34.159309387207031,-118.34873199462891,"LOS ANGELES",BURBANK,-118.34856414794922,34.159358978271484
82192623,2023,2023-10-06,1912,2023-04-17,1320,13387,,1,5,6,1912,0,0,0,,0,,"MAGNOLIA BOULEVARD","NAOMI STREET",80.00,E,N,B,-,N,,,,,,,,,,N,3,0,2,2,A,-,03,22350,,N,C,C,A,A,H,-,A,D,0,,,,,Y,,A,01,0,1,1,0,0,0,0,0,0,"- ","- ",,,"LOS ANGELES",BURBANK,-118.33660888671875,34.171352386474609
82192625,2023,2025-03-04,1912,2023-04-18,1038,13387,,2,5,6,1912,0,0,0,,0,,"ALAMEDA AVENUE","FLOWER STREET",0.00,,Y,A,-,N,,,,,,,,,,Y,4,0,2,2,A,-,12,21453,A,N,D,C,A,A,A,-,A,A,0,,,,,Y,,D,22,0,0,2,0,0,0,0,0,0,"- ","- ",34.171428680419922,-118.30303955078125,"LOS ANGELES",BURBANK,-118.30301666259766,34.171390533447266
82192626,2023,2023-10-06,1912,2023-04-18,1334,9393,,2,5,6,1912,0,0,0,,0,,"CLARK AVENUE","ORCHARD DRIVE",0.00,,Y,A,-,N,,,,,,,,,,N,4,0,5,2,A,-,12,22450,A,N,D,C,A,A,H,-,A,A,0,,,,,Y,,A,01,0,0,5,0,0,0,0,0,0,"- ","- ",,,"LOS ANGELES",BURBANK,-118.32595825195312,34.170902252197266
82192627,2023,2023-10-06,1912,2023-04-19,1422,13850,,3,5,6,1912,0,0,0,,0,,"VICTORY BOULEVARD","CHANDLER BOULEVARD",150.00,S,N,A,-,N,,,,,,,,,,N,4,0,2,2,A,-,09,21804,A,N,D,C,A,A,H,-,A,D,0,,,,,Y,,A,01,0,0,2,0,0,0,0,0,0,"- ","- ",,,"LOS ANGELES",BURBANK,-118.31983184814453,34.180370330810547
82192630,2023,2023-10-06,1912,2023-04-23,1339,11822,BURBA,7,5,6,1912,0,0,0,,0,,"VICTORY BOULEVARD","ROSE STREET",69.00,E,N,A,-,N,,,,,,,,,,Y,4,0,1,2,A,-,08,22107,,N,D,C,A,A,H,-,A,A,0,,,,,Y,,A,01,0,0,1,0,0,0,0,0,0,"- ","- ",34.184799194335938,-118.35655212402344,"LOS ANGELES",BURBANK,-118.35629272460938,34.184844970703125
82192631,2023,2023-10-06,1912,2023-04-23,1903,15680,,7,5,6,1912,0,0,0,,0,,"OLIVE AVENUE","3RD STREET",0.00,,Y,A,-,N,,,,,,,,,,N,3,0,1,2,A,-,12,21453,A,N,D,C,A,A,H,-,B,A,0,,,,,Y,,A,01,0,1,0,0,0,0,0,0,0,"- ","- ",34.182018280029297,-118.30745697021484,"LOS ANGELES",BURBANK,-118.34170532226562,34.147422790527344
82192632,2023,2023-10-06,1912,2023-04-23,2000,15259,,7,5,6,1912,0,0,0,,0,,"VANOWEN STREET","HOLLYWOOD WAY",700.00,W,N,A,-,N,,,,,,,,,,N,3,0,1,1,D,-,00,,,N,H,A,A,A,H,-,C,D,0,,Y,,,Y,Y,-,"- ",0,1,0,0,0,0,1,0,0,"- ","- ",34.191780090332031,-118.34892272949219,"LOS ANGELES",BURBANK,-118.35118865966797,34.192234039306641
82192633,2023,2023-10-06,1912,2023-04-25,1834,13377,,2,5,6,1912,0,0,0,,0,,"PALM AVENUE","SAN FERNANDO BOULEVARD",190.00,E,N,A,-,N,,,,,,,,,,N,3,0,1,2,A,-,00,21955,3,N,G,B,D,A,H,-,A,D,0,Y,,,,Y,,A,01,0,1,0,0,1,0,0,0,0,"- ","- ",,,"LOS ANGELES",BURBANK,-118.31031036376953,34.182735443115234
82192634,2023,2023-10-06,1912,2023-04-26,1547,13377,,3,5,6,1912,0,0,0,,0,,"RIVERSIDE DRIVE","BEACHWOOD DRIVE",23.00,W,N,A,-,N,,,,,,,,,,Y,3,0,1,1,A,-,08,22107,,N,E,I,A,A,H,-,A,A,0,,,,,Y,,A,07,0,1,0,0,0,0,0,0,0,"- ","- ",,,"LOS ANGELES",BURBANK,-118.31606292724609,34.157638549804688
82192636,2023,2023-10-06,1912,2023-04-28,1549,12451,,5,5,6,1912,0,0,0,,0,,"VICTORY BOULEVARD","CLARK AVENUE",0.00,,Y,A,-,N,,,,,,,,,,N,3,0,1,2,A,-,17,21461,A,F,C,C,A,A,H,-,A,A,0,,,,,Y,,A,01,0,1,0,0,0,0,0,0,0,"- ","- ",34.174018859863281,-118.31671905517578,"LOS ANGELES",BURBANK,-118.31674957275391,34.174026489257812
82192639,2023,2023-10-06,1912,2023-05-01,1332,13377,,1,5,6,1912,0,0,0,,0,,"GLENOAKS BOULEVARD","OLIVE AVENUE",0.00,,Y,A,B,N,,,,,,,,,,Y,4,0,1,2,A,-,09,21801,A,N,D,C,A,A,H,-,A,A,0,,,,,Y,,A,01,0,0,1,0,0,0,0,0,0,"- ","- ",,,"LOS ANGELES",BURBANK,-118.30626678466797,34.183223724365234
82192640,2023,2023-10-09,1912,2023-05-01,1334,11832,,1,5,6,1912,0,0,0,,0,,"SPARKS STREET","VERDUGO AVENUE",85.00,N,N,A,-,N,,,,,,,,,,N,4,0,1,2,A,-,01,23152,A,M,D,C,A,A,H,-,A,A,0,,,,,Y,Y,D,22,0,0,1,0,0,0,0,0,0,"- ","- ",34.168178558349609,-118.32221221923828,"LOS ANGELES",BURBANK,-118.32233428955078,34.168380737304688
82192641,2023,2023-10-06,1912,2023-05-02,1142,14583,1912,2,5,6,1912,0,0,0,,0,,"3RD STREET","DELAWARE ROAD",0.00,,Y,A,-,N,,,,,,,,,,N,3,0,1,2,A,-,12,22450,A,N,D,C,A,A,H,-,A,A,0,,,,,Y,,A,01,0,1,0,0,0,0,0,0,0,"- ","- ",34.188991546630859,-118.31729125976562,"LOS ANGELES",BURBANK,-118.31724548339844,34.189109802246094
82192642,2023,2023-10-06,1912,2023-05-02,1120,14023,,2,5,6,1912,0,0,0,,0,,"REESE PLACE","VERDUGO AVENUE",0.00,,Y,A,-,N,,,,,,,,,,N,3,0,1,2,A,-,10,21950,A,N,G,B,B,A,H,-,A,D,0,Y,,,,Y,,A,01,0,1,0,0,1,0,0,0,0,"- ","- ",34.167839050292969,-118.32322692871094,"LOS ANGELES",BURBANK,-118.32327270507812,34.167842864990234
82192643,2023,2023-10-06,1912,2023-05-02,2117,13377,,2,5,6,1912,0,0,0,,0,,"VERDUGO AVENUE","ROSEMARY LANE",0.00,,Y,A,-,N,,,,,,,,,,N,4,0,2,2,A,-,12,22450,A,N,C,C,A,A,H,-,A,D,0,,,,,Y,,A,01,0,0,2,0,0,0,0,0,0,"- ","- ",,,"LOS ANGELES",BURBANK,-118.33779144287109,34.162956237792969
82192646,2023,2023-10-06,1912,2023-05-05,"915 ",13850,,5,5,6,1912,0,0,0,,0,,"MAGNOLIA BOULEVARD","HOLLYWOOD WAY",65.00,E,N,B,-,N,,,,,,,,,,Y,3,0,3,2,A,-,03,22350,,N,C,C,A,B,H,-,A,D,0,,,,,Y,,A,07,0,1,2,0,0,0,0,0,0,"- ","- ",,,"LOS ANGELES",BURBANK,-118.34680938720703,34.167938232421875
82192647,2023,2023-10-06,1912,2023-05-05,1650,12451,,5,5,6,1912,0,0,0,,0,,"OLIVE AVENUE","RIVERSIDE DRIVE",0.00,,Y,A,-,N,,,,,,,,,,N,4,0,1,2,A,-,07,21658,A,N,B,C,A,A,H,-,A,A,0,,,,,Y,,A,07,0,0,1,0,0,0,0,0,0,"- ","- ",,,"LOS ANGELES",BURBANK,-118.33824157714844,34.152957916259766
82192648,2023,2023-10-06,1912,2023-05-06,"240 ",15490,,6,5,6,1912,0,0,0,,0,,"SCREENLAND DRIVE","CHANDLER BOULEVARD",0.00,,Y,A,-,N,,,,,,,,,,Y,3,0,1,4,A,-,01,23152,A,N,C,E,A,A,H,-,C,A,0,,,,,Y,Y,A,01,0,1,0,0,0,0,0,0,0,"- ","- ",34.171001434326172,-118.34983825683594,"LOS ANGELES",BURBANK,-118.34973907470703,34.17108154296875
82192649,2023,2023-10-06,1912,2023-05-06,1545,13813,,6,5,6,1912,0,0,0,,0,,"SANTA ANITA AVENUE","3RD STREET",0.00,,Y,A,-,N,,,,,,,,,,N,4,0,3,2,A,-,09,21802,A,N,D,C,A,A,H,-,A,A,0,,,,,Y,,A,01,0,0,3,0,0,0,0,0,0,"- ","- ",34.179191589355469,-118.30351257324219,"LOS ANGELES",BURBANK,-118.30352783203125,34.179157257080078
82192650,2023,2023-10-06,1912,2023-05-06,1942,14849,,6,5,6,1912,0,0,0,,0,,"SANTA ANITA AVENUE","GLENOAKS BOULEVARD",570.00,E,N,A,-,N,,,,,,,,,,N,4,0,1,2,A,-,09,21804,A,N,D,C,A,A,H,-,C,D,0,,,,,Y,,A,01,0,0,1,0,0,0,0,0,0,"- ","- ",34.180328369140625,-118.30227661132812,"LOS ANGELES",BURBANK,-118.30104827880859,34.181495666503906
82192651,2023,2023-10-06,1912,2023-05-06,2344,14849,,6,5,6,1912,0,0,0,,0,,"GLENOAKS BOULEVARD","LAMER STREET",0.00,,Y,A,-,N,,,,,,,,,,Y,4,0,1,3,A,-,09,21802,A,N,D,E,A,A,H,-,C,A,0,,,,,Y,,A,01,0,0,1,0,0,0,0,0,0,"- ","- ",34.201789855957031,-118.33238220214844,"LOS ANGELES",BURBANK,-118.3323974609375,34.201915740966797
82192652,2023,2023-10-06,1912,2023-05-07,1759,14609,,7,5,6,1912,0,0,0,,0,,"HOLLYWOOD WAY","VICTORY BOULEVARD",160.00,S,N,A,-,N,,,,,,,,,,Y,3,0,2,2,A,-,09,21804,A,N,B,C,A,A,H,-,A,A,0,,,,,Y,,A,01,0,2,0,0,0,0,0,0,0,"- ","- ",34.184730529785156,-118.34915924072266,"LOS ANGELES",BURBANK,-118.34916687011719,34.184280395507812
82192654,2023,2023-10-06,1912,2023-05-08,1806,13813,,1,5,6,1912,0,0,0,,0,,"CYPRESS AVENUE","3RD STREET",0.00,,Y,A,-,N,,,,,,,,,,N,4,0,1,2,D,-,00,,,N,G,B,B,A,H,-,A,A,0,Y,,,,Y,,-,"- ",0,0,1,0,1,0,0,0,0,"- ","- ",,,"LOS ANGELES",BURBANK,-118.31237030029297,34.18560791015625
82192655,2023,2023-10-06,1912,2023-05-09,"912 ",13387,,2,5,6,1912,0,0,0,,0,,"VICTORY BOULEVARD","VERDUGO AVENUE",0.00,,Y,A,-,N,,,,,,,,,,Y,4,0,2,2,A,-,07,21658,A,N,B,C,A,A,H,-,A,A,0,,,,,Y,,A,01,0,0,2,0,0,0,0,0,0,"- ","- ",,,"LOS ANGELES",BURBANK,-118.31507873535156,34.170570373535156
82192656,2023,2023-10-06,1912,2023-05-09,1926,13813,,2,5,6,1912,0,0,0,,0,,"MAPLE STREET","ALAMEDA AVENUE",0.00,,Y,B,-,N,,,,,,,,,,N,3,0,1,2,D,-,00,,,N,G,B,B,A,H,-,B,A,0,Y,,,,Y,,-,"- ",0,1,0,0,1,0,0,0,0,"- ","- ",34.15277099609375,-118.34438323974609,"LOS ANGELES",BURBANK,-118.34334564208984,34.153110504150391
82192657,2023,2023-10-06,1912,2023-05-10,"854 ",9393,,3,5,6,1912,0,0,0,,0,,"HOLLYWOOD WAY","BURBANK BOULEVARD",40.00,S,N,B,-,N,,,,,,,,,,N,4,0,1,2,A,-,03,22350,,N,C,C,A,A,H,-,A,A,0,,,,,Y,,A,08,0,0,1,0,0,0,0,0,0,"- ","- ",34.174930572509766,-118.34944915771484,"LOS ANGELES",BURBANK,-118.34934234619141,34.174880981445312
82192659,2023,2023-10-06,1912,2023-05-11,"919 ",12451,,4,5,6,1912,0,0,0,,0,,"EDISON BOULEVARD","BURBANK BOULEVARD",0.00,,Y,A,-,N,,,,,,,,,,Y,4,0,1,2,A,-,12,21453,A,N,D,C,A,A,H,-,A,A,0,,,,,Y,,D,22,0,0,1,0,0,0,0,0,0,"- ","- ",,,"LOS ANGELES",BURBANK,-118.35025024414062,34.1746826171875
82192661,2023,2023-10-09,1912,2023-05-11,1613,12451,,4,5,6,1912,0,0,0,,0,,"KEYSTONE STREET","KENNETH ROAD",485.00,W,N,A,-,N,,,,,,,,,,Y,4,0,2,3,A,-,06,21755,A,N,B,C,A,A,H,-,A,D,0,,,,,Y,,A,07,0,0,2,0,0,0,0,0,0,"- ","- ",,,"LOS ANGELES",BURBANK,,
82192662,2023,2023-10-06,1912,2023-05-12,1515,12451,,5,5,6,1912,0,0,0,,0,,"SAN FERNANDO BOULEVARD","BRIGHTON STREET",0.00,,Y,A,-,N,,,,,,,,,,Y,3,0,4,2,A,-,07,21658,A,N,D,C,A,A,H,-,A,A,0,,,,,Y,,A,01,0,4,0,0,0,0,0,0,0,"- ","- ",,,"LOS ANGELES",BURBANK,-118.33659362792969,34.197002410888672
82192663,2023,2023-10-06,1912,2023-05-12,1911,15490,,5,5,6,1912,0,0,0,,0,,"GLENOAKS BOULEVARD","TUJUNGA AVENUE",127.00,N,N,A,-,N,,,,,,,,,,N,3,0,1,3,A,-,03,22350,,N,C,C,A,A,H,-,A,A,0,,,,,Y,,A,01,0,1,0,0,0,0,0,0,0,"- ","- ",34.181751251220703,-118.30422210693359,"LOS ANGELES",BURBANK,-118.30454254150391,34.181972503662109
82192664,2023,2023-10-06,1912,2023-05-13,1626,14849,,6,5,6,1912,0,0,0,,0,,"CHANDLER BOULEVARD","NAOMI STREET",0.00,,Y,A,-,N,,,,,,,,,,N,3,0,1,2,A,-,11,21954,A,N,G,B,E,A,H,-,A,B,0,Y,,,,Y,,N,60,0,1,0,0,1,0,0,0,0,"- ","- ",34.174800872802734,-118.33857727050781,"LOS ANGELES",BURBANK,-118.33855438232422,34.174781799316406
82192665,2023,2023-10-06,1912,2023-05-14,"102 ",15490,,7,5,6,1912,0,0,0,,0,,"VERDUGO AVENUE","CALIFORNIA STREET",137.00,E,N,A,-,N,,,,,,,,,,Y,3,0,1,1,A,-,03,22350,,N,F,I,A,A,H,-,C,A,0,,,,,Y,,D,22,0,1,0,0,0,0,0,0,0,"- ","- ",34.162269592285156,-118.33979034423828,"LOS ANGELES",BURBANK,-118.33920288085938,34.162483215332031
82192666,2023,2023-10-06,1912,2023-05-17,1052,13850,,3,5,6,1912,0,0,0,,0,,"1ST STREET","MAGNOLIA BOULEVARD",0.00,,Y,A,-,N,,,,,,,,,,Y,3,0,2,2,A,-,09,21801,A,N,A,C,A,A,H,-,A,A,0,,,,,Y,,A,01,0,1,1,0,0,0,0,0,0,"- ","- ",,,"LOS ANGELES",BURBANK,-118.31300354003906,34.181884765625
82192667,2023,2023-10-06,1912,2023-05-17,1942,11832,,3,5,6,1912,0,0,0,,0,,"ROSE STREET","VICTORY BOULEVARD",145.00,S,N,A,-,N,,,,,,,,,,N,3,0,1,3,A,-,09,21804,A,N,B,C,A,A,H,-,B,D,0,,,Y,,Y,,C,02,0,1,0,0,0,0,0,0,1,"- ","- ",,,"LOS ANGELES",BURBANK,-118.35652923583984,34.184452056884766
82192668,2023,2023-10-06,1912,2023-05-17,2030,15454,,3,5,6,1912,0,0,0,,0,,"KENNETH ROAD","BIRMINGHAM ROAD",0.00,,Y,A,-,N,,,,,,,,,,Y,4,0,1,2,A,-,09,21804,A,N,D,C,A,A,H,-,C,A,0,,,,,Y,,A,01,0,0,1,0,0,0,0,0,0,"- ","- ",34.199378967285156,-118.31723022460938,"LOS ANGELES",BURBANK,-118.31722259521484,34.199359893798828
82192669,2023,2023-10-09,1912,2023-05-17,1805,14609,1912,3,5,6,1912,0,0,0,,0,E/F,"OLIVE AVENUE","PARISH PLACE",112.00,E,N,A,-,N,,,,,,,,,,N,3,0,1,2,A,-,09,21804,A,F,G,B,F,A,H,-,A,D,0,Y,,,,Y,,A,01,0,1,0,0,1,0,0,0,0,"- ","- ",34.165679931640625,-118.32479858398438,"LOS ANGELES",BURBANK,-118.32441711425781,34.166046142578125
82192670,2023,2023-10-06,1912,2023-05-19,1450,15454,,5,5,6,1912,0,0,0,,0,,"ALAMEDA AVENUE","MAIN STREET",40.00,S,N,A,-,N,,,,,,,,,,Y,4,0,1,2,A,-,09,21804,A,N,D,C,A,A,H,-,A,D,0,,,,,Y,,D,22,0,0,1,0,0,0,0,0,0,"- ","- ",34.163551330566406,-118.31192779541016,"LOS ANGELES",BURBANK,-118.31186676025391,34.163650512695312
82192671,2023,2023-10-06,1912,2023-05-20,1533,14849,,6,5,6,1912,0,0,0,,0,,"MAGNOLIA BOULEVARD","PASS AVENUE",0.00,,Y,A,-,N,,,,,,,,,,Y,3,0,2,2,A,-,12,21453,A,N,D,C,A,A,H,-,A,A,0,,,,,Y,,A,01,0,2,0,0,0,0,0,0,0,"- ","- ",34.166458129882812,-118.35104370117188,"LOS ANGELES",BURBANK,-118.35102081298828,34.166519165039062
82192672,2023,2023-10-09,1912,2023-05-12,1258,9393,,5,5,6,1912,0,0,0,,0,,"TULARE AVENUE","HOLLYWOOD WAY",74.00,W,N,A,-,N,,,,,,,,,,N,4,0,1,2,A,-,03,22350,,M,C,C,A,A,H,-,A,A,0,,,,,Y,,D,22,0,0,1,0,0,0,0,0,0,"- ","- ",,,"LOS ANGELES",BURBANK,,
82192673,2023,2023-10-09,1912,2023-05-22,2021,11832,,1,5,6,1912,0,0,0,,0,,"SAN FERNANDO BOULEVARD","WALNUT AVENUE",150.00,N,N,A,-,N,,,,,,,,,,N,4,0,1,2,A,-,09,21804,A,M,G,B,E,A,H,-,C,D,0,Y,,,,Y,,-,99,0,0,1,0,1,0,0,0,0,"- ","- ",,,"LOS ANGELES",BURBANK,-118.31768035888672,34.187419891357422
82192674,2023,2023-10-06,1912,2023-05-23,"800 ",13377,,2,5,6,1912,0,0,0,,0,,"HOLLYWOOD WAY","JEFFRIES AVENUE",0.00,,Y,A,B,N,,,,,,,,,,Y,4,0,2,3,A,-,09,21801,A,N,D,C,A,A,H,-,A,A,0,,,,,Y,,A,07,0,0,2,0,0,0,0,0,0,"- ","- ",,,"LOS ANGELES",BURBANK,-118.34922790527344,34.181083679199219
82192675,2023,2023-10-06,1912,2023-05-23,"830 ",15746,1912,2,5,6,1912,0,0,0,,0,,"VERDUGO AVENUE","LINCOLN STREET",0.00,,Y,B,-,N,,,,,,,,,,Y,3,0,1,2,A,-,09,21800,B,N,D,C,A,A,H,-,A,D,0,,,,,Y,,A,01,0,1,0,0,0,0,0,0,0,"- ","- ",34.165779113769531,-118.32935333251953,"LOS ANGELES",BURBANK,-118.329345703125,34.165809631347656
82192678,2023,2023-10-06,1912,2023-05-25,"846 ",13377,,4,5,6,1912,0,0,0,,0,,"BEL AIRE DRIVE","DELAWARE ROAD",0.00,,Y,A,B,N,,,,,,,,,,N,3,0,2,2,A,-,12,22450,A,N,D,C,A,A,H,-,A,A,0,,,,,Y,,A,01,0,1,1,0,0,0,0,0,0,"- ","- ",,,"LOS ANGELES",BURBANK,-118.30867767333984,34.197246551513672
82192679,2023,2023-10-06,1912,2023-05-25,1720,13813,,4,5,6,1912,0,0,0,,0,,"BUENA VISTA STREET","RIVERSIDE DRIVE",10.00,N,N,B,-,N,,,,,,,,,,N,4,0,1,2,A,-,02,22400,A,N,C,C,A,A,H,-,A,A,0,,,,,Y,,A,01,0,0,1,0,0,0,0,0,0,"- ","- ",,,"LOS ANGELES",BURBANK,-118.32619476318359,34.1541748046875
82192683,2023,2023-10-06,1912,2023-05-29,2218,15686,1912,1,5,6,1912,0,0,0,,0,00C,"GLENOAKS BOULEVARD","PALM AVENUE",0.00,,Y,A,-,N,,,,,,,,,,Y,3,0,2,2,A,-,08,22107,,N,B,C,A,A,H,-,C,D,0,,,,,Y,,A,01,0,2,0,0,0,0,0,0,0,"- ","- ",34.184661865234375,-118.30825042724609,"LOS ANGELES",BURBANK,-118.30824279785156,34.184673309326172
82192687,2023,2023-10-06,1912,2023-05-30,1312,13208,1912,2,5,6,1912,0,0,0,,0,,"GLENOAKS BOULEVARD","TUJUNGA AVENUE",0.00,,Y,B,-,N,,,,,,,,,,N,4,0,1,2,A,-,09,21801,A,N,D,C,A,A,H,-,A,D,0,,,,,Y,,A,01,0,0,1,0,0,0,0,0,0,"- ","- ",34.181751251220703,-118.30422210693359,"LOS ANGELES",BURBANK,-118.30422210693359,34.181747436523438
82192689,2023,2023-10-06,1912,2023-05-30,1515,9393,,2,5,6,1912,0,0,0,,0,,"BEACHWOOD DRIVE","MAGNOLIA BOULEVARD",130.00,N,N,B,-,N,,,,,,,,,,N,3,0,1,2,A,-,09,21804,A,N,D,C,A,A,H,-,A,D,0,,,Y,,Y,,C,03,0,1,0,0,0,0,0,0,1,"- ","- ",,,"LOS ANGELES",BURBANK,-118.32474517822266,34.175750732421875
82192691,2023,2023-10-06,1912,2023-05-31,"747 ",13850,,3,5,6,1912,0,0,0,,0,,"HOLLYWOOD WAY","AVON STREET",164.00,N,N,A,-,N,,,,,,,,,,Y,3,0,1,1,A,-,07,21658,A,N,E,I,A,A,H,-,A,D,0,,,,,Y,,A,07,0,1,0,0,0,0,0,0,0,"- ","- ",34.193149566650391,-118.34893798828125,"LOS ANGELES",BURBANK,-118.34892272949219,34.193988800048828
82192694,2023,2023-10-06,1912,2023-06-04,1831,15510,,7,5,6,1912,0,0,0,,0,,"ALAMEDA AVENUE","HOLLYWOOD WAY",0.00,,Y,A,-,N,,,,,,,,,,N,4,0,1,3,A,-,12,21453,A,N,D,C,A,A,H,-,A,A,0,,,,,Y,,A,01,0,0,1,0,0,0,0,0,0,"- ","- ",34.154140472412109,-118.34033203125,"LOS ANGELES",BURBANK,-118.34031677246094,34.154155731201172
82192696,2023,2023-10-06,1912,2023-06-04,2329,15509,1912,7,5,6,1912,0,0,0,,0,,"HOLLYWOOD WAY","THORNTON AVENUE",0.00,,Y,A,-,N,,,,,,,,,,Y,3,0,2,2,A,-,01,23153,A,N,B,C,A,A,H,-,C,A,0,,,,,Y,Y,D,23,0,2,0,0,0,0,0,0,0,"- ","- ",34.195598602294922,-118.34895324707031,"LOS ANGELES",BURBANK,-118.34892272949219,34.195697784423828
82192697,2023,2023-10-09,1912,2023-06-05,1010,13377,,1,5,6,1912,0,0,0,,0,,"LAKE STREET","ASH AVENUE (E)",30.00,N,N,B,-,N,,,,,,,,,,N,3,0,1,2,A,-,00,21760,A,F,B,G,A,A,H,-,A,D,0,,Y,,,Y,,A,01,0,1,0,0,0,0,1,0,0,"- ","- ",34.169948577880859,-118.30706024169922,"LOS ANGELES",BURBANK,-118.30713653564453,34.170284271240234
82193474,2023,2023-10-09,1912,2023-07-01,1259,15626,1912,6,5,6,1912,0,0,0,,0,00A,"GLENOAKS BOULEVARD","BRIGHTON STREET",0.00,,Y,A,-,N,,,,,,,,,,N,3,0,1,1,D,-,00,,,N,-,A,A,A,H,-,A,D,0,,,Y,,Y,,-,"- ",0,1,0,0,0,0,0,0,1,"- ","- ",34.204418182373047,-118.33660888671875,"LOS ANGELES",BURBANK,-118.33663177490234,34.204429626464844
82193476,2023,2023-10-09,1912,2023-06-03,1749,15490,,6,5,6,1912,0,0,0,,0,,"VICTORY BOULEVARD","PROVIDENCIA AVENUE",0.00,,Y,A,-,N,,,,,,,,,,Y,3,0,1,2,A,-,08,22107,,N,B,C,A,A,H,-,A,A,0,,,Y,,Y,,C,02,0,1,0,0,0,0,0,0,1,"- ","- ",,,"LOS ANGELES",BURBANK,-118.31189727783203,34.169635772705078
82193477,2023,2023-10-09,1912,2023-06-06,1456,13813,,2,5,6,1912,0,0,0,,0,,"ALAMEDA AVENUE","OMER LANE",113.00,E,N,B,-,N,,,,,,,,,,N,4,0,1,2,A,-,03,22350,,N,C,C,A,A,H,-,A,D,0,,,,,Y,,A,01,0,0,1,0,0,0,0,0,0,"- ","- ",34.167720794677734,-118.30693054199219,"LOS ANGELES",BURBANK,-118.30648803710938,34.16815185546875
82193479,2023,2023-10-09,1912,2023-06-09,1209,15454,,5,5,6,1912,0,0,0,,0,,"VERDUGO AVENUE","SCREENLAND DRIVE",80.00,W,N,A,-,N,,,,,,,,,,Y,4,0,1,2,A,-,09,21804,A,N,D,C,A,A,H,-,A,D,0,,,,,Y,,A,01,0,0,1,0,0,0,0,0,0,"- ","- ",34.160678863525391,-118.34464263916016,"LOS ANGELES",BURBANK,-118.34494018554688,34.160564422607422
82193480,2023,2023-10-09,1912,2023-06-09,1529,13208,,5,5,6,1912,0,0,0,,0,,"6TH STREET","WALNUT AVENUE",0.00,,Y,A,-,N,,,,,,,,,,Y,4,0,1,2,D,-,00,,,N,D,C,A,A,H,-,A,A,0,,,,,Y,,-,"- ",0,0,1,0,0,0,0,0,0,"- ","- ",34.191780090332031,-118.31266021728516,"LOS ANGELES",BURBANK,-118.31263732910156,34.191970825195312
82193481,2023,2023-10-09,1912,2023-06-09,1850,14849,,5,5,6,1912,0,0,0,,0,,"6TH STREET","CEDAR AVENUE",200.00,N,N,B,-,N,,,,,,,,,,N,4,0,1,2,A,-,21,22106,,N,D,C,A,A,H,-,A,D,0,,,,,Y,,D,72,0,0,1,0,0,0,0,0,0,"- ","- ",34.180980682373047,-118.2979736328125,"LOS ANGELES",BURBANK,-118.29837036132812,34.181529998779297
82193486,2023,2023-10-09,1912,2023-06-13,"810 ",9393,,2,5,6,1912,0,0,0,,0,,"ALAMEDA AVENUE","HOLLYWOOD WAY",0.00,,Y,B,-,N,,,,,,,,,,Y,4,0,1,2,A,-,12,21453,A,N,D,C,A,A,H,-,A,A,0,,,,,Y,,A,01,0,0,1,0,0,0,0,0,0,"- ","- ",,,"LOS ANGELES",BURBANK,-118.34031677246094,34.154155731201172
82193488,2023,2023-10-09,1912,2023-06-13,1115,9393,,2,5,6,1912,0,0,0,,0,,"OLIVE AVENUE","LAKE STREET",0.00,,Y,B,-,N,,,,,,,,,,Y,4,0,2,2,A,-,12,21453,A,N,D,C,A,A,H,-,A,A,0,,,,,Y,,A,01,0,0,2,0,0,0,0,0,0,"- ","- ",,,"LOS ANGELES",BURBANK,-118.31436920166016,34.175575256347656
82193490,2023,2023-10-09,1912,2023-06-15,1318,13850,,4,5,6,1912,0,0,0,,0,,"SAN FERNANDO BOULEVARD","SCOTT ROAD",0.00,,Y,B,-,N,,,,,,,,,,N,4,0,1,2,A,-,10,21950,A,N,G,B,B,A,H,-,A,A,0,Y,,,,Y,,A,01,0,0,1,0,1,0,0,0,0,"- ","- ",,,"LOS ANGELES",BURBANK,-118.32182312011719,34.190387725830078
82193491,2023,2023-10-09,1912,2023-06-15,2050,15454,,4,5,6,1912,0,0,0,,0,,"BONNYWOOD PLACE","ORANGE GROVE AVENUE",30.00,S,N,A,-,N,,,,,,,,,,N,4,0,2,2,A,-,03,22350,,N,C,D,A,A,H,-,A,D,0,,,,,Y,,D,22,0,0,2,0,0,0,0,0,0,"- ","- ",34.179550170898438,-118.31188201904297,"LOS ANGELES",BURBANK,-118.31174468994141,34.179649353027344
82193492,2023,2023-10-09,1912,2023-06-16,1414,13850,,5,5,6,1912,0,0,0,,0,,"OLIVE AVENUE","HOLLYWOOD WAY",0.00,,Y,A,-,N,,,,,,,,,,Y,3,0,3,2,A,-,09,21801,A,N,D,C,A,A,H,-,A,A,0,,,,,Y,,A,01,0,1,2,0,0,0,0,0,0,"- ","- ",34.151840209960938,-118.33950042724609,"LOS ANGELES",BURBANK,-118.33933258056641,34.1519775390625
82193493,2023,2023-10-09,1912,2023-06-17,1024,15482,,6,5,6,1912,0,0,0,,0,,"MAPLE STREET","CHANDLER BOULEVARD",129.00,S,N,A,-,N,,,,,,,,,,N,3,0,1,2,A,-,09,21804,A,N,D,G,A,A,H,-,A,D,0,,Y,,,Y,,A,01,0,1,0,0,0,0,1,0,0,"- ","- ",34.170448303222656,-118.35157012939453,"LOS ANGELES",BURBANK,-118.35149383544922,34.16986083984375
82193494,2023,2023-10-09,1912,2023-06-17,1229,15490,,6,5,6,1912,0,0,0,,0,,"VANOWEN STREET","HOLLYWOOD WAY",0.00,,Y,A,-,N,,,,,,,,,,Y,3,0,2,2,A,-,12,21453,A,N,B,C,A,A,H,-,A,A,0,,,,,Y,,A,07,0,1,1,0,0,0,0,0,0,"- ","- ",,,"LOS ANGELES",BURBANK,-118.34893798828125,34.191791534423828
82193495,2023,2023-10-09,1912,2023-06-17,1550,15490,,6,5,6,1912,0,0,0,,0,,"HOLLYWOOD WAY","THORNTON AVENUE",0.00,,Y,A,-,N,,,,,,,,,,Y,2,0,2,2,A,-,09,21801,A,N,A,C,A,A,H,-,A,A,0,,,,,Y,,A,01,1,1,0,0,0,0,0,0,0,"- ","- ",34.195598602294922,-118.34895324707031,"LOS ANGELES",BURBANK,-118.34892272949219,34.195697784423828
82193496,2023,2023-10-09,1912,2023-06-17,2047,15490,,6,5,6,1912,0,0,0,,0,,"EMPIRE AVENUE",AIRPORT,0.00,,Y,A,-,N,,,,,,,,,,Y,3,0,1,2,A,-,09,21801,A,N,D,C,A,A,H,-,C,A,0,,,,,Y,Y,A,07,0,1,0,0,0,0,0,0,0,"- ","- ",,,"LOS ANGELES",BURBANK,-118.35390599999999,34.193218999999999
82193497,2023,2023-10-09,1912,2023-06-19,1915,15642,,1,5,6,1912,0,0,0,,0,,"PASS AVENUE","MAGNOLIA BOULEVARD",0.00,,Y,A,-,N,,,,,,,,,,N,3,0,1,2,A,-,10,21950,A,M,G,B,B,A,H,-,A,A,0,Y,,,,Y,,A,01,0,1,0,0,1,0,0,0,0,"- ","- ",34.166458129882812,-118.35104370117188,"LOS ANGELES",BURBANK,-118.35102081298828,34.166519165039062
82193498,2023,2023-10-09,1912,2023-06-20,"828 ",13377,,2,5,6,1912,0,0,0,,0,,"OLIVE AVENUE","BUENA VISTA STREET",0.00,,Y,A,-,N,,,,,,,,,,Y,3,0,2,3,A,-,12,21453,A,N,A,C,A,A,H,-,A,A,0,,,,,Y,,A,01,0,2,0,0,0,0,0,0,0,"- ","- ",,,"LOS ANGELES",BURBANK,-118.32955932617188,34.161148071289062
82193499,2023,2023-10-09,1912,2023-06-20,1826,14578,,2,5,6,1912,0,0,0,,0,,"ALAMEDA AVENUE","FLOWER STREET",0.00,,Y,A,-,N,,,,,,,,,,Y,3,0,2,2,A,-,01,23153,A,N,A,C,A,A,H,-,A,A,0,,,,,Y,Y,A,01,0,2,0,0,0,0,0,0,0,"- ","- ",34.171428680419922,-118.30303955078125,"LOS ANGELES",BURBANK,-118.30301666259766,34.171390533447266
82193500,2023,2023-10-09,1912,2023-06-08,1500,14023,,4,5,6,1912,0,0,0,,0,,"BUENA VISTA STREET","WINONA AVENUE",585.00,N,N,A,-,N,,,,,,,,,,N,2,0,1,2,A,-,10,21950,C,F,G,B,D,A,H,-,A,A,0,Y,,,,Y,,-,99,1,0,0,0,1,0,0,0,0,"- ","- ",34.199649810791016,-118.33786010742188,"LOS ANGELES",BURBANK,-118.33782196044922,34.201244354248047
82193501,2023,2023-10-09,1912,2023-06-22,"124 ",14023,,4,5,6,1912,0,0,0,,0,,"GLENOAKS BOULEVARD","LAMER STREET",193.00,S,N,A,-,N,,,,,,,,,,Y,2,0,1,2,A,-,03,22350,,M,A,E,A,A,H,-,C,D,0,,,,,Y,Y,A,01,1,0,0,0,0,0,0,0,0,"- ","- ",34.201789855957031,-118.33238220214844,"LOS ANGELES",BURBANK,-118.33189392089844,34.20159912109375
82193502,2023,2023-10-09,1912,2023-06-22,"849 ",13850,,4,5,6,1912,0,0,0,,0,,"CYPRESS AVENUE","KENNETH ROAD",140.00,W,N,B,-,N,,,,,,,,,,Y,2,0,1,2,A,-,17,22517,,N,B,E,A,A,H,-,A,D,0,,,,,Y,,A,07,1,0,0,0,0,0,0,0,0,"- ","- ",34.191219329833984,-118.30631256103516,"LOS ANGELES",BURBANK,-118.30654907226562,34.191085815429688
82193503,2023,2023-10-09,1912,2023-06-22,2020,15490,,4,5,6,1912,0,0,0,,0,,"OLIVE AVENUE","VICTORY BOULEVARD",0.00,,Y,A,-,N,,,,,,,,,,Y,4,0,1,2,A,-,12,21453,A,N,D,C,A,A,H,-,B,A,0,,,,,Y,,A,07,0,0,1,0,0,0,0,0,0,"- ","- ",,,"LOS ANGELES",BURBANK,-118.31652069091797,34.173530578613281
82193505,2023,2023-10-09,1912,2023-06-24,2048,15490,,6,5,6,1912,0,0,0,,0,,"OLIVE AVENUE","VERDUGO AVENUE",0.00,,Y,A,-,N,,,,,,,,,,Y,3,0,1,3,A,-,01,23152,A,N,A,C,A,A,H,-,C,A,0,,,,,Y,Y,A,01,0,1,0,0,0,0,0,0,0,"- ","- ",34.168228149414062,-118.32206726074219,"LOS ANGELES",BURBANK,-118.32212066650391,34.168228149414062
82193509,2023,2023-10-09,1912,2023-06-27,1633,13813,,2,5,6,1912,0,0,0,,0,,"5TH STREET","WALNUT AVENUE",0.00,,Y,A,-,N,,,,,,,,,,N,4,0,1,2,A,-,12,22450,A,N,D,C,A,A,H,-,A,A,0,,,,,Y,,A,01,0,0,1,0,0,0,0,0,0,"- ","- ",,,"LOS ANGELES",BURBANK,-118.31380462646484,34.190784454345703
82193510,2023,2023-10-09,1912,2023-06-28,"910 ",13377,,3,5,6,1912,0,0,0,,0,,"SAN FERNANDO BOULEVARD","ONTARIO STREET (S)",252.00,N,N,B,-,N,,,,,,,,,,Y,3,0,2,2,A,-,09,21801,A,N,D,C,A,A,H,-,A,D,0,,,,,Y,,A,08,0,1,1,0,0,0,0,0,0,"- ","- ",,,"LOS ANGELES",BURBANK,-118.34511566162109,34.203342437744141
82193512,2023,2023-10-09,1912,2023-06-28,1948,11832,,3,5,6,1912,0,0,0,,0,,"KENWOOD STREET","RIVERSIDE DRIVE",130.00,N,N,A,-,N,,,,,,,,,,Y,2,0,1,1,A,-,01,23152,A,N,E,I,A,A,H,-,B,D,0,,,,,Y,Y,A,01,1,0,0,0,0,0,0,0,0,"- ","- ",,,"LOS ANGELES",BURBANK,-118.34201049804688,34.152675628662109
82193513,2023,2023-10-09,1912,2023-06-29,"857 ",12451,,4,5,6,1912,0,0,0,,0,,"WINONA AVENUE","HOLLYWOOD WAY",0.00,,Y,B,-,N,,,,,,,,,,Y,3,0,3,3,A,-,09,21801,A,N,D,C,A,A,H,-,A,A,0,,,,,Y,,A,07,0,1,2,0,0,0,0,0,0,"- ","- ",,,"LOS ANGELES",BURBANK,-118.34886932373047,34.199314117431641
82193514,2023,2023-10-09,1912,2023-06-30,1544,12451,,5,5,6,1912,0,0,0,,0,,"VICTORY BOULEVARD","FREDERIC STREET",10.00,E,N,A,-,N,,,,,,,,,,Y,4,0,5,3,A,-,03,22350,,N,C,C,A,A,H,-,A,A,0,,,,,Y,,A,01,0,0,5,0,0,0,0,0,0,"- ","- ",,,"LOS ANGELES",BURBANK,-118.33939361572266,34.184619903564453
82193515,2023,2023-10-17,1912,2023-06-30,2252,13208,1912,5,5,6,1912,0,0,0,,0,,"VICTORY BOULEVARD","BUENA VISTA STREET",0.00,,Y,A,-,N,,,,,,,,,,Y,2,0,1,2,A,-,09,21801,A,N,A,C,A,A,H,-,C,A,0,,,Y,,Y,,A,01,1,0,0,0,0,0,0,0,1,"- ","- ",34.184539794921875,-118.33831787109375,"LOS ANGELES",BURBANK,-118.33834838867188,34.184600830078125
82193516,2023,2023-10-09,1912,2023-07-02,1445,15491,,7,5,6,1912,0,0,0,,0,,"ALAMEDA AVENUE","SHELTON STREET",555.00,E,N,A,-,N,,,,,,,,,,N,2,0,5,2,A,-,08,22108,,N,D,C,A,A,H,-,A,D,0,,,,,Y,,A,01,1,4,0,0,0,0,0,0,0,"- ","- ",34.162651062011719,-118.31491851806641,"LOS ANGELES",BURBANK,-118.31324768066406,34.163196563720703
82193517,2023,2023-10-09,1912,2023-07-04,1550,14481,,2,5,6,1912,0,0,0,,0,,"BURBANK BOULEVARD","HOLLYWOOD WAY",123.00,W,N,A,-,N,,,,,,,,,,N,2,0,1,2,A,-,03,22350,,N,D,C,A,A,H,-,A,D,0,,Y,,,Y,,M,91,1,0,0,0,0,0,1,0,0,"- ","- ",34.174930572509766,-118.34944915771484,"LOS ANGELES",BURBANK,-118.34971618652344,34.174858093261719
82193520,2023,2023-10-09,1912,2023-07-07,2109,14849,,5,5,6,1912,0,0,0,,0,,"3RD STREET","ORANGE GROVE AVENUE",0.00,,Y,A,-,N,,,,,,,,,,N,3,0,2,4,A,-,12,21453,A,N,D,C,B,A,H,-,C,A,0,Y,,,,Y,,A,01,0,1,1,0,2,0,0,0,0,"- ","- ",34.182781219482422,-118.30850219726562,"LOS ANGELES",BURBANK,-118.3084716796875,34.182792663574219
82193521,2023,2023-11-15,1912,2023-07-07,2335,15490,,5,5,6,1912,0,0,0,,0,,"SAN FERNANDO BOULEVARD","ELMWOOD AVENUE",107.00,S,N,A,-,N,,,,,,,,,,Y,3,0,3,2,A,-,03,22350,,F,C,C,A,A,H,-,C,A,0,,,,,Y,Y,A,01,0,3,0,0,0,0,0,0,0,"- ","- ",34.175628662109375,-118.30194854736328,"LOS ANGELES",BURBANK,-118.30155181884766,34.175670623779297
82193522,2023,2023-10-09,1912,2023-07-08,1935,14849,,6,5,6,1912,0,0,0,,0,,"BONNYWOOD PLACE","ORANGE GROVE AVENUE",0.00,,Y,A,-,N,,,,,,,,,,N,4,0,1,2,A,-,03,22350,,N,C,C,A,A,H,-,A,A,0,,,,,Y,,A,01,0,0,1,0,0,0,0,0,0,"- ","- ",34.179550170898438,-118.31188201904297,"LOS ANGELES",BURBANK,-118.31182098388672,34.179695129394531
82193523,2023,2023-10-09,1912,2023-07-10,"653 ",9393,,1,5,6,1912,0,0,0,,0,,"VICTORY BOULEVARD","NIAGARA STREET",65.00,E,N,A,-,N,,,,,,,,,,Y,4,0,1,2,A,-,07,21658,A,N,B,C,A,A,H,-,A,D,0,,,,,Y,,A,07,0,0,1,0,0,0,0,0,0,"- ","- ",34.184520721435547,-118.34268188476562,"LOS ANGELES",BURBANK,-118.34239196777344,34.184654235839844
82193524,2023,2023-10-09,1912,2023-07-11,1030,13813,,2,5,6,1912,0,0,0,,0,,"ALAMEDA AVENUE","FLOWER STREET",0.00,,Y,A,-,N,,,,,,,,,,N,4,0,3,3,A,-,09,21801,A,N,A,C,A,A,H,-,A,A,0,,,,,Y,,A,01,0,0,3,0,0,0,0,0,0,"- ","- ",,,"LOS ANGELES",BURBANK,-118.30301666259766,34.171390533447266
82193525,2023,2023-10-09,1912,2023-07-11,1645,13208,1912,2,5,6,1912,0,0,0,,0,,"BUENA VISTA STREET","VICTORY BOULEVARD",0.00,,Y,A,-,N,,,,,,,,,,N,3,0,2,2,A,-,09,21801,A,N,D,C,A,A,H,-,A,A,0,,,,,Y,,A,01,0,2,0,0,0,0,0,0,0,"- ","- ",34.184539794921875,-118.33831787109375,"LOS ANGELES",BURBANK,-118.33834838867188,34.184600830078125
82193526,2023,2023-10-09,1912,2023-07-11,1720,15454,,2,5,6,1912,0,0,0,,0,,"BUENA VISTA STREET","SAN FERNANDO BOULEVARD",15.00,S,N,A,-,N,,,,,,,,,,N,4,0,1,2,A,-,08,22100,A,N,B,C,A,A,H,-,A,D,0,,,,,Y,,A,01,0,0,1,0,0,0,0,0,0,"- ","- ",34.197761535644531,-118.33789825439453,"LOS ANGELES",BURBANK,-118.337890625,34.197860717773438
82193527,2023,2023-10-09,1912,2023-07-12,"950 ",15454,,3,5,6,1912,0,0,0,,0,,"BURBANK BOULEVARD","MYERS STREET (E)",0.00,,Y,A,-,N,,,,,,,,,,N,3,0,1,2,A,-,05,21650,1,N,D,G,A,A,H,-,A,D,0,,Y,,,Y,,L,04,0,1,0,0,0,0,1,0,0,"- ","- ",34.179779052734375,-118.33482360839844,"LOS ANGELES",BURBANK,-118.33493804931641,34.179805755615234
82193528,2023,2023-10-09,1912,2023-07-12,1539,13813,,3,5,6,1912,0,0,0,,0,,"GLENOAKS BOULEVARD","OLIVE AVENUE",0.00,,Y,A,-,N,,,,,,,,,,N,4,0,1,2,A,-,12,21453,A,N,D,C,A,A,H,-,A,A,0,,,,,Y,,A,01,0,0,1,0,0,0,0,0,0,"- ","- ",34.183181762695312,-118.30622863769531,"LOS ANGELES",BURBANK,-118.30626678466797,34.183223724365234
82193529,2023,2023-10-09,1912,2023-07-12,1552,13208,,3,5,6,1912,0,0,0,,0,,"VERDUGO AVENUE","IKEA WAY",233.00,W,N,A,-,N,,,,,,,,,,Y,3,0,2,2,A,-,08,22107,,N,B,C,A,A,H,-,A,D,0,,,,,Y,,A,01,0,1,1,0,0,0,0,0,0,"- ","- ",,,"LOS ANGELES",BURBANK,-118.30746459960938,34.176982879638672
82193531,2023,2023-10-09,1912,2023-07-13,1304,13208,1912,4,5,6,1912,0,0,0,,0,,"FLOWER STREET","PROVIDENCIA AVENUE",382.00,S,N,A,-,N,,,,,,,,,,N,3,0,1,2,A,-,06,21750,A,N,B,C,A,A,H,-,A,D,0,,,,,Y,,A,01,0,1,0,0,0,0,0,0,0,"- ","- ",34.174278259277344,-118.30702209472656,"LOS ANGELES",BURBANK,-118.30601501464844,34.173610687255859
82193532,2023,2023-10-09,1912,2023-07-13,1337,13850,,4,5,6,1912,0,0,0,,0,,"HOLLYWOOD WAY","VERDUGO AVENUE",0.00,,Y,A,-,N,,,,,,,,,,Y,4,0,1,3,A,-,12,21453,A,N,D,C,A,A,H,-,A,A,0,,,,,Y,,D,22,0,0,1,0,0,0,0,0,0,"- ","- ",,,"LOS ANGELES",BURBANK,-118.34364318847656,34.1610107421875
82193533,2023,2023-10-09,1912,2023-07-13,1542,13813,,4,5,6,1912,0,0,0,,0,,"VICTORY BOULEVARD","OLIVE AVENUE",97.00,S,N,A,-,N,,,,,,,,,,N,4,0,3,2,A,-,03,22350,,N,C,C,A,A,A,-,A,A,0,,,,,Y,,A,01,0,0,3,0,0,0,0,0,0,"- ","- ",34.173358917236328,-118.31662750244141,"LOS ANGELES",BURBANK,-118.31639862060547,34.173282623291016
82193536,2023,2023-10-09,1912,2023-07-15,1333,15506,,6,5,6,1912,0,0,0,,0,,"EMPIRE AVENUE","LINCOLN STREET",0.00,,Y,A,-,N,,,,,,,,,,N,4,0,1,2,A,-,09,21801,A,N,B,C,A,A,H,-,A,A,0,,,,,Y,,A,01,0,0,1,0,0,0,0,0,0,"- ","- ",34.191810607910156,-118.33582305908203,"LOS ANGELES",BURBANK,-118.33582305908203,34.191883087158203
82193538,2023,2023-10-09,1912,2023-07-16,"214 ",14849,,7,5,6,1912,0,0,0,,0,,"VICTORY BOULEVARD","CLYBOURN AVENUE (E)",0.00,,Y,A,-,N,,,,,,,,,,Y,3,0,1,1,A,-,01,23152,A,N,E,I,A,A,H,-,C,A,0,,,,,Y,Y,A,01,0,1,0,0,0,0,0,0,0,"- ","- ",34.184860229492188,-118.35984039306641,"LOS ANGELES",BURBANK,-118.35971832275391,34.184879302978516
82193541,2023,2023-10-09,1912,2023-07-19,1900,14768,1912,3,5,6,1912,0,0,0,,0,0IJ,"BUENA VISTA STREET","KITTRIDGE STREET",0.00,,Y,A,-,N,,,,,,,,,,Y,3,0,1,2,A,-,09,21804,A,N,D,C,A,A,H,-,A,D,0,,,,,Y,,A,01,0,1,0,0,0,0,0,0,0,"- ","- ",34.182758331298828,-118.33834838867188,"LOS ANGELES",BURBANK,-118.33838653564453,34.182727813720703
82193542,2023,2023-10-09,1912,2023-07-21,1324,15454,,5,5,6,1912,0,0,0,,0,,"PARKING LOT OF 1051 W BURBANK BLVD","VICTORY PL",175.00,W,N,A,-,N,,,,,,,,,,N,4,0,1,2,B,-,22,,,N,D,C,A,A,H,-,A,D,0,,,,,Y,,A,07,0,0,1,0,0,0,0,0,0,"- ","- ",,,"LOS ANGELES",BURBANK,,
82193543,2023,2023-10-09,1912,2023-07-21,2151,15490,,5,5,6,1912,0,0,0,,0,,"3RD STREET","BURBANK BOULEVARD",74.00,S,N,A,-,N,,,,,,,,,,N,3,0,1,2,A,-,07,21658,A,N,B,C,A,A,H,-,C,D,0,,,Y,,Y,,A,01,0,1,0,0,0,0,0,0,1,"- ","- ",34.187431335449219,-118.31482696533203,"LOS ANGELES",BURBANK,-118.31466674804688,34.187305450439453
82193544,2023,2023-10-09,1912,2023-07-22,1221,14527,,6,5,6,1912,0,0,0,,0,,"VICTORY BOULEVARD","MAGNOLIA BOULEVARD",115.00,N,N,A,-,N,,,,,,,,,,Y,4,0,1,1,C,-,18,,,N,H,A,A,A,H,-,A,D,0,,,,,Y,,-,"- ",0,0,1,0,0,0,0,0,0,"- ","- ",34.177478790283203,-118.31832885742188,"LOS ANGELES",BURBANK,-118.31856536865234,34.177768707275391
82193545,2023,2023-10-09,1912,2023-07-22,1348,14527,,6,5,6,1912,0,0,0,,0,,"SCREENLAND DRIVE","HEFFRON DRIVE",150.00,N,N,A,-,N,,,,,,,,,,Y,4,0,3,3,A,-,09,21804,A,N,D,E,A,A,H,-,A,D,0,,,,,Y,,A,01,0,0,3,0,0,0,0,0,0,"- ","- ",34.155410766601562,-118.34210968017578,"LOS ANGELES",BURBANK,-118.34232330322266,34.155769348144531
82193549,2023,2023-10-09,1912,2023-07-24,1856,11832,,1,5,6,1912,0,0,0,,0,,"PACIFIC AVENUE","FREDERIC STREET",0.00,,Y,A,-,N,,,,,,,,,,Y,3,0,2,2,A,-,09,21802,A,N,D,C,A,A,H,-,A,A,0,,,,,Y,,A,07,0,1,1,0,0,0,0,0,0,"- ","- ",,,"LOS ANGELES",BURBANK,-118.33937072753906,34.188228607177734
82193550,2023,2023-10-09,1912,2023-07-25,1103,9393,,2,5,6,1912,0,0,0,,0,,"CLYBOURN AVENUE","MAGNOLIA BOULEVARD",145.00,S,N,A,-,N,,,,,,,,,,N,3,0,1,2,A,-,09,21809,A,N,D,G,A,A,H,-,A,D,0,,Y,,,Y,,L,04,0,1,0,0,0,0,1,0,0,"- ","- ",,,"LOS ANGELES",BURBANK,-118.35466003417969,34.164852142333984
82193553,2023,2023-10-09,1912,2023-07-26,"650 ",12451,,3,5,6,1912,0,0,0,,0,,"BUENA VISTA STREET","OLIVE AVENUE",0.00,,Y,A,-,N,,,,,,,,,,Y,4,0,2,2,A,-,12,21453,A,N,D,C,A,A,H,-,A,A,0,,,,,Y,,A,01,0,0,2,0,0,0,0,0,0,"- ","- ",,,"LOS ANGELES",BURBANK,-118.32955932617188,34.161148071289062
82193555,2023,2023-10-09,1912,2023-07-28,1311,13377,,5,5,6,1912,0,0,0,,0,,"BUENA VISTA STREET","GLENOAKS BOULEVARD",25.00,S,N,A,-,N,,,,,,,,,,Y,3,0,2,2,A,-,03,22350,,N,C,C,A,A,H,-,A,A,0,,,,,Y,,D,22,0,1,1,0,0,0,0,0,0,"- ","- ",,,"LOS ANGELES",BURBANK,-118.33773040771484,34.204879760742188
82193557,2023,2023-10-09,1912,2023-07-27,2309,15259,,4,5,6,1912,0,0,0,,0,,"VANOWEN STREET","ONTARIO STREET",54.00,E,N,A,-,N,,,,,,,,,,Y,4,0,1,2,A,-,01,23152,F,N,D,E,A,A,H,-,C,D,0,,,,,Y,,A,01,0,0,1,0,0,0,0,0,0,"- ","- ",34.190910339355469,-118.34461975097656,"LOS ANGELES",BURBANK,-118.34442901611328,34.190898895263672
82193558,2023,2023-10-09,1912,2023-07-31,1225,11832,,1,5,6,1912,0,0,0,,0,,"ORANGE GROVE AVENUE","GLENOAKS BOULEVARD",0.00,,Y,B,-,N,,,,,,,,,,N,3,0,1,2,A,-,10,21950,A,N,G,B,B,A,H,-,A,A,0,Y,,,,Y,,A,01,0,1,0,0,1,0,0,0,0,"- ","- ",,,"LOS ANGELES",BURBANK,-118.30725860595703,34.183963775634766
82193559,2023,2023-10-09,1912,2023-07-31,1857,13813,,1,5,6,1912,0,0,0,,0,,"HOLLYWOOD WAY","MAGNOLIA BOULEVARD",0.00,,Y,B,-,N,,,,,,,,,,N,4,0,3,3,A,-,08,22107,,N,B,C,A,A,H,-,A,A,0,,,,,Y,,I,11,0,0,3,0,0,0,0,0,0,"- ","- ",34.167800903320312,-118.34713745117188,"LOS ANGELES",BURBANK,-118.34701538085938,34.167869567871094
82193560,2023,2023-10-09,1912,2023-08-01,1402,15454,,2,5,6,1912,0,0,0,,0,,"VICTORY BOULEVARD","MAGNOLIA BOULEVARD",400.00,S,N,A,-,N,,,,,,,,,,N,4,0,1,2,A,-,07,21658,A,N,B,C,A,A,H,-,A,D,0,,,Y,,Y,,A,01,0,0,1,0,0,0,0,0,1,"- ","- ",34.177478790283203,-118.31832885742188,"LOS ANGELES",BURBANK,-118.31792449951172,34.176464080810547
82193561,2023,2023-10-09,1912,2023-08-02,"815 ",13377,,3,5,6,1912,0,0,0,,0,,"BEL AIRE DRIVE","VERDUGO AVENUE",0.00,,Y,A,-,N,,,,,,,,,,N,3,0,1,2,A,-,10,21950,A,N,G,B,B,A,H,-,A,A,0,Y,,,,Y,,D,23,0,1,0,0,1,0,0,0,0,"- ","- ",,,"LOS ANGELES",BURBANK,-118.29594421386719,34.187957763671875
82193563,2023,2023-10-09,1912,2023-08-03,1825,13813,,4,5,6,1912,0,0,0,,0,,"VICTORY BOULEVARD","ISABEL STREET",0.00,,Y,A,-,N,,,,,,,,,,N,4,0,1,2,A,-,00,20002,A,M,C,C,A,A,H,-,A,D,0,,,,,Y,,A,01,0,0,1,0,0,0,0,0,0,"- ","- ",,,"LOS ANGELES",BURBANK,-118.3211669921875,34.183132171630859
82193564,2023,2023-10-09,1912,2023-08-05,2146,14849,,6,5,6,1912,0,0,0,,0,,"SAN FERNANDO BOULEVARD","PALM AVENUE",20.00,N,N,A,-,N,,,,,,,,,,Y,4,0,1,2,A,-,01,23153,A,N,C,C,A,A,H,-,C,A,0,,,,,Y,Y,A,01,0,0,1,0,0,0,0,0,0,"- ","- ",34.182319641113281,-118.31073760986328,"LOS ANGELES",BURBANK,-118.31076812744141,34.182376861572266
82193565,2023,2023-10-09,1912,2023-08-06,1659,15728,1912,7,5,6,1912,0,0,0,,0,,"1ST STREET","MAGNOLIA BOULEVARD",208.00,S,N,A,-,N,,,,,,,,,,Y,4,0,2,2,A,-,08,22107,,N,D,C,A,A,H,-,A,A,0,,,,,Y,,A,07,0,0,2,0,0,0,0,0,0,"- ","- ",34.181900024414062,-118.31301116943359,"LOS ANGELES",BURBANK,-118.31249237060547,34.181495666503906
82193566,2023,2023-10-09,1912,2023-08-07,1256,13377,,1,5,6,1912,0,0,0,,0,,"EMPIRE AVENUE","BRIGHTON STREET",50.00,E,N,A,-,N,,,,,,,,,,N,4,0,1,3,A,-,03,22350,,N,C,C,A,A,H,-,A,D,0,,,,,Y,,D,22,0,0,1,0,0,0,0,0,0,"- ","- ",,,"LOS ANGELES",BURBANK,-118.33675384521484,34.191898345947266
82193568,2023,2023-10-09,1912,2023-08-07,1530,9393,,1,5,6,1912,0,0,0,,0,,"CLARK AVENUE","ROSE STREET",0.00,,Y,A,-,N,,,,,,,,,,Y,4,0,2,2,A,-,09,21802,A,N,D,C,A,A,H,-,A,A,0,,,,,Y,,A,01,0,0,2,0,0,0,0,0,0,"- ","- ",,,"LOS ANGELES",BURBANK,-118.35138702392578,34.162380218505859
82193571,2023,2023-10-09,1912,2023-08-09,1915,14023,,3,5,6,1912,0,0,0,,0,,"EMPIRE AVENUE","INTERSTATE 5",0.00,,Y,A,-,N,,,,,,,,,,Y,3,0,1,2,D,-,00,,,N,D,C,A,A,H,-,A,A,0,,,,,Y,,-,"- ",0,1,0,0,0,0,0,0,0,"- ","- ",,,"LOS ANGELES",BURBANK,-118.32786560058594,34.191864013671875
82193572,2023,2023-10-09,1912,2023-08-10,"915 ",15664,1912,4,5,6,1912,0,0,0,,0,00D,"ANGELENO AVENUE","BEL AIRE DRIVE",0.00,,Y,A,-,N,,,,,,,,,,N,4,0,1,2,-,-,"- ",,,N,D,C,A,A,H,-,A,A,0,,,,,Y,,-,"- ",0,0,1,0,0,0,0,0,0,"- ","- ",,,"LOS ANGELES",BURBANK,-118.29789733886719,34.189380645751953
82193574,2023,2023-10-09,1912,2023-08-11,"953 ",13850,,5,5,6,1912,0,0,0,,0,,"ALAMEDA AVENUE","SHELTON STREET",356.00,E,N,B,-,N,,,,,,,,,,Y,3,0,2,2,A,-,09,21801,A,N,D,C,A,A,H,-,A,A,0,,,,,Y,,A,08,0,2,0,0,0,0,0,0,0,"- ","- ",,,"LOS ANGELES",BURBANK,-118.31385803222656,34.162990570068359
82193578,2023,2023-10-09,1912,2023-08-11,"957 ",11822,BURBA,5,5,6,1912,0,0,0,,0,,"3RD STREET","BURBANK BOULEVARD",0.00,,Y,A,-,N,,,,,,,,,,N,4,0,2,2,A,-,03,22350,,N,C,C,A,A,H,-,A,A,0,,,,,Y,,A,01,0,0,2,0,0,0,0,0,0,"- ","- ",34.187431335449219,-118.31482696533203,"LOS ANGELES",BURBANK,-118.31484985351562,34.187435150146484
82193580,2023,2023-10-09,1912,2023-08-12,2331,15490,,6,5,6,1912,0,0,0,,0,,"PASS AVENUE","HEFFRON DRIVE",24.00,N,N,A,-,N,,,,,,,,,,Y,3,0,1,1,A,-,08,22107,,N,E,I,A,A,H,-,C,D,0,,,,,Y,,A,01,0,1,0,0,0,0,0,0,0,"- ","- ",34.154888153076172,-118.34567260742188,"LOS ANGELES",BURBANK,-118.34550476074219,34.154991149902344
82193582,2023,2023-10-09,1912,2023-08-15,2129,11832,,2,5,6,1912,0,0,0,,0,,"BUENA VISTA STREET","VERDUGO AVENUE",0.00,,Y,A,-,N,,,,,,,,,,Y,3,0,2,2,A,-,01,23153,A,N,D,C,A,A,H,-,C,A,0,,,,,Y,Y,A,01,0,1,1,0,0,0,0,0,0,"- ","- ",,,"LOS ANGELES",BURBANK,-118.33145141601562,34.165069580078125
82193815,2023,2023-10-09,1912,2023-07-16,1143,14481,,7,5,6,1912,0,0,0,,0,,"RIVERSIDE DRIVE","VALLEY STREET",32.00,E,N,A,-,N,,,,,,,,,,Y,3,0,2,2,A,-,09,21801,A,N,D,C,A,A,H,-,A,D,0,,,,,Y,,A,01,0,1,1,0,0,0,0,0,0,"- ","- ",34.152210235595703,-118.34764862060547,"LOS ANGELES",BURBANK,-118.34755706787109,34.152210235595703
82193819,2023,2023-10-09,1912,2023-08-09,1205,9393,,3,5,6,1912,0,0,0,,0,,"ALAMEDA AVENUE","GRIFFITH PARK DRIVE",90.00,W,N,A,-,N,,,,,,,,,,N,3,0,1,2,A,-,08,22107,,N,C,E,A,A,H,-,A,D,0,,,,,Y,,M,94,0,1,0,0,0,0,0,0,0,"- ","- ",34.161849975585938,-118.31707763671875,"LOS ANGELES",BURBANK,-118.31719207763672,34.161876678466797
82193822,2023,2023-10-09,1912,2023-08-11,2244,15490,,5,5,6,1912,0,0,0,,0,,"BUENA VISTA STREET","VICTORY BOULEVARD",37.00,N,N,A,-,N,,,,,,,,,,Y,4,0,1,2,A,-,09,21804,A,N,D,C,A,A,H,-,C,A,0,,,,,Y,,A,01,0,0,1,0,0,0,0,0,0,"- ","- ",34.184429168701172,-118.33841705322266,"LOS ANGELES",BURBANK,-118.33834838867188,34.184700012207031
82193823,2023,2023-10-09,1912,2023-08-15,1659,9393,,2,5,6,1912,0,0,0,,0,,"VICTORY BOULEVARD","VERDUGO AVENUE",0.00,,Y,A,-,N,,,,,,,,,,N,4,0,1,2,A,-,07,21658,A,N,B,C,A,A,H,-,A,A,0,,,,,Y,,A,07,0,0,1,0,0,0,0,0,0,"- ","- ",,,"LOS ANGELES",BURBANK,-118.31507873535156,34.170570373535156
82193824,2023,2023-10-09,1912,2023-08-15,2142,13813,,2,5,6,1912,0,0,0,,0,,"GLENOAKS BOULEVARD","SANTA ANITA AVENUE",31.00,S,N,A,-,N,,,,,,,,,,N,4,0,2,2,A,-,03,22350,,N,C,C,A,A,H,-,C,D,0,,,,,Y,,A,01,0,0,2,0,0,0,0,0,0,"- ","- ",34.180118560791016,-118.30239105224609,"LOS ANGELES",BURBANK,-118.30221557617188,34.180263519287109
82193825,2023,2023-10-09,1912,2023-08-19,1800,14849,,6,5,6,1912,0,0,0,,0,,"SAN FERNANDO BOULEVARD","GRISMER AVENUE",280.00,N,N,B,-,N,,,,,,,,,,N,4,0,1,2,A,-,05,21650,1,N,A,G,A,A,H,-,A,A,0,,Y,,,Y,,L,04,0,0,1,0,0,0,1,0,0,"- ","- ",34.191680908203125,-118.32525634765625,"LOS ANGELES",BURBANK,,
82193826,2023,2023-10-09,1912,2023-08-19,1859,14849,,6,5,6,1912,0,0,0,,0,,"OLIVE AVENUE","1ST STREET",0.00,,Y,B,-,N,,,,,,,,,,Y,4,0,1,2,A,-,09,21801,A,N,D,C,A,A,H,-,A,A,0,,,,,Y,,A,01,0,0,1,0,0,0,0,0,0,"- ","- ",34.179698944091797,-118.31002807617188,"LOS ANGELES",BURBANK,-118.31002044677734,34.179714202880859
82193828,2023,2023-10-09,1912,2023-08-22,1359,13377,,2,5,6,1912,0,0,0,,0,,"6TH STREET","BETHANY ROAD",25.00,N,N,A,-,N,,,,,,,,,,Y,3,0,2,2,A,-,08,22107,,N,A,E,A,A,H,-,A,A,0,,,,,Y,,D,22,0,1,1,0,0,0,0,0,0,"- ","- ",,,"LOS ANGELES",BURBANK,-118.31539916992188,34.193954467773438
82193829,2023,2023-10-09,1912,2023-08-23,1146,9393,,3,5,6,1912,0,0,0,,0,,"3RD STREET","MAGNOLIA BOULEVARD",0.00,,Y,A,-,N,,,,,,,,,,N,3,0,1,2,A,-,10,21950,A,N,G,B,B,A,H,-,A,A,0,Y,,,,Y,,A,01,0,1,0,0,1,0,0,0,0,"- ","- ",,,"LOS ANGELES",BURBANK,-118.31050109863281,34.184215545654297
82193830,2023,2023-10-09,1912,2023-08-23,2024,15454,,3,5,6,1912,0,0,0,,0,,"OLIVE AVENUE","GLENOAKS BOULEVARD",0.00,,Y,A,-,N,,,,,,,,,,N,4,0,1,2,A,-,10,21950,A,N,G,B,B,A,H,-,A,D,0,Y,,,,Y,,A,07,0,0,1,0,1,0,0,0,0,"- ","- ",34.183181762695312,-118.30622863769531,"LOS ANGELES",BURBANK,-118.30626678466797,34.183223724365234
82193831,2023,2023-10-09,1912,2023-08-23,2036,14849,,3,5,6,1912,0,0,0,,0,,"MAGNOLIA BOULEVARD","BUENA VISTA STREET",0.00,,Y,A,-,N,,,,,,,,,,N,4,0,1,1,A,-,03,22350,,N,F,A,A,A,H,-,C,A,0,,,Y,,Y,,C,02,0,0,1,0,0,0,0,0,1,"- ","- ",34.171970367431641,-118.33474731445312,"LOS ANGELES",BURBANK,-118.33475494384766,34.171974182128906
82193832,2023,2023-10-09,1912,2023-08-24,1129,12451,,4,5,6,1912,0,0,0,,0,,"CLARK AVENUE","LAMER STREET",50.00,W,N,A,-,N,,,,,,,,,,N,4,0,1,2,A,-,08,22107,,N,A,C,A,A,H,-,A,A,0,,,,Y,Y,,F,27,0,0,1,0,0,0,0,0,0,"- ","- ",,,"LOS ANGELES",BURBANK,-118.32810974121094,34.170177459716797
82193833,2023,2023-10-09,1912,2023-08-24,1641,12451,,4,5,6,1912,0,0,0,,0,,"EMPIRE AVENUE","AVENUE A",0.00,,Y,A,-,N,,,,,,,,,,N,3,0,2,2,A,-,03,22350,,N,C,C,A,A,H,-,A,A,0,,,,,Y,,A,01,0,1,1,0,0,0,0,0,0,"- ","- ",34.193279266357422,-118.35414123535156,"LOS ANGELES",BURBANK,-120.54074859619141,38.229354858398438
82193835,2023,2023-11-17,1912,2023-08-25,1835,15490,,5,5,6,1912,0,0,0,,0,,"VICTORY BOULEVARD","CLYBOURN AVENUE (W)",0.00,,Y,A,-,N,,,,,,,,,,Y,4,0,1,2,A,-,09,21802,A,F,D,C,A,A,H,-,A,A,0,,,,,Y,,A,01,0,0,1,0,0,0,0,0,0,"- ","- ",34.186691284179688,-118.36376190185547,"LOS ANGELES",BURBANK,-118.35971832275391,34.184879302978516
82193836,2023,2023-10-09,1912,2023-08-27,1348,11822,BURBA,7,5,6,1912,0,0,0,,0,,"RIVERSIDE DRIVE","BEACHWOOD DRIVE",0.00,,Y,A,-,N,,,,,,,,,,Y,2,0,5,2,A,-,03,22350,,N,A,C,A,A,H,-,A,A,0,,,,,Y,,A,01,1,2,2,0,0,0,0,0,0,"- ","- ",34.157600402832031,-118.31600189208984,"LOS ANGELES",BURBANK,-118.31598663330078,34.157619476318359
82193838,2023,2023-10-09,1912,2023-08-28,"405 ",15510,,1,5,6,1912,0,0,0,,0,,"HOLLYWOOD WAY","VERDUGO AVENUE",787.00,S,N,A,-,N,,,,,,,,,,N,3,0,2,1,A,-,03,22350,,N,E,I,A,A,H,-,C,A,0,,,,,Y,,A,01,0,2,0,0,0,0,0,0,0,"- ","- ",34.1610107421875,-118.34361267089844,"LOS ANGELES",BURBANK,-118.34268188476562,34.159004211425781
82193839,2023,2023-10-09,1912,2023-08-29,1344,13377,,2,5,6,1912,0,0,0,,0,,"CLARK AVENUE","BEACHWOOD DRIVE",0.00,,Y,A,-,N,,,,,,,,,,N,3,0,1,2,A,-,06,21750,A,N,D,G,A,A,H,-,A,D,0,,Y,,,Y,,L,04,0,1,0,0,0,0,1,0,0,"- ","- ",,,"LOS ANGELES",BURBANK,-118.32292938232422,34.171920776367188
82193840,2023,2023-10-09,1912,2023-08-30,1459,12451,,3,5,6,1912,0,0,0,,0,,"EDISON BOULEVARD","BURBANK BOULEVARD",10.00,S,N,A,-,N,,,,,,,,,,N,4,0,1,2,A,-,17,22109,,N,C,C,A,A,H,-,A,A,0,,,,,Y,,A,01,0,0,1,0,0,0,0,0,0,"- ","- ",,,"LOS ANGELES",BURBANK,-118.35023498535156,34.174655914306641
82193841,2023,2023-10-09,1912,2023-08-30,1531,13208,1912,3,5,6,1912,0,0,0,,0,,"SAN FERNANDO BOULEVARD","DELAWARE ROAD",130.00,N,N,A,-,N,,,,,,,,,,N,3,0,1,2,A,-,09,21804,A,N,D,C,A,A,H,-,A,D,0,,,,,Y,,A,01,0,1,0,0,0,0,0,0,0,"- ","- ",34.187839508056641,-118.31851196289062,"LOS ANGELES",BURBANK,-118.31877136230469,34.188205718994141
82193843,2023,2023-10-09,1912,2023-09-01,"724 ",12451,,5,5,6,1912,0,0,0,,0,,"GLENOAKS BOULEVARD","VERDUGO AVENUE",0.00,,Y,A,-,N,,,,,,,,,,N,2,0,1,2,A,-,10,21950,A,N,G,B,B,A,H,-,A,A,0,Y,,,,Y,,I,20,1,0,0,0,1,0,0,0,0,"- ","- ",34.180828094482422,-118.30335235595703,"LOS ANGELES",BURBANK,-118.30320739746094,34.181011199951172
82193847,2023,2023-10-09,1912,2023-09-05,1345,13377,,2,5,6,1912,0,0,0,,0,,"TUJUNGA AVENUE","5TH STREET",186.00,W,N,B,-,N,,,,,,,,,,N,4,0,1,2,A,-,21,22106,,N,D,C,A,A,H,-,A,A,0,,,,,Y,,A,07,0,0,1,0,0,0,0,0,0,"- ","- ",34.182701110839844,-118.3031005859375,"LOS ANGELES",BURBANK,-118.30341339111328,34.182502746582031
82193848,2023,2023-10-09,1912,2023-09-05,1902,15454,,2,5,6,1912,0,0,0,,0,,"VICTORY PLACE","LAKE STREET",700.00,N,N,A,-,N,,,,,,,,,,Y,3,0,1,2,A,-,01,23152,A,N,E,I,A,A,H,-,A,D,0,,,,,Y,Y,A,01,0,1,0,0,0,0,0,0,0,"- ","- ",34.185791015625,-118.32241058349609,"LOS ANGELES",BURBANK,-118.32327270507812,34.187519073486328
82196818,2023,2023-10-12,1912,2023-08-31,1930,15454,,4,5,6,1912,0,0,0,,0,,"GLENOAKS BOULEVARD","ANGELENO AVENUE",0.00,,Y,A,-,N,,,,,,,,,,N,3,0,1,2,A,-,10,21950,A,N,G,B,B,A,H,-,C,A,0,Y,,,,Y,,A,07,0,1,0,0,1,0,0,0,0,"- ","- ",34.182270050048828,-118.30531311035156,"LOS ANGELES",BURBANK,-118.30521392822266,34.182449340820312
82197891,2023,2023-10-13,1912,2023-08-29,1139,11832,,2,5,6,1912,0,0,0,,0,,"I-5 N/B (GSF) TO ALAMEDA AVENUE","ALAMEDA AVENUE",0.00,,Y,A,-,Y,,,,,,,,,,N,4,0,1,2,A,-,03,22350,,N,C,C,A,A,H,-,A,A,0,,,,,Y,,D,22,0,0,1,0,0,0,0,0,0,"- ","- ",,,"LOS ANGELES",BURBANK,-118.30419921875,34.170337677001953
82197893,2023,2023-10-13,1912,2023-09-06,1648,13850,,3,5,6,1912,0,0,0,,0,,"GLENOAKS BOULEVARD","DELAWARE ROAD",0.00,,Y,A,-,N,,,,,,,,,,Y,4,0,1,2,A,-,12,21453,A,N,D,C,A,A,H,-,A,A,0,,,,,Y,,A,01,0,0,1,0,0,0,0,0,0,"- ","- ",,,"LOS ANGELES",BURBANK,-118.31596374511719,34.190296173095703
82197897,2023,2023-10-13,1912,2023-09-11,"903 ",11832,,1,5,6,1912,0,0,0,,0,,"BURBANK BOULEVARD","VICTORY PLACE",360.00,E,N,B,-,N,,,,,,,,,,N,4,0,1,2,A,-,03,22350,,N,C,C,A,A,H,-,A,A,0,,,,,Y,,A,07,0,0,1,0,0,0,0,0,0,"- ","- ",,,"LOS ANGELES",BURBANK,-118.32060241699219,34.184642791748047
82197899,2023,2023-10-13,1912,2023-09-11,1332,11832,,1,5,6,1912,0,0,0,,0,,"GLENOAKS BOULEVARD","KEELER STREET",0.00,,Y,A,-,N,,,,,,,,,,Y,3,0,5,3,A,-,09,21802,A,N,D,C,A,A,H,-,A,A,0,,,,,Y,,A,07,0,2,3,0,0,0,0,0,0,"- ","- ",,,"LOS ANGELES",BURBANK,-118.32728576660156,34.198570251464844
82197903,2023,2023-10-13,1912,2023-09-12,1320,11832,,2,5,6,1912,0,0,0,,0,,"VICTORY BOULEVARD","MAGNOLIA BOULEVARD",440.00,N,N,A,-,N,,,,,,,,,,Y,3,0,3,2,A,-,09,21804,A,N,A,C,A,A,H,-,A,D,0,,,,,Y,,-,"- ",0,1,2,0,0,0,0,0,0,"- ","- ",,,"LOS ANGELES",BURBANK,-118.3189697265625,34.178596496582031
82199571,2023,2023-10-16,1912,2023-09-14,1129,12451,,4,5,6,1912,0,0,0,,0,,"RIVERSIDE DRIVE","BUENA VISTA STREET",0.00,,Y,A,-,N,,,,,,,,,,N,3,0,1,1,A,-,12,21453,A,N,F,A,A,A,H,-,A,A,0,,,Y,,Y,,C,02,0,1,0,0,0,0,0,0,1,"- ","- ",,,"LOS ANGELES",BURBANK,-118.32617950439453,34.154155731201172
82199572,2023,2023-10-16,1912,2023-09-14,1152,12451,,4,5,6,1912,0,0,0,,0,,"MAGNOLIA BOULEVARD","FAIRVIEW STREET",0.00,,Y,A,-,N,,,,,,,,,,Y,3,0,1,2,A,-,09,21802,A,N,D,C,A,A,H,-,A,A,0,,,,,Y,,A,01,0,1,0,0,0,0,0,0,0,"- ","- ",,,"LOS ANGELES",BURBANK,-118.34091949462891,34.169921875
82208805,2023,2023-10-26,1912,2023-09-20,1715,12451,,3,5,6,1912,0,0,0,,0,,"ALAMEDA AVENUE","FLOWER STREET",0.00,,Y,A,-,N,,,,,,,,,,Y,4,0,1,3,A,-,12,21453,A,N,D,C,A,A,H,-,A,A,0,,,,,Y,,A,01,0,0,1,0,0,0,0,0,0,"- ","- ",,,"LOS ANGELES",BURBANK,-118.30301666259766,34.171390533447266
82220968,2023,2023-10-30,1912,2023-09-19,1933,15454,,2,5,6,1912,0,0,0,,0,,"MAGNOLIA BOULEVARD","HOLLYWOOD WAY",0.00,,Y,A,-,N,,,,,,,,,,N,3,0,2,2,A,-,12,21453,A,N,B,C,A,A,H,-,C,A,0,,,Y,,Y,,C,02,0,1,1,0,0,0,0,0,2,"- ","- ",34.167869567871094,-118.34697723388672,"LOS ANGELES",BURBANK,-118.34701538085938,34.167869567871094
82222578,2023,2023-10-30,1912,2023-09-27,1101,12451,,3,5,6,1912,0,0,0,,0,,"HOLLYWOOD WAY","WINONA AVENUE",0.00,,Y,A,-,N,,,,,,,,,,Y,3,0,2,2,A,-,12,21453,A,N,D,C,A,A,H,-,A,A,0,,,,,Y,,A,01,0,2,0,0,0,0,0,0,0,"- ","- ",34.199268341064453,-118.34886932373047,"LOS ANGELES",BURBANK,-118.34886932373047,34.199314117431641
82222579,2023,2023-11-01,1912,2023-09-27,1320,13387,,3,5,6,1912,0,0,0,,0,,"SAN FERNANDO BOULEVARD","AMHERST DRIVE",0.00,N,Y,A,-,N,,,,,,,,,,N,3,0,1,2,A,-,11,21451,C,F,G,B,B,A,H,-,A,A,0,Y,,,,Y,,N,60,0,1,0,0,1,0,0,0,0,"- ","- ",,,"LOS ANGELES",BURBANK,-118.32118225097656,34.189990997314453
82222580,2023,2023-10-30,1912,2023-09-28,1925,15490,,4,5,6,1912,0,0,0,,0,,"HOLLYWOOD WAY","WINONA AVENUE",0.00,,Y,A,-,N,,,,,,,,,,Y,3,0,2,2,A,-,09,21801,A,N,B,C,A,A,H,-,C,A,0,,,,,Y,,A,07,0,1,1,0,0,0,0,0,0,"- ","- ",34.199268341064453,-118.34886932373047,"LOS ANGELES",BURBANK,-118.34886932373047,34.199314117431641
82229563,2023,2023-11-07,1912,2023-10-06,2056,14578,,5,5,6,1912,0,0,0,,0,,"VICTORY PLACE","LAKE ST",0.00,,Y,A,-,N,,,,,,,,,,Y,3,0,1,2,A,-,01,23153,A,F,C,C,A,A,H,-,C,A,0,,,,Y,Y,Y,F,86,0,1,0,0,0,0,0,0,0,"- ","- ",,,"LOS ANGELES",BURBANK,-118.32242584228516,34.185726165771484
82231623,2023,2023-11-13,1912,2023-09-29,1045,12451,,5,5,6,1912,0,0,0,,0,,"VICTORY BOULEVARD","OLIVE AVENUE",0.00,,Y,B,-,N,,,,,,,,,,Y,4,0,2,3,A,-,12,21453,A,N,D,C,A,A,H,-,A,A,0,,,,,Y,,A,01,0,0,2,0,0,0,0,0,0,"- ","- ",34.173358917236328,-118.31662750244141,"LOS ANGELES",BURBANK,-118.31652069091797,34.173530578613281
82231624,2023,2024-06-05,1912,2023-10-02,"637 ",13387,,1,5,6,1912,0,0,0,,0,,"EAST ALLEY OF HOLLYWOOD WAY","MAGNOLIA BLVD",390.00,S,N,A,-,N,,,,,,,,,,N,4,0,1,4,A,-,09,21804,A,M,D,C,A,A,H,-,A,D,0,,,,,Y,,A,01,0,0,1,0,0,0,0,0,0,"- ","- ",,,"LOS ANGELES",BURBANK,,
82231625,2023,2023-11-09,1912,2023-10-03,1036,9393,,2,5,6,1912,0,0,0,,0,,"VICTORY PLACE","LAKE STREET",190.00,S,N,A,-,N,,,,,,,,,,N,4,0,1,2,A,-,07,21658,A,N,B,C,A,A,H,-,A,D,0,,,,,Y,,A,01,0,0,1,0,0,0,0,0,0,"- ","- ",34.185600280761719,-118.32248687744141,"LOS ANGELES",BURBANK,-118.32218933105469,34.185249328613281
82231626,2023,2023-11-09,1912,2023-10-04,1400,13387,,3,5,6,1912,0,0,0,,0,,"VICTORY BOULEVARD","ELMWOOD AVENUE (W)",0.00,,Y,A,-,N,,,,,,,,,,Y,3,0,2,2,A,-,09,21801,A,N,D,C,A,A,H,-,A,D,0,,,,,Y,,A,01,0,1,1,0,0,0,0,0,0,"- ","- ",,,"LOS ANGELES",BURBANK,-118.31018829345703,34.168418884277344
82231628,2023,2023-11-09,1912,2023-10-04,1919,13208,,3,5,6,1912,0,0,0,,0,,"HOLLYWOOD WAY","MAGNOLIA BOULEVARD",124.00,N,N,A,-,N,,,,,,,,,,Y,3,0,2,2,A,-,09,21804,A,N,D,C,A,A,H,-,C,D,0,,,,,Y,,A,01,0,2,0,0,0,0,0,0,0,"- ","- ",34.167869567871094,-118.34697723388672,"LOS ANGELES",BURBANK,-118.34716033935547,34.168186187744141
82233323,2023,2023-11-13,1912,2023-09-24,1925,13362,,7,5,6,1912,0,0,0,,0,,"ALAMEDA AVENUE","MAPLE STREET",0.00,,Y,A,-,N,,,,,,,,,,N,3,0,1,2,A,-,05,21651,A,F,A,C,A,A,H,-,C,D,0,,,,,Y,,D,22,0,1,0,0,0,0,0,0,0,"- ","- ",34.153129577636719,-118.34336853027344,"LOS ANGELES",BURBANK,-118.34334564208984,34.153110504150391
82233325,2023,2023-11-13,1912,2023-10-10,1402,11832,,2,5,6,1912,0,0,0,,0,,"VICTORY BOULEVARD","CHANDLER BOULEVARD",170.00,S,N,A,-,N,,,,,,,,,,Y,4,0,2,2,A,-,09,21804,A,N,D,C,A,A,H,-,A,D,0,,,,,Y,,A,01,0,0,2,0,0,0,0,0,0,"- ","- ",,,"LOS ANGELES",BURBANK,-118.31980895996094,34.180316925048828
82233326,2023,2023-11-13,1912,2023-10-10,1727,11832,,2,5,6,1912,0,0,0,,0,,"BUENA VISTA STREET","VERDUGO AVENUE",95.00,N,N,A,-,N,,,,,,,,,,N,4,0,2,2,A,-,03,22350,,N,C,C,A,A,H,-,A,A,0,,,,,Y,,A,01,0,0,2,0,0,0,0,0,0,"- ","- ",,,"LOS ANGELES",BURBANK,-118.33155822753906,34.165313720703125
82233602,2023,2023-11-13,1912,2023-10-10,1445,9393,,2,5,6,1912,0,0,0,,0,,"HOLLYWOOD WAY","MAGNOLIA BOULEVARD",660.00,N,N,A,-,N,,,,,,,,,,N,3,0,1,2,A,-,07,21658,A,N,B,C,A,A,H,-,A,D,0,,,Y,,Y,,A,01,0,1,0,0,0,0,0,0,1,"- ","- ",34.167869567871094,-118.34697723388672,"LOS ANGELES",BURBANK,-118.34782409667969,34.169548034667969
82233604,2023,2023-11-13,1912,2023-10-11,1937,15454,,3,5,6,1912,0,0,0,,0,,"KENNETH ROAD","KEYSTONE STREET",0.00,,Y,A,-,N,,,,,,,,,,N,3,0,2,2,A,-,09,21802,A,N,D,C,A,A,H,-,C,A,0,,,,,Y,,A,07,0,1,1,0,0,0,0,0,0,"- ","- ",34.206279754638672,-118.33336639404297,"LOS ANGELES",BURBANK,-118.33341979980469,34.206390380859375
82236185,2023,2023-11-15,1912,2023-10-14,"842 ",11822,BURBA,6,5,6,1912,0,0,0,,0,,"ALAMEDA AVENUE","SAN FERNANDO BOULEVARD",0.00,,Y,A,-,N,,,,,,,,,,N,3,0,1,2,A,-,10,21950,A,N,G,B,B,A,H,-,A,A,0,Y,,,,Y,,A,01,0,1,0,0,1,0,0,0,0,"- ","- ",34.1744384765625,-118.29988861083984,"LOS ANGELES",BURBANK,-118.29988098144531,34.174423217773438
82236186,2023,2023-11-15,1912,2023-10-14,1040,14609,1912,6,5,6,1912,0,0,0,,0,00J,"EMPIRE AVENUE","CLYBOURN AVENUE",2385.00,E,N,A,-,N,,,,,,,,,,Y,2,0,2,2,A,-,09,21801,A,N,C,C,A,A,H,-,A,D,0,,,,,Y,,A,01,1,0,1,0,0,0,0,0,0,"- ","- ",34.194358825683594,-118.36100769042969,"LOS ANGELES",BURBANK,-118.35338592529297,34.193103790283203
82237358,2023,2023-11-16,1912,2023-08-25,1500,14849,,5,5,6,1912,0,0,0,,0,,"6TH STREET","CEDAR AVENUE",200.00,N,N,A,-,N,,,,,,,,,,Y,4,0,1,2,A,-,09,21804,A,N,D,C,A,A,H,-,A,D,0,,,,,Y,,A,01,0,0,1,0,0,0,0,0,0,"- ","- ",34.181190490722656,-118.29785919189453,"LOS ANGELES",BURBANK,-118.29837036132812,34.181529998779297
82237359,2023,2023-11-16,1912,2023-10-06,1350,15454,,5,5,6,1912,0,0,0,,0,,"GLENOAKS BOULEVARD","DARTMOUTH ROAD",100.00,N,N,A,-,N,,,,,,,,,,N,4,0,4,2,A,-,03,22350,,N,C,C,A,A,H,-,A,D,0,,,,,Y,,A,01,0,0,4,0,0,0,0,0,0,"- ","- ",34.196010589599609,-118.32379913330078,"LOS ANGELES",BURBANK,-118.32404327392578,34.196186065673828
82237360,2023,2023-11-17,1912,2023-10-11,1906,13208,,3,5,6,1912,0,0,0,,0,,"1ST STREET","MAGNOLIA BOULEVARD",0.00,,Y,A,-,N,,,,,,,,,,Y,3,0,1,2,A,-,12,21453,A,N,D,C,A,A,H,-,C,A,0,,,,,Y,,A,01,0,1,0,0,0,0,0,0,0,"- ","- ",34.181900024414062,-118.31301116943359,"LOS ANGELES",BURBANK,-118.31300354003906,34.181884765625
82237361,2023,2023-11-16,1912,2023-10-12,"851 ",12451,,4,5,6,1912,0,0,0,,0,,"SAN FERNANDO BOULEVARD","HOLLYWOOD WAY",425.00,N,N,A,-,N,,,,,,,,,,Y,4,0,1,2,A,-,07,21658,A,N,B,C,A,A,H,-,A,D,0,,,,,Y,,-,"- ",0,0,1,0,0,0,0,0,0,"- ","- ",,,"LOS ANGELES",BURBANK,-118.34989929199219,34.206043243408203
82238469,2023,2023-11-17,1912,2023-10-09,1241,13387,,1,5,6,1912,0,0,0,,0,,"BURBANK BOULEVARD","EDISON BOULEVARD",0.00,,Y,A,-,N,,,,,,,,,,Y,4,0,2,2,A,-,12,21453,A,N,D,C,A,A,H,-,A,A,0,,,,,Y,,A,07,0,0,2,0,0,0,0,0,0,"- ","- ",,,"LOS ANGELES",BURBANK,-118.35025024414062,34.1746826171875
82238470,2023,2023-11-17,1912,2023-10-10,"741 ",11832,,2,5,6,1912,0,0,0,,0,,"HOLLYWOOD WAY","JEFFRIES AVENUE",120.00,S,N,B,-,N,,,,,,,,,,N,3,0,2,2,A,-,08,22107,,N,D,C,A,A,H,-,A,D,0,,,,,Y,,A,07,0,1,1,0,0,0,0,0,0,"- ","- ",,,"LOS ANGELES",BURBANK,-118.3492431640625,34.180751800537109
82238471,2023,2023-11-17,1912,2023-10-16,"824 ",9393,,1,5,6,1912,0,0,0,,0,,"BUENA VISTA STREET","VICTORY BOULEVARD",150.00,N,N,A,-,N,,,,,,,,,,N,4,0,2,2,A,-,21,22106,,N,C,C,A,A,H,-,A,A,0,,,,,Y,,A,01,0,0,2,0,0,0,0,0,0,"- ","- ",34.184539794921875,-118.33831787109375,"LOS ANGELES",BURBANK,-118.33834075927734,34.185012817382812
82238473,2023,2023-11-17,1912,2023-10-17,"830 ",11832,,2,5,6,1912,0,0,0,,0,,"VERDUGO AVENUE","NAOMI STREET",75.00,E,N,A,-,N,,,,,,,,,,Y,4,0,1,3,A,-,03,22350,,N,C,C,A,A,H,-,A,D,0,,,,,Y,,A,01,0,0,1,0,0,0,0,0,0,"- ","- ",,,"LOS ANGELES",BURBANK,-118.33333587646484,34.164451599121094
82239633,2023,2023-11-20,1912,2023-10-08,1323,14446,,7,5,6,1912,0,0,0,,0,,"VICTORY BOULEVARD","BUENA VISTA STREET",0.00,,Y,A,-,N,,,,,,,,,,Y,2,0,2,2,A,-,09,21801,A,N,A,C,A,A,H,-,A,A,0,,,,,Y,,A,01,1,1,0,0,0,0,0,0,0,"- ","- ",34.184539794921875,-118.33831787109375,"LOS ANGELES",BURBANK,-118.33834838867188,34.184600830078125
82239904,2023,2023-11-20,1912,2023-10-18,1620,16068,,3,5,6,1912,0,0,0,,0,,"NAOMI STREET","VICTORY BOULEVARD",9.00,S,N,A,-,N,,,,,,,,,,N,3,0,1,2,A,-,03,22350,,N,H,G,A,A,H,-,A,D,0,,Y,,,Y,,A,01,0,1,0,0,0,0,1,0,0,"- ","- ",34.184478759765625,-118.34058380126953,"LOS ANGELES",BURBANK,-118.34053039550781,34.184597015380859
82243349,2023,2023-12-12,1912,2023-10-19,1613,12451,,4,5,6,1912,0,0,0,,0,,"OLIVE AVENUE","PARISH PLACE",310.00,W,N,A,-,N,,,,,,,,,,Y,4,0,1,2,A,-,09,21804,A,F,D,C,A,A,H,-,A,A,0,,,,,Y,,A,07,0,0,1,0,0,0,0,0,0,"- ","- ",,,"LOS ANGELES",BURBANK,-118.32534027099609,34.165180206298828
82243350,2023,2023-11-23,1912,2023-10-19,1935,14849,,4,5,6,1912,0,0,0,,0,,"GLENOAKS BOULEVARD","MAGNOLIA BOULEVARD",35.00,N,N,A,-,N,,,,,,,,,,N,3,0,1,2,A,-,11,21954,A,N,G,B,D,A,H,-,C,A,0,Y,,,,Y,,N,60,0,1,0,0,1,0,0,0,0,"- ","- ",34.185199737548828,-118.30930328369141,"LOS ANGELES",BURBANK,-118.30931091308594,34.185443878173828
82243351,2023,2023-11-27,1912,2023-10-20,1310,13208,,5,5,6,1912,0,0,0,,0,,"BURBANK BOULEVARD","3RD STREET",150.00,W,N,A,-,N,,,,,,,,,,Y,4,0,1,2,A,-,06,21750,A,N,B,C,A,A,H,-,A,D,0,,,,,Y,,A,01,0,0,1,0,0,0,0,0,0,"- ","- ",34.187431335449219,-118.31482696533203,"LOS ANGELES",BURBANK,-118.31517791748047,34.1871337890625
82243620,2023,2023-11-24,1912,2023-10-23,1505,11832,,1,5,6,1912,0,0,0,,0,,"VERDUGO AVENUE","BEACHWOOD DRIVE",160.00,W,N,A,-,N,,,,,,,,,,N,4,0,1,2,A,-,21,22106,,N,B,C,A,A,H,-,A,D,0,,,,,Y,,A,01,0,0,1,0,0,0,0,0,0,"- ","- ",,,"LOS ANGELES",BURBANK,-118.32170104980469,34.168369293212891
82243622,2023,2023-11-24,1912,2023-10-23,2126,15407,,1,5,6,1912,0,0,0,,0,,"FRONT STREET","VERDUGO AVENUE",0.00,,Y,A,-,N,,,,,,,,,,N,4,0,2,2,A,-,03,22350,,N,A,C,A,A,H,-,C,D,0,,,,,Y,,A,01,0,0,2,0,0,0,0,0,0,"- ","- ",34.176471710205078,-118.30789184570312,"LOS ANGELES",BURBANK,-118.30827331542969,34.176357269287109
82244383,2023,2023-11-27,1912,2023-10-12,"812 ",13377,,4,5,6,1912,0,0,0,,0,,"EDISON BOULEVARD","BURBANK BOULEVARD",24.00,E,N,A,-,N,,,,,,,,,,N,3,0,1,2,A,-,10,21950,A,N,G,B,B,A,H,-,A,A,0,Y,,,,Y,,A,01,0,1,0,0,1,0,0,0,0,"- ","- ",,,"LOS ANGELES",BURBANK,-118.3502197265625,34.174617767333984
82244385,2023,2023-11-27,1912,2023-10-24,1542,9393,,2,5,6,1912,0,0,0,,0,,"EMPIRE AVENUE","BRIGHTON STREET",0.00,,Y,A,-,N,,,,,,,,,,N,4,0,2,2,A,-,09,21802,A,N,D,C,A,A,H,-,A,A,0,,,,,Y,,A,07,0,0,2,0,0,0,0,0,0,"- ","- ",34.191738128662109,-118.33698272705078,"LOS ANGELES",BURBANK,-118.33692169189453,34.191898345947266
82244387,2023,2023-11-27,1912,2023-10-25,"833 ",9393,,3,5,6,1912,0,0,0,,0,,"BURBANK BOULEVARD","VICTORY BOULEVARD (W)",80.00,E,N,B,C,N,,,,,,,,,,N,4,0,2,2,A,-,03,22350,,N,C,C,A,A,H,-,A,A,0,,,,,Y,,A,07,0,0,2,0,0,0,0,0,0,"- ","- ",,,"LOS ANGELES",BURBANK,-118.32297515869141,34.183879852294922
82250303,2023,2023-12-04,1912,2023-10-27,2233,15490,,5,5,6,1912,0,0,0,,0,,"RT 5 SBOFF/R","FRONT STREET",0.00,,Y,A,-,Y,,,,,,,,,,Y,3,0,1,1,A,-,01,23152,A,N,E,I,A,A,H,-,C,A,0,,,,,Y,Y,A,07,0,1,0,0,0,0,0,0,0,"- ","- ",34.177169799804688,-118.30980682373047,"LOS ANGELES",BURBANK,-118.30970499999999,34.177345000000003
82250305,2023,2023-12-04,1912,2023-10-30,1458,11832,,1,5,6,1912,0,0,0,,0,,"ORANGE GROVE AVENUE","7TH STREET",0.00,,Y,B,-,N,,,,,,,,,,Y,3,0,3,2,A,-,09,21802,A,N,D,C,A,A,H,-,A,A,0,,,,,Y,,A,01,0,1,2,0,0,0,0,0,0,"- ","- ",,,"LOS ANGELES",BURBANK,-118.30361175537109,34.187419891357422
82250306,2023,2023-12-04,1912,2023-10-30,1808,11832,,1,5,6,1912,0,0,0,,0,,"OLIVE AVENUE","LAKE STREET",0.00,,Y,A,-,N,,,,,,,,,,Y,3,0,2,2,A,-,12,21453,A,N,D,C,A,A,H,-,B,A,0,,,,,Y,,A,07,0,1,1,0,0,0,0,0,0,"- ","- ",,,"LOS ANGELES",BURBANK,-118.31436920166016,34.175575256347656
82250308,2023,2023-12-04,1912,2023-10-31,1115,9393,,2,5,6,1912,0,0,0,,0,,"VICTORY BOULEVARD","HOLLYWOOD WAY",0.00,,Y,A,-,N,,,,,,,,,,N,4,0,1,2,A,-,03,22350,,N,C,C,A,A,H,-,A,A,0,,,,,Y,,A,01,0,0,1,0,0,0,0,0,0,"- ","- ",,,"LOS ANGELES",BURBANK,-118.34915924072266,34.184719085693359
82250813,2023,2023-12-04,1912,2023-10-29,1943,14849,,7,5,6,1912,0,0,0,,0,,"OLIVE AVENUE","REESE PLACE",145.00,W,N,A,-,N,,,,,,,,,,N,2,0,1,2,A,-,09,21801,A,F,D,C,A,A,H,-,C,A,0,,,Y,,Y,,A,01,1,0,0,0,0,0,0,0,1,"- ","- ",34.167221069335938,-118.32315826416016,"LOS ANGELES",BURBANK,-118.32334899902344,34.167049407958984
82250820,2023,2023-12-04,1912,2023-11-01,2310,15482,,3,5,6,1912,0,0,0,,0,,"7TH STREET","TUJUNGA AVENUE",0.00,,Y,A,-,N,,,,,,,,,,N,3,0,1,2,A,-,12,22450,A,N,D,C,A,A,H,-,C,D,0,,,,,Y,,A,01,0,1,0,0,0,0,0,0,0,"- ","- ",34.185218811035156,-118.300537109375,"LOS ANGELES",BURBANK,-118.30059814453125,34.185176849365234
82252456,2023,2023-12-05,1912,2023-10-20,2036,14634,,5,5,6,1912,0,0,0,,0,E/F,"BUENA VISTA STREET","MAGNOLIA BOULEVARD",50.00,S,N,A,-,N,,,,,,,,,,N,3,0,1,2,A,-,03,22350,,N,C,C,A,A,H,-,C,A,0,,,,,Y,,A,07,0,1,0,0,0,0,0,0,0,"- ","- ",34.171970367431641,-118.33474731445312,"LOS ANGELES",BURBANK,-118.33469390869141,34.171844482421875
82257642,2023,2023-12-11,1912,2023-11-02,1003,13377,,4,5,6,1912,0,0,0,,0,,"BUENA VISTA STREET","CLARK AVENUE",0.00,,Y,A,-,N,,,,,,,,,,Y,4,0,1,2,A,-,12,21453,A,N,D,C,A,A,H,-,A,A,0,,,Y,,Y,,A,07,0,0,1,0,0,0,0,0,1,"- ","- ",,,"LOS ANGELES",BURBANK,-118.33306121826172,34.168491363525391
82257643,2023,2023-12-11,1912,2023-11-07,"622 ",11832,,2,5,6,1912,0,0,0,,0,,"OLIVE AVENUE","TOLUCA LAKE AVENUE",290.00,S,N,B,-,N,,,,,,,,,,N,3,0,1,2,A,-,10,21950,A,N,G,B,B,A,H,-,A,A,0,Y,,,,Y,,A,07,0,1,0,0,1,0,0,0,0,"- ","- ",,,"LOS ANGELES",BURBANK,-118.34194183349609,34.147556304931641
82258157,2023,2023-12-11,1912,2023-10-23,1443,13387,,1,5,6,1912,0,0,0,,0,,"BUENA VISTA STREET","VICTORY BOULEVARD",340.00,S,N,A,-,N,,,,,,,,,,Y,4,0,2,2,A,-,09,21804,A,N,D,C,A,A,H,-,A,D,0,,,,,Y,,A,01,0,0,2,0,0,0,0,0,0,"- ","- ",34.184429168701172,-118.33841705322266,"LOS ANGELES",BURBANK,-118.33836364746094,34.183666229248047
82258158,2023,2023-12-11,1912,2023-10-24,1342,13387,,2,5,6,1912,0,0,0,,0,,"HOLLYWOOD WAY","JEFFRIES AVENUE",440.00,N,N,A,-,N,,,,,,,,,,N,3,0,1,2,A,-,09,21804,B,N,D,G,A,A,H,-,A,D,0,,Y,,,Y,,M,91,0,1,0,0,0,0,1,0,0,"- ","- ",34.181068420410156,-118.34918212890625,"LOS ANGELES",BURBANK,-118.34921264648438,34.182285308837891
82262630,2023,2023-12-15,1912,2023-11-13,1931,15482,,1,5,6,1912,0,0,0,,0,,"PROVIDENCIA AVENUE","GLENOAKS BOULEVARD",5.00,E,N,A,-,N,,,,,,,,,,N,3,0,1,2,A,-,17,21451,A,N,G,B,B,A,H,-,C,A,0,Y,,,,Y,,A,01,0,1,0,0,1,0,0,0,0,"- ","- ",34.179641723632812,-118.30133819580078,"LOS ANGELES",BURBANK,-118.30134582519531,34.179641723632812
82264023,2023,2023-12-18,1912,2023-11-14,1851,15407,,2,5,6,1912,0,0,0,,0,,"HARVARD ROAD","3RD STREET",0.00,,Y,A,-,N,,,,,,,,,,N,2,0,1,2,D,-,00,,,N,G,B,D,A,H,-,C,D,0,Y,,,,Y,Y,-,"- ",1,0,0,0,1,0,0,0,0,"- ","- ",34.186161041259766,-118.31310272216797,"LOS ANGELES",BURBANK,-118.31314849853516,34.186195373535156
82264247,2023,2023-12-18,1912,2023-11-14,1106,13387,,2,5,6,1912,0,0,0,,0,,"3RD STREET","CORNELL DRIVE",0.00,,Y,A,-,N,,,,,,,,,,N,3,0,2,2,A,-,12,22450,A,N,D,C,A,A,H,-,A,A,0,,,,,Y,,A,01,0,1,1,0,0,0,0,0,0,"- ","- ",,,"LOS ANGELES",BURBANK,-118.31809997558594,34.189777374267578
82264249,2023,2023-12-18,1912,2023-11-15,1420,12451,,3,5,6,1912,0,0,0,,0,,"RIVERSIDE DRIVE","BUENA VISTA STREET",500.00,W,N,B,C,N,,,,,,,,,,Y,3,0,1,2,A,-,07,21658,A,N,D,C,A,B,H,-,A,D,0,,,,,Y,,A,07,0,1,0,0,0,0,0,0,0,"- ","- ",34.154121398925781,-118.326171875,"LOS ANGELES",BURBANK,-118.32688140869141,34.152923583984375
82264252,2023,2023-12-18,1912,2023-11-16,"901 ",13208,,4,5,6,1912,0,0,0,,0,,"GLENOAKS BOULEVARD","KENNETH ROAD",0.00,,Y,B,-,N,,,,,,,,,,Y,3,0,1,2,A,-,09,21804,A,N,D,C,A,B,H,-,A,A,0,,,,,Y,,A,01,0,1,0,0,0,0,0,0,0,"- ","- ",34.205848693847656,-118.33981323242188,"LOS ANGELES",BURBANK,-118.33982086181641,34.205902099609375
82265398,2023,2023-12-19,1912,2023-11-17,"804 ",15508,,5,5,6,1912,0,0,0,,0,,"GLENOAKS BOULEVARD","ANDOVER DRIVE",25.00,S,N,A,-,N,,,,,,,,,,N,4,0,1,2,A,-,12,21453,A,N,D,D,A,A,H,-,A,A,0,,,,,Y,,A,01,0,0,1,0,0,0,0,0,0,"- ","- ",34.194049835205078,-118.32109832763672,"LOS ANGELES",BURBANK,-118.32099914550781,34.193984985351562
82265399,2023,2023-12-19,1912,2023-11-17,1539,15508,,5,5,6,1912,0,0,0,,0,,"AMHERST DRIVE","GLENOAKS BOULEVARD",53.00,E,N,A,-,N,,,,,,,,,,N,3,0,1,2,A,-,03,22350,,N,C,G,A,A,H,-,A,D,0,,Y,,,Y,,L,04,0,1,0,0,0,0,1,0,0,"- ","- ",34.192131042480469,-118.31873321533203,"LOS ANGELES",BURBANK,-118.31854248046875,34.192378997802734
82266684,2023,2023-12-20,1912,2023-11-18,"303 ",15554,,6,5,6,1912,0,0,0,,0,,"BURBANK BOULEVARD","N VICTORY BL",342.00,W,N,C,-,N,,,,,,,,,,Y,3,0,1,1,A,-,01,23152,A,N,E,I,A,B,H,-,C,A,0,,,,,Y,Y,A,01,0,1,0,0,0,0,0,0,0,"- ","- ",34.183578491210938,-118.32334899902344,"LOS ANGELES",BURBANK,-118.32276153564453,34.183952331542969
82267773,2023,2023-12-21,1912,2023-11-19,"233 ",14849,,7,5,6,1912,0,0,0,,0,,"HOLLYWOOD WAY","OAK STREET",0.00,,Y,B,C,N,,,,,,,,,,Y,3,0,1,2,A,-,01,23153,A,N,D,C,A,B,H,-,C,A,0,,,,,Y,Y,A,01,0,1,0,0,0,0,0,0,0,"- ","- ",34.157569885253906,-118.34195709228516,"LOS ANGELES",BURBANK,-118.34199523925781,34.157573699951172
82268804,2023,2023-12-22,1912,2023-11-20,1451,13387,,1,5,6,1912,0,0,0,,0,,"VICTORY BOULEVARD","VERDUGO AVENUE",0.00,,Y,A,-,N,,,,,,,,,,N,4,0,1,2,A,-,08,22107,,N,B,C,A,A,H,-,A,A,0,,,,,Y,,A,01,0,0,1,0,0,0,0,0,0,"- ","- ",34.170558929443359,-118.31504058837891,"LOS ANGELES",BURBANK,-118.31507873535156,34.170570373535156
82268805,2023,2023-12-22,1912,2023-11-21,"635 ",13387,,2,5,6,1912,0,0,0,,0,,"KENNETH ROAD","HARVARD ROAD",27.00,S,N,A,-,N,,,,,,,,,,N,4,0,1,2,A,-,10,21950,A,N,G,B,B,A,H,-,A,A,0,Y,,,,Y,,A,08,0,0,1,0,1,0,0,0,0,"- ","- ",34.192150115966797,-118.30726623535156,"LOS ANGELES",BURBANK,-118.30714416503906,34.192050933837891
82270229,2023,2023-12-25,1912,2023-11-21,1125,13387,,2,5,6,1912,0,0,0,,0,,"ORANGE GROVE AVENUE","1ST STREET",0.00,,Y,A,-,N,,,,,,,,,,Y,4,0,1,2,A,-,12,21453,A,N,D,C,A,A,H,-,A,A,0,,,,,Y,,D,22,0,0,1,0,0,0,0,0,0,"- ","- ",,,"LOS ANGELES",BURBANK,-118.31101989746094,34.180442810058594
82270230,2023,2023-12-25,1912,2023-11-21,1254,13377,,2,5,6,1912,0,0,0,,0,,"ALAMEDA AVENUE","SAN FERNANDO BOULEVARD",204.00,E,N,A,-,N,,,,,,,,,,N,4,0,1,2,A,-,21,22106,,N,D,C,A,A,H,-,A,D,0,,,,,Y,,D,22,0,0,1,0,0,0,0,0,0,"- ","- ",,,"LOS ANGELES",BURBANK,-118.2994384765625,34.174842834472656
82270231,2023,2023-12-25,1912,2023-11-21,1726,9393,,2,5,6,1912,0,0,0,,0,,"VICTORY BOULEVARD","ALAMEDA AVENUE",50.00,S,N,A,-,N,,,,,,,,,,Y,3,0,1,1,A,-,08,22107,,N,E,I,A,A,H,-,C,A,0,,,,,Y,,A,07,0,1,0,0,0,0,0,0,0,"- ","- ",,,"LOS ANGELES",BURBANK,-118.30782318115234,34.166690826416016
82270460,2023,2023-12-26,1912,2023-11-22,2315,15407,,3,5,6,1912,0,0,0,,0,,"SAN FERNANDO BOULEVARD","ANDOVER DRIVE",0.00,,Y,A,-,N,,,,,,,,,,N,2,0,2,3,A,-,01,23153,A,N,A,E,A,A,H,-,C,D,0,,,,,Y,Y,A,01,2,0,0,0,0,0,0,0,0,"- ","- ",34.191631317138672,-118.32366180419922,"LOS ANGELES",BURBANK,-118.32354736328125,34.191513061523438
82273039,2023,2023-12-28,1912,2023-11-26,1622,13345,,7,5,6,1912,0,0,0,,0,,"EMPIRE AVENUE","BUENA VISTA STREET",0.00,,Y,A,-,N,,,,,,,,,,N,4,0,2,2,D,-,00,,,N,D,C,A,A,H,-,A,A,0,,,,,Y,,-,"- ",0,0,2,0,0,0,0,0,0,"- ","- ",34.191761016845703,-118.33805847167969,"LOS ANGELES",BURBANK,-118.33802795410156,34.191818237304688
82274406,2023,2023-12-29,1912,2023-11-14,1634,11832,,2,5,6,1912,0,0,0,,0,,"GLENOAKS BOULEVARD","MAGNOLIA BOULEVARD",150.00,S,N,A,-,N,,,,,,,,,,N,3,0,1,2,A,-,11,21954,A,N,G,B,D,A,H,-,B,A,0,Y,,,,Y,,N,60,0,1,0,0,1,0,0,0,0,"- ","- ",,,"LOS ANGELES",BURBANK,-118.30884552001953,34.185111999511719
82275679,2023,2024-01-01,1912,2023-11-24,1414,15454,,5,5,6,1912,0,0,0,,0,,"RIVERSIDE DRIVE","ROSE STREET",60.00,W,N,A,-,N,,,,,,,,,,Y,3,0,1,2,A,-,09,21804,A,N,D,C,A,A,H,-,A,D,0,,,,,Y,,A,01,0,1,0,0,0,0,0,0,0,"- ","- ",34.15216064453125,-118.34670257568359,"LOS ANGELES",BURBANK,-118.34666442871094,34.152225494384766
82275682,2023,2024-01-01,1912,2023-11-29,"948 ",12451,,3,5,6,1912,0,0,0,,0,,"ALAMEDA AVENUE","MAIN STREET",0.00,,Y,B,-,N,,,,,,,,,,Y,4,0,2,2,A,-,09,21801,A,N,A,C,A,A,H,-,A,A,0,,,,,Y,,A,01,0,0,2,0,0,0,0,0,0,"- ","- ",,,"LOS ANGELES",BURBANK,-118.31174468994141,34.163692474365234
82275684,2023,2024-01-01,1912,2023-11-30,"130 ",14768,,4,5,6,1912,0,0,0,,0,00J,"BURBANK BOULEVARD","HOLLYWOOD WAY",0.00,,Y,A,-,N,,,,,,,,,,Y,3,0,2,2,A,-,12,21453,A,N,D,C,A,A,H,-,C,A,0,,,,,Y,,A,01,0,2,0,0,0,0,0,0,0,"- ","- ",34.174968719482422,-118.34932708740234,"LOS ANGELES",BURBANK,-118.34933471679688,34.17498779296875
82281044,2023,2024-01-08,1912,2023-11-25,1803,16064,1912,6,5,6,1912,0,0,0,,0,G/H,"MAGNOLIA BOULEVARD","VALLEY STREET",106.00,E,N,A,-,N,,,,,,,,,,N,2,0,1,2,A,-,11,21955,,N,G,B,D,A,H,-,C,D,0,Y,,,,Y,,N,60,1,0,0,0,1,0,0,0,0,"- ","- ",34.165481567382812,-118.35417938232422,"LOS ANGELES",BURBANK,-118.35372924804688,34.165618896484375
82281203,2023,2024-01-08,1912,2023-11-30,1127,13387,,4,5,6,1912,0,0,0,,0,,"MAGNOLIA BOULEVARD","SAN FERNANDO BOULEVARD",0.00,,Y,A,-,N,,,,,,,,,,Y,3,0,2,2,A,-,09,21801,A,N,D,C,A,A,H,-,A,A,0,,,,,Y,,A,01,0,1,1,0,0,0,0,0,0,"- ","- ",,,"LOS ANGELES",BURBANK,-118.31169891357422,34.183078765869141
82281205,2023,2024-01-08,1912,2023-12-01,1305,15454,,5,5,6,1912,0,0,0,,0,,"ALAMEDA AVENUE","FREDERIC STREET",100.00,E,N,A,-,N,,,,,,,,,,Y,4,0,2,2,A,-,07,21658,A,N,B,C,A,A,H,-,A,D,0,,,,,Y,,A,07,0,0,2,0,0,0,0,0,0,"- ","- ",34.157878875732422,-118.32911682128906,"LOS ANGELES",BURBANK,-118.32883453369141,34.157989501953125
82281206,2023,2024-01-08,1912,2023-12-05,"809 ",13387,,2,5,6,1912,0,0,0,,0,,"THORNTON AVENUE","ONTARIO STREET",0.00,,Y,A,-,N,,,,,,,,,,N,4,0,1,2,A,-,10,21950,A,N,G,B,B,A,H,-,A,A,0,Y,,,,Y,,A,07,0,0,1,0,1,0,0,0,0,"- ","- ",,,"LOS ANGELES",BURBANK,-118.34452056884766,34.195606231689453
82281207,2023,2024-01-08,1912,2023-12-06,1656,14849,,3,5,6,1912,0,0,0,,0,,"MAGNOLIA BOULEVARD","1ST STREET",0.00,,Y,A,-,N,,,,,,,,,,N,4,0,1,2,A,-,09,21801,A,N,D,C,A,A,H,-,A,A,0,,,,,Y,,A,01,0,0,1,0,0,0,0,0,0,"- ","- ",34.181728363037109,-118.31310272216797,"LOS ANGELES",BURBANK,-118.31300354003906,34.181884765625
82281208,2023,2024-01-08,1912,2023-12-07,1126,12451,,4,5,6,1912,0,0,0,,0,,"HOLLYWOOD WAY","ALLAN AVENUE",70.00,N,N,A,-,N,,,,,,,,,,N,4,0,2,2,A,-,07,21658,A,N,B,C,A,A,H,-,A,D,0,,,,,Y,,A,07,0,0,2,0,0,0,0,0,0,"- ","- ",34.177379608154297,-118.34938812255859,"LOS ANGELES",BURBANK,-118.34929656982422,34.177650451660156
82283319,2023,2024-01-11,1912,2023-12-09,1640,16064,1912,6,5,6,1912,0,0,0,,0,I/J,"EMPIRE AVENUE","AIRPORT TERMINAL B ACCESS ROAD",0.00,,Y,A,-,N,,,,,,,,,,Y,2,0,2,2,A,-,03,22350,,N,A,C,A,A,H,-,B,A,0,,,,,Y,,A,01,1,1,0,0,0,0,0,0,0,"- ","- ",34.193218231201172,-118.35385894775391,"LOS ANGELES",BURBANK,-118.353859,34.193218000000002
82283320,2023,2024-01-10,1912,2023-12-10,1218,15652,1912,7,5,6,1912,0,0,0,,0,00E,"OLIVE AVENUE","VICTORY BOULEVARD",0.00,,Y,A,-,N,,,,,,,,,,Y,3,0,2,2,A,-,09,21801,A,N,A,C,A,A,H,-,A,A,0,,,,,Y,,A,01,0,2,0,0,0,0,0,0,0,"- ","- ",34.173358917236328,-118.31662750244141,"LOS ANGELES",BURBANK,-118.31652069091797,34.173530578613281
82285531,2023,2024-01-12,1912,2023-12-12,1030,11832,,2,5,6,1912,0,0,0,,0,,"HOLLYWOOD WAY","OAK STREET",0.00,,Y,A,-,N,,,,,,,,,,Y,4,0,1,2,A,-,12,21453,A,N,A,C,A,A,H,-,A,A,0,,,,Y,Y,,F,26,0,0,1,0,0,0,0,0,0,"- ","- ",,,"LOS ANGELES",BURBANK,-118.34199523925781,34.157573699951172
82286657,2023,2024-01-15,1912,2023-12-07,1447,15454,,4,5,6,1912,0,0,0,,0,,"LAKE STREET","ALAMEDA AVENUE",120.00,N,N,A,-,N,,,,,,,,,,N,4,0,1,2,A,-,03,22350,,N,C,C,A,A,H,-,A,D,0,,,,,Y,,D,22,0,0,1,0,0,0,0,0,0,"- ","- ",34.168918609619141,-118.30564880371094,"LOS ANGELES",BURBANK,-118.30580902099609,34.169319152832031
82289717,2023,2024-01-18,1912,2023-12-12,"946 ",13387,,2,5,6,1912,0,0,0,,0,,"ROSE STREET","CLARK AVENUE",450.00,N,N,A,-,N,,,,,,,,,,Y,4,0,2,2,A,-,06,21750,A,N,D,C,A,A,H,-,A,D,0,,,,,Y,,A,01,0,0,2,0,0,0,0,0,0,"- ","- ",,,"LOS ANGELES",BURBANK,-118.35195159912109,34.163520812988281
82289718,2023,2024-01-18,1912,2023-12-13,1705,13208,,3,5,6,1912,0,0,0,,0,,"VERDUGO AVENUE","BEACHWOOD DRIVE",0.00,,Y,A,-,N,,,,,,,,,,N,3,0,1,2,A,-,09,21802,A,N,D,C,A,A,H,-,B,A,0,,,,,Y,,A,01,0,1,0,0,0,0,0,0,0,"- ","- ",34.168388366699219,-118.32137298583984,"LOS ANGELES",BURBANK,-118.32121276855469,34.168525695800781
82289719,2023,2024-01-18,1912,2023-12-14,1342,13387,,4,5,6,1912,0,0,0,,0,,"EDISON BOULEVARD","BURBANK BOULEVARD",0.00,,Y,A,-,N,,,,,,,,,,N,4,0,1,2,A,-,12,21453,A,N,D,C,A,A,H,-,A,A,0,,,,,Y,,A,01,0,0,1,0,0,0,0,0,0,"- ","- ",,,"LOS ANGELES",BURBANK,-118.35025024414062,34.1746826171875
82289720,2023,2024-01-18,1912,2023-12-16,1734,14849,,6,5,6,1912,0,0,0,,0,,"BURBANK BOULEVARD","VICTORY BOULEVARD (W)",5.00,W,N,A,-,N,,,,,,,,,,N,2,0,1,2,A,-,11,21954,A,N,G,B,D,A,H,-,B,A,0,Y,,,,Y,,N,60,1,0,0,0,1,0,0,0,0,"- ","- ",34.183769226074219,-118.32327270507812,"LOS ANGELES",BURBANK,-118.32323455810547,34.183784484863281
82291186,2023,2024-01-22,1912,2023-12-18,1214,13387,,1,5,6,1912,0,0,0,,0,,"MANNING AVENUE","VICTORY BOULEVARD",575.00,N,N,A,B,N,,,,,,,,,,Y,4,0,1,3,A,-,06,21755,A,N,B,E,A,A,H,-,A,D,0,,,,,Y,,A,01,0,0,1,0,0,0,0,0,0,"- ","- ",,,"LOS ANGELES",BURBANK,-118.35848236083984,34.186447143554688
82292250,2023,2024-01-22,1912,2023-12-19,2226,14481,,2,5,6,1912,0,0,0,,0,,"ALAMEDA AVENUE","PASS AVENUE",0.00,,Y,C,-,N,,,,,,,,,,Y,3,0,1,2,A,-,09,21801,A,N,D,C,A,B,H,-,C,A,0,,,,,Y,,A,01,0,1,0,0,0,0,0,0,0,"- ","- ",34.15277099609375,-118.34438323974609,"LOS ANGELES",BURBANK,-118.34436798095703,34.152778625488281
82292918,2023,2024-01-22,1912,2023-12-14,1742,12451,,4,5,6,1912,0,0,0,,0,,"HOLLYWOOD WAY","VICTORY BOULEVARD",150.00,S,N,A,-,N,,,,,,,,,,Y,4,0,2,3,A,-,09,21804,A,N,D,C,A,A,H,-,C,A,0,,,,,Y,,A,01,0,0,2,0,0,0,0,0,0,"- ","- ",,,"LOS ANGELES",BURBANK,-118.34916687011719,34.184307098388672
82292919,2023,2024-01-22,1912,2023-12-20,"628 ",15490,,3,5,6,1912,0,0,0,,0,,"HOLLYWOOD WAY","THORNTON AVENUE",0.00,,Y,B,C,N,,,,,,,,,,Y,3,0,1,2,A,-,09,21801,A,N,D,C,A,B,H,-,B,A,0,,,,,Y,,A,01,0,1,0,0,0,0,0,0,0,"- ","- ",34.195659637451172,-118.34892272949219,"LOS ANGELES",BURBANK,-118.34892272949219,34.195697784423828
82292920,2023,2024-01-22,1912,2023-12-20,1255,13387,,3,5,6,1912,0,0,0,,0,,"ALAMEDA AVENUE","OLIVE AVENUE",0.00,,Y,C,-,N,,,,,,,,,,Y,4,0,2,2,A,-,08,22101,D,N,D,C,A,B,H,-,A,A,0,,,,,Y,,A,01,0,0,2,0,0,0,0,0,0,"- ","- ",34.155879974365234,-118.3350830078125,"LOS ANGELES",BURBANK,-118.33507537841797,34.155899047851562
82297439,2023,2024-01-26,1912,2023-12-22,1305,13377,,5,5,6,1912,0,0,0,,0,,"THORNTON AVENUE","ONTARIO STREET",0.00,,Y,B,C,N,,,,,,,,,,Y,4,0,2,2,A,-,12,21453,A,N,F,C,A,B,H,-,A,A,0,,,,,Y,,A,01,0,0,2,0,0,0,0,0,0,"- ","- ",,,"LOS ANGELES",BURBANK,-118.34452056884766,34.195606231689453
82298713,2023,2024-01-29,1912,2023-12-21,"828 ",13387,,4,5,6,1912,0,0,0,,0,,"ALAMEDA AVENUE","REESE PLACE",10.00,E,N,A,-,N,,,,,,,,,,N,4,0,1,2,A,-,10,21950,A,N,G,B,B,A,H,-,A,A,0,Y,,,,Y,,A,07,0,0,1,0,1,0,0,0,0,"- ","- ",34.160831451416016,-118.32012176513672,"LOS ANGELES",BURBANK,-118.31993865966797,34.160961151123047
82298714,2023,2024-01-29,1912,2023-12-26,"905 ",15490,,2,5,6,1912,0,0,0,,0,,"CEDAR AVENUE","SAN FERNANDO BOULEVARD (E)",72.00,E,N,A,-,N,,,,,,,,,,Y,3,0,1,3,A,-,09,21804,A,N,D,C,A,A,H,-,A,D,0,,,,,Y,,A,07,0,1,0,0,0,0,0,0,0,"- ","- ",,,"LOS ANGELES",BURBANK,,
82300191,2023,2024-01-30,1912,2023-12-30,"926 ",15506,,6,5,6,1912,0,0,0,,0,,"MAGNOLIA BOULEVARD","PASS AVENUE",0.00,,Y,B,-,N,,,,,,,,,,N,3,0,2,2,A,-,12,21453,A,N,D,C,A,B,H,-,A,A,0,,,,,Y,,A,01,0,1,1,0,0,0,0,0,0,"- ","- ",34.166458129882812,-118.35104370117188,"LOS ANGELES",BURBANK,-118.35102081298828,34.166519165039062
82303434,2023,2024-02-02,1912,2023-12-28,1355,15490,,4,5,6,1912,0,0,0,,0,,"MAGNOLIA BOULEVARD","3RD STREET",0.00,,Y,A,-,N,,,,,,,,,,Y,3,0,3,2,A,-,12,21453,A,N,D,C,A,A,H,-,A,A,0,,,,,Y,,A,01,0,1,2,0,0,0,0,0,0,"- ","- ",,,"LOS ANGELES",BURBANK,-118.31050109863281,34.184215545654297
82303435,2023,2024-02-02,1912,2023-12-30,1800,14849,,6,5,6,1912,0,0,0,,0,,"BURBANK BOULEVARD","PARISH PLACE (E)",0.00,,Y,A,B,N,,,,,,,,,,Y,4,0,1,2,A,-,09,21801,A,N,D,C,A,A,H,-,C,A,0,,,,,Y,,A,01,0,0,1,0,0,0,0,0,0,"- ","- ",34.180908203125,-118.33161926269531,"LOS ANGELES",BURBANK,-118.33213806152344,34.180740356445312
82303436,2023,2024-02-02,1912,2023-12-30,2115,14849,,6,5,6,1912,0,0,0,,0,,"MAGNOLIA BOULEVARD","CORDOVA STREET",107.00,E,N,B,-,N,,,,,,,,,,Y,2,0,3,5,A,-,01,23153,A,N,C,E,A,A,H,-,C,A,0,,,,,Y,Y,A,01,1,2,0,0,0,0,0,0,0,"- ","- ",34.168209075927734,-118.34596252441406,"LOS ANGELES",BURBANK,-118.34567260742188,34.168308258056641
82303438,2023,2024-02-02,1912,2023-12-21,1946,15454,,4,5,6,1912,0,0,0,,0,,"I-5 N/B (GSF) TO BUENA VISTA ST","BUENA VISTA ST",0.00,,Y,C,-,N,,,,,,,,,,N,4,0,1,2,A,-,10,21950,A,N,G,B,B,B,H,-,C,A,0,Y,,,,Y,,A,01,0,0,1,0,1,0,0,0,0,"- ","- ",,,"LOS ANGELES",BURBANK,-118.33786010742188,34.199092864990234
82303439,2023,2024-02-02,1912,2023-12-27,1330,13208,,3,5,6,1912,0,0,0,,0,,"BETHANY ROAD","GLENOAKS BOULEVARD",5.00,E,N,B,-,N,,,,,,,,,,N,3,0,1,2,A,-,09,21453,B,N,D,C,A,A,H,-,A,A,0,,,Y,,Y,,A,01,0,1,0,0,0,0,0,0,1,"- ","- ",34.191459655761719,-118.31783294677734,"LOS ANGELES",BURBANK,-118.31771850585938,34.191600799560547
82315563,2023,2024-02-16,1912,2023-01-11,1924,15454,,3,5,6,1912,0,0,0,,0,,"OLIVE AVENUE","LAMER STREET",170.00,E,N,A,-,N,,,,,,,,,,Y,4,0,1,2,A,-,09,21804,A,N,D,C,A,A,H,-,C,D,0,,,,,Y,,A,01,0,0,1,0,0,0,0,0,0,"- ","- ",34.165069580078125,-118.32543182373047,"LOS ANGELES",BURBANK,-118.32511138916016,34.165401458740234
82317051,2023,2024-02-20,1912,2023-12-29,1317,15454,,5,5,6,1912,0,0,0,,0,,"I-5 N/B (GSF) TO SAN FERNANDO BLVD","SAN FERNANDO BLVD.",0.00,,Y,-,-,N,,,,,,,,,,Y,3,0,1,2,A,-,12,21453,A,N,D,C,A,A,H,-,A,A,0,,,,,Y,,-,"- ",0,1,0,0,0,0,0,0,0,"- ","- ",,,"LOS ANGELES",BURBANK,-118.32670593261719,34.19146728515625
91968544,2023,2023-01-16,9575,2023-01-10,"640 ",018537,,2,1,6,1912,0,1,3,,2,044,"SR-134 E/B (VENTURA FREEWAY)","PASS AVENUE",900.00,W,N,B,C,Y,LA,,134," "," ",1.643,H,,R,N,4,0,1,1,A,-,03,22350,,N,E,I,A,B,H,-,A,D,0,,,,,Y,,A,01,0,0,1,0,0,0,0,0,0,"- ","- ",34.15380859375,-118.34808349609375,"LOS ANGELES",BURBANK,-118.34806060791016,34.153724670410156
91968981,2023,2023-01-16,9575,2023-01-10,"145 ",022490,,2,3,6,1912,0,1,1,,2,051,"INTERSTATE 5 S/B (GOLDEN STATE FREEWAY)","ALAMEDA AVENUE",500.00,N,N,B,C,Y,LA,,5," "," ",28.541,H,,L,Y,4,0,1,1,A,-,03,22350,,N,E,I,A,B,H,-,C,D,0,,,,,Y,,A,07,0,0,1,0,0,0,0,0,0,"- ","- ",34.171371459960938,-118.30548095703125,"LOS ANGELES",BURBANK,-118.30556488037109,34.171321868896484
91970961,2023,2023-02-06,9575,2023-01-09,1610,023031,,1,2,6,1912,0,1,1,,2,052,"I-5 S/B (GOLDEN STATE FREEWAY)","HOLLYWOOD WAY",1720.00,S,N,B,C,Y,LA,,5," "," ",32.019,H,,L,Y,4,0,1,2,A,-,03,22350,,N,C,2,A,B,H,-,A,D,0,,,,,Y,,A,01,0,0,1,0,0,0,0,0,0,"- ","- ",34.208389282226562,-118.34468078613281,"LOS ANGELES",BURBANK,-118.34464263916016,34.208412170410156
91971718,2023,2023-01-19,9575,2023-01-13,1505,020711,,5,2,6,1912,0,1,1,,2,051,"I-5 N/B (GOLDEN STATE FREEWAY)","BURBANK BLVD",500.00,S,N,A,-,Y,LA,,5," "," ",29.667,H,,R,Y,3,0,3,4,A,-,17,23114,A,N,E,9,A,A,H,-,A,D,0,,,,,Y,,D,22,0,1,2,0,0,0,0,0,0,"- ","- ",34.184360504150391,-118.31655120849609,"LOS ANGELES",BURBANK,-118.31632232666016,34.184494018554688
91973847,2023,2023-01-23,9575,2023-01-11,1330,023072,,3,1,6,1912,0,1,3,,2,044,"SR-134 W/B (VENTURA FREEWAY)","THE LOS ANGELES RIVER",488.00,W,N,A,-,Y,LA,,134," "," ",3.360,H,,L,N,4,0,1,2,A,-,03,22350,,N,C,C,A,A,H,-,A,D,0,,,,,Y,,A,01,0,0,1,0,0,0,0,0,0,"- ","- ",34.155220031738281,-118.31858062744141,"LOS ANGELES",BURBANK,-118.31858062744141,34.155166625976562
91973848,2023,2023-01-23,9575,2023-01-11,1825,023072,,3,2,6,1912,0,1,3,,2,044,"SR-134 E/B (VENTURA FREEWAY)","ALAMEDA AVE.",157.00,W,N,B,-,Y,LA,,134," "," ",1.967,H,,R,Y,4,0,1,3,A,-,03,22350,,N,C,C,A,A,H,-,D,D,0,,,,,Y,,A,07,0,0,1,0,0,0,0,0,0,"- ","- ",34.153789520263672,-118.34243774414062,"LOS ANGELES",BURBANK,-118.34243011474609,34.153835296630859
91978094,2023,2023-01-26,9575,2023-01-16,"230 ",022490,,1,3,6,1912,0,1,1,,2,051,"I-5 N/B (GOLDEN STATE FREEWAY)","SAN FERNANDO BLVD.",1531.00,N,N,B,-,Y,LA,,5," "," ",30.737,H,,R,Y,4,0,1,1,A,-,01,23152,A,M,E,J,A,B,H,-,D,D,0,,,,,Y,Y,A,01,0,0,1,0,0,0,0,0,0,"- ","- ",34.194450378417969,-118.33059692382812,"LOS ANGELES",BURBANK,-118.33069610595703,34.194347381591797
91978287,2023,2023-01-26,9575,2023-01-15,1936,023031,,7,2,6,1912,0,1,1,,2,051,"I-5 S/B (GOLDEN STATE FREEWAY)","BUENA VISTA STREET",350.00,S,N,B,C,Y,LA,,5," "," ",31.173,H,,L,Y,4,0,1,3,A,-,03,22350,,N,C,C,A,B,H,-,C,D,0,,,,,Y,,A,01,0,0,1,0,0,0,0,0,0,"- ","- ",34.197830200195312,-118.33695220947266,"LOS ANGELES",BURBANK,-118.33689117431641,34.1978759765625
91980123,2023,2023-01-27,9575,2023-01-14,1942,023029,,6,2,6,1912,0,1,1,,2,051,"I-5 S/B (GOLDEN STATE FREEWAY)","BURBANK BOULEVARD",355.00,N,N,B,C,Y,LA,,5," "," ",29.879,H,,L,Y,4,0,2,1,A,-,03,22350,,N,E,8,A,B,H,-,C,D,0,,,,,Y,,A,07,0,0,2,0,0,0,0,0,0,"- ","- ",34.186008453369141,-118.31955718994141,"LOS ANGELES",BURBANK,-118.31941986083984,34.186241149902344
91980411,2023,2023-01-27,9575,2023-01-04,1300,017148,,3,1,6,1912,0,1,3,,2,042,"SR-134 E/B (VENTURA FREEWAY)","PASS AVE",300.00,W,N,B,C,Y,LA,,134," "," ",1.669,H,,R,Y,4,0,1,1,A,-,03,22350,,N,E,I,A,B,H,-,A,D,0,,,,,Y,,A,01,0,0,1,0,0,0,0,0,0,"- ","- ",34.153839111328125,-118.34761810302734,"LOS ANGELES",BURBANK,-118.34761047363281,34.153797149658203
91982425,2023,2023-01-30,9575,2023-01-17,1750,023126,,2,2,6,1912,0,1,3,,2,044,"SR-134 W/B (VENTURA FREEWAY)","HOLLYWOOD WAY",2165.00,E,N,B,-,Y,LA,,134," "," ",2.522,H,,L,N,4,0,1,3,A,-,03,22350,,M,C,C,A,A,H,-,C,D,0,,,,,Y,,-,99,0,0,1,0,0,0,0,0,0,"- ","- ",34.152469635009766,-118.33300018310547,"LOS ANGELES",BURBANK,-118.33300018310547,34.152503967285156
91983019,2023,2023-01-31,9575,2023-01-19,2245,021344,,4,3,6,1912,0,1,3,,2,044,"SR-134 W/B (VENTURA FREEWAY)","LOS ANGELES RIVER",1065.00,W,N,A,-,Y,LA,,134," "," ",3.272,H,,L,N,4,0,1,2,A,-,07,21658,A,N,B,C,A,A,H,-,D,D,0,,,,Y,Y,,D,22,0,0,1,0,0,0,0,0,0,"- ","- ",34.155040740966797,-118.32015228271484,"LOS ANGELES",BURBANK,-118.32013702392578,34.155002593994141
91984136,2023,2023-02-01,9575,2023-01-22,"125 ",022629,,7,3,6,1912,0,1,1,,2,051,"I-5 S/B TO ALAMEDA AVENUE","ALAMEDA AVENUE",1056.00,N,N,A,-,Y,LA,,5," "," ",28.611,H,,L,Y,4,0,1,1,A,-,01,23152,A,N,E,I,A,A,H,-,C,D,0,,,,,Y,Y,D,22,0,0,1,0,0,0,0,0,0,"- ","- ",34.17218017578125,-118.30625915527344,"LOS ANGELES",BURBANK,-118.30612945556641,34.172222137451172
91986075,2023,2023-02-03,9575,2023-02-01,"900 ",018814,,3,1,6,1912,0,1,1,,2,051,"I-5 S/B (GOLDEN STATE FREEWAY)","BUENA VISTA ST",540.00,S,N,A,-,Y,LA,,5," "," ",31.128,H,,L,N,4,0,2,4,A,-,03,22350,,N,C,C,A,A,H,-,A,D,0,,,,,Y,,A,01,0,0,2,0,0,0,0,0,0,"- ","- ",34.197479248046875,-118.3363037109375,"LOS ANGELES",BURBANK,-118.33632659912109,34.197452545166016
91986221,2023,2023-02-03,9575,2023-01-31,"915 ",020251,,2,1,6,1912,0,1,1,,2,051,"I-5 S/B (GOLDEN STATE FREEWAY)","VERDUGO AVE.",300.00,S,N,A,-,Y,LA,,5," "," ",28.764,H,,L,N,4,0,1,2,A,-,03,22350,,N,C,C,A,A,H,-,A,D,0,,,,,Y,,A,01,0,0,1,0,0,0,0,0,0,"- ","- ",34.174369812011719,-118.30677032470703,"LOS ANGELES",BURBANK,-118.30681610107422,34.174362182617188
91990631,2023,2023-02-09,9575,2023-01-06,"850 ",017148,,5,1,6,1912,0,1,3,,2,044,"SR-134 E/B (VENTURA FREEWAY)","RIVERSIDE DR.",870.00,E,N,A,-,Y,LA,,134," "," ",3.083,H,,R,Y,3,0,1,5,A,-,07,21658,A,N,B,C,A,A,H,-,A,D,0,,,,,Y,,A,07,0,1,0,0,0,0,0,0,0,"- ","- ",34.154159545898438,-118.32369232177734,"LOS ANGELES",BURBANK,-118.32366943359375,34.154083251953125
91991123,2023,2023-02-09,9575,2023-02-02,1154,019538,,4,1,6,1912,0,1,1,,2,051,"I-5 N/B (GOLDEN STATE FREEWAY)","BUENA VISTA ST.",1250.00,S,N,A,-,Y,LA,,5," "," ",31.004,H,,R,N,4,0,2,2,A,-,08,22107,,N,B,C,A,A,H,-,A,D,0,,,,,Y,,A,01,0,0,2,0,0,0,0,0,0,"- ","- ",34.196540832519531,-118.33460998535156,"LOS ANGELES",BURBANK,-118.33460998535156,34.196537017822266
91997994,2023,2023-02-20,9575,2023-02-13,"725 ",020702,,1,1,6,1912,0,1,3,,2,044,"SR-134 W/B (VENTURA FREEWAY)","PASS AVE.",500.00,W,N,A,-,Y,LA,,134," "," ",1.418,H,,L,N,4,0,1,2,A,-,03,22350,,N,C,C,A,A,H,-,A,D,0,,,,,Y,,A,08,0,0,1,0,0,0,0,0,0,"- ","- ",34.15325927734375,-118.35192108154297,"LOS ANGELES",BURBANK,-118.3519287109375,34.153289794921875
91999141,2023,2023-02-21,9575,2023-02-07,1645,022502,,2,2,6,1912,0,1,3,,2,044,"SR-134 W/B (VENTURA FREEWAY)","OLIVE AVENUE",250.00,E,N,A,-,Y,LA,,134," "," ",2.292,H,,L,Y,4,0,1,3,A,-,03,22350,,N,C,C,A,A,H,-,A,D,0,,,,,Y,,A,01,0,0,1,0,0,0,0,0,0,"- ","- ",34.153099060058594,-118.33686828613281,"LOS ANGELES",BURBANK,-118.33685302734375,34.153141021728516
92000995,2023,2023-02-23,9575,2023-02-13,1540,020711,,1,2,6,1912,0,1,1,,2,051,"I-5 S/B (GOLDEN STATE FREEWAY)","FLOWER ST",100.00,N,N,A,-,Y,LA,,5," "," ",28.770,H,,L,Y,4,0,2,2,A,-,08,22107,,N,B,C,A,A,H,-,A,D,0,,,,,Y,,I,10,0,0,2,0,0,0,0,0,0,"- ","- ",34.174468994140625,-118.3067626953125,"LOS ANGELES",BURBANK,-118.30683898925781,34.174453735351562
92001216,2023,2023-02-23,9575,2023-02-16,1020,023126,,4,1,6,1912,0,1,1,,2,051,"I-5 S/B (GOLDEN STATE FREEWAY)","BURBANK BLVD",82.00,S,N,A,-,Y,,,,,,,,,,N,4,0,1,2,A,-,03,22350,,N,C,C,A,A,H,-,A,D,0,,,,,Y,,A,01,0,0,1,0,0,0,0,0,0,"- ","- ",34.184711456298828,-118.31748199462891,"LOS ANGELES",BURBANK,-118.31720733642578,34.185089111328125
92003488,2023,2023-02-27,9575,2023-02-25,"702 ",019538,,6,1,6,1912,0,1,3,,2,044,"SR-134 E/B (VENTURA FREEWAY)","EAST ROAD EDGE OF CALIFORNIA ST. O/C",20.00,E,N,B,C,Y,LA,,134," "," ",2.397,H,,R,N,4,0,1,2,A,-,03,22350,,N,B,C,A,B,H,-,A,D,0,,,,,Y,,A,08,0,0,1,0,0,0,0,0,0,"- ","- ",34.152580261230469,-118.33518981933594,"LOS ANGELES",BURBANK,-118.335205078125,34.152534484863281
92008058,2023,2023-03-02,9575,2023-02-24,1550,020711,,5,2,6,1912,0,1,1,,2,051,"I-5 S/B (GOLDEN STATE FREEWAY)","BUENA VISTA ST",400.00,N,N,B,C,Y,LA,,5," "," ",31.346,H,,L,N,4,0,1,2,A,-,03,22350,,N,E,8,A,B,H,-,A,D,0,,,,,Y,,D,22,0,0,1,0,0,0,0,0,0,"- ","- ",34.199871063232422,-118.33872222900391,"LOS ANGELES",BURBANK,-118.33872985839844,34.199867248535156
92008166,2023,2023-03-02,9575,2023-02-24,1500,020711,,5,2,6,1912,0,1,1,,2,051,"I-5 S/B (GOLDEN STATE FREEWAY)","BURBANK BLVD",300.00,N,N,B,C,Y,LA,,5," "," ",29.875,H,,L,Y,3,0,1,1,A,-,03,22350,,N,E,I,A,B,H,-,A,D,0,,,,,Y,,A,01,0,1,0,0,0,0,0,0,0,"- ","- ",34.185981750488281,-118.31950378417969,"LOS ANGELES",BURBANK,-118.31935882568359,34.18621826171875
92008694,2023,2023-03-03,9575,2023-02-28,2230,021344,,2,3,6,1912,0,1,1,,2,051,"I-5 N/B (GOLDEN STATE FREEWAY)","BURBANK BOULEVARD",685.00,S,N,B,C,Y,LA,,5," "," ",29.632,H,,L,Y,4,0,1,1,A,-,03,22350,,N,E,I,A,B,H,-,C,D,0,,,,,Y,,A,01,0,0,1,0,0,0,0,0,0,"- ","- ",34.183921813964844,-118.31626892089844,"LOS ANGELES",BURBANK,-118.31613159179688,34.183990478515625
92009064,2023,2023-03-03,9575,2023-02-20,"425 ",022469,,1,3,6,1912,0,1,3,,2,044,"SR-134 WESTBOUND (VENTURA FREEWAY)","PASS AVENUE",400.00,W,N,A,-,Y,LA,,134," "," ",1.735,H,,L,Y,3,0,2,2,A,-,01,23152,A,N,B,2,A,A,H,-,C,D,0,,,,,Y,Y,A,01,0,1,1,0,0,0,0,0,0,"- ","- ",34.154159545898438,-118.34654235839844,"LOS ANGELES",BURBANK,-118.34653472900391,34.154079437255859
92011729,2023,2023-03-07,9575,2023-02-25,1340,023016,,6,1,6,1912,0,1,1,,2,051,"I-5 S/B (GOLDEN STATE FREEWAY)","BUENA VISTA ST.",410.00,N,N,C,-,Y,LA,,5," "," ",31.342,H,,L,Y,4,0,1,1,A,-,03,22350,,N,E,I,A,B,H,-,A,D,0,,,,,Y,,A,07,0,0,1,0,0,0,0,0,0,"- ","- ",34.199790954589844,-118.33873748779297,"LOS ANGELES",BURBANK,-118.33869171142578,34.199813842773438
92028775,2023,2023-03-27,9575,2023-03-18,2000,022940,,6,2,6,1912,0,1,3,,2,044,"SR-134 E/B (VENTURA FREEWAY)","PASS AVE.",1792.00,W,N,A,-,Y,LA,,134," "," ",1.471,H,,R,N,4,0,1,2,A,-,03,22350,,N,C,C,A,A,H,-,C,D,0,,,,,Y,,A,01,0,0,1,0,0,0,0,0,0,"- ","- ",34.153240203857422,-118.35099029541016,"LOS ANGELES",BURBANK,-118.35099029541016,34.153224945068359
92029933,2023,2023-03-27,9575,2023-03-21,"454 ",021879,,2,3,6,1912,0,1,3,,2,044,"SR-134 W/B (VENTURA FREEWAY)","OLIVE AVE.",50.00,E,N,C,-,Y,LA,,134," "," ",2.258,H,,L,Y,4,0,1,1,A,-,03,22350,,N,E,I,A,B,H,-,C,D,0,,,,,Y,,A,01,0,0,1,0,0,0,0,0,0,"- ","- ",34.15338134765625,-118.33738708496094,"LOS ANGELES",BURBANK,-118.33742523193359,34.153274536132812
92032700,2023,2023-05-22,9575,2023-03-21,1812,022839,,2,2,6,1912,0,1,1,,2,051,"I-5 S/B (GOLDEN STATE FREEWAY)","BUENA VISTA STREET",495.00,S,N,B,C,Y,LA,,5," "," ",31.139,H,,L,Y,4,0,1,2,A,-,03,22350,,N,E,8,A,B,H,-,A,D,0,,,,,Y,,D,22,0,0,1,0,0,0,0,0,0,"- ","- ",34.197608947753906,-118.33640289306641,"LOS ANGELES",BURBANK,-118.33646392822266,34.197547912597656
92034927,2023,2023-04-03,9575,2023-03-24,1734,022940,,5,2,6,1912,0,1,3,,2,044,"SR-134 E/B (VENTURA FREEWAY)","CALIFORNIA ST.",202.00,W,N,A,-,Y,LA,,134," "," ",2.347,H,,R,N,4,0,1,3,A,-,03,22350,,N,C,C,A,A,H,-,A,D,0,,,,,Y,,A,01,0,0,1,0,0,0,0,0,0,"- ","- ",34.152698516845703,-118.3360595703125,"LOS ANGELES",BURBANK,-118.33604431152344,34.152740478515625
92035087,2023,2023-04-03,9575,2023-03-25,"640 ",020251,,6,1,6,1912,0,1,1,,2,051,"I-5 S/B (GOLDEN STATE FREEWAY)","BURBANK BLVD.",200.00,N,N,A,-,Y,LA,,5," "," ",29.990,H,,L,N,4,0,1,2,A,-,03,22350,,N,C,C,A,A,H,-,A,D,0,,,,,Y,,A,01,0,0,1,0,0,0,0,0,0,"- ","- ",34.186870574951172,-118.3212890625,"LOS ANGELES",BURBANK,-118.32118225097656,34.187000274658203
92035091,2023,2023-11-02,9575,2023-03-24,2205,022469,,5,3,6,1912,0,1,1,,2,051,"I-5 S/B TO ALAMEDA AVE W/B","ALAMEDA AVE",340.00,N,N,A,-,Y,,,,,,,,,,N,4,0,2,2,A,-,03,22350,,N,C,C,A,A,H,-,C,D,0,,,,,Y,,A,01,0,0,2,0,0,0,0,0,0,"- ","- ",34.170330047607422,-118.30592346191406,"LOS ANGELES",BURBANK,-118.30592346191406,34.170330047607422
92035474,2023,2023-04-03,9575,2023-02-02,1945,023031,,4,2,6,1912,0,1,3,,2,044,"SR-134 W/B (VENTURA FREEWAY)","BOB HOPE DRIVE",485.00,W,N,A,-,Y,LA,,134," "," ",2.582,H,,L,N,4,0,1,3,A,-,08,22107,,M,B,C,A,A,H,-,C,D,0,,,,,Y,,A,01,0,0,1,0,0,0,0,0,0,"- ","- ",34.152561187744141,-118.33194732666016,"LOS ANGELES",BURBANK,-118.33196258544922,34.152618408203125
92044230,2023,2023-09-07,9575,2023-04-03,1735,023029,,1,2,6,1912,0,1,1,,2,051,"I-5 N/B (GOLDEN STATE FREEWAY)","ALAMEDA AVENUE",446.00,S,N,A,-,Y,LA,,5," "," ",28.347,H,,R,N,4,0,1,2,A,-,08,22107,,M,B,C,A,A,H,-,A,D,0,,,,,Y,,D,22,0,0,1,0,0,0,0,0,0,"- ","- ",34.169460296630859,-118.30303192138672,"LOS ANGELES",BURBANK,-118.30302429199219,34.169464111328125
92045579,2023,2023-04-14,9575,2023-04-05,1820,022526,,3,2,6,1912,0,1,3,,2,044,"SR-134 W/B (VENTURA FREEWAY)","OLIVE AVENUE",187.00,E,N,A,-,Y,LA,,134," "," ",2.283,H,,L,N,4,0,2,2,A,-,03,22350,,N,C,C,A,A,H,-,B,D,0,,,,,Y,,D,22,0,0,2,0,0,0,0,0,0,"- ","- ",34.1531982421875,-118.33701324462891,"LOS ANGELES",BURBANK,-118.33701324462891,34.153179168701172
92049165,2023,2023-04-20,9575,2023-04-11,"830 ",023205,,2,1,6,1912,0,1,1,,2,051,"I-5 S/B (GOLDEN STATE FREEWAY)","BURBANK BLVD.",1470.00,N,N,B,-,Y,LA,,5," "," ",30.096,H,,L,Y,4,0,1,3,A,-,03,22350,,N,C,C,A,A,H,-,A,D,0,,,,Y,Y,,G,25,0,0,1,0,0,0,0,0,0,"- ","- ",34.187889099121094,-118.32273101806641,"LOS ANGELES",BURBANK,-118.32266235351562,34.187957763671875
92050936,2023,2023-04-24,9575,2023-04-13,1728,023263,,4,2,6,1912,0,1,3,,2,044,"SR-134 W/B (VENTURA FREEWAY)","EAST ROAD EDGE OF RIVERSIDE DRIVE (BUENA VISTA STR",40.00,W,N,B,-,Y,LA,,134," "," ",2.922,H,,L,N,4,0,1,2,A,-,03,22350,,N,C,C,A,A,H,-,A,D,0,,,,,Y,,A,01,0,0,1,0,0,0,0,0,0,"- ","- ",34.153739929199219,-118.32621002197266,"LOS ANGELES",BURBANK,-118.32621765136719,34.153774261474609
92051915,2023,2023-04-24,9575,2023-04-15,"900 ",022626,,6,1,6,1912,0,1,3,,2,044,"SR-134 E/B (VENTURA FREEWAY)","CALIFORNIA ST.",350.00,W,N,A,-,Y,LA,,134," "," ",2.318,H,,R,Y,4,0,1,3,A,-,03,22350,,N,C,C,A,A,H,-,A,D,0,,,,,Y,,A,01,0,0,1,0,0,0,0,0,0,"- ","- ",34.152851104736328,-118.33653259277344,"LOS ANGELES",BURBANK,-118.33652496337891,34.152862548828125
92052078,2023,2023-04-24,9575,2023-04-21,1615,022651,,5,2,6,1912,0,1,1,,2,051,"I-5 S/B (GOLDEN STATE FREEWAY)","OLIVE AVE.",60.00,S,N,A,-,Y,LA,,5," "," ",29.146,H,,L,N,4,0,1,2,A,-,03,22350,,N,C,C,A,A,H,-,A,D,0,,,,,Y,,A,07,0,0,1,0,0,0,0,0,0,"- ","- ",34.178630828857422,-118.31080627441406,"LOS ANGELES",BURBANK,-118.31082153320312,34.178615570068359
92054569,2023,2023-04-27,9575,2023-04-25,"730 ",023205,,2,1,6,1912,0,1,3,,2,044,"SR-134 W/B (VENTURA FREEWAY)","CALIFORNIA ST.",124.00,E,N,A,-,Y,LA,,134," "," ",2.416,H,,L,Y,3,0,1,2,A,-,08,22107,,N,B,C,A,A,H,-,A,D,0,,,,,Y,,A,01,0,1,0,0,0,0,0,0,0,"- ","- ",34.152610778808594,-118.3348388671875,"LOS ANGELES",BURBANK,-118.33483123779297,34.152645111083984
92060003,2023,2023-05-03,9575,2023-04-29,"820 ",022203,,6,1,6,1912,0,1,1,,2,051,"I-5 S/B (GOLDEN STATE FREEWAY)","WESTERN AVE.",750.00,N,N,A,-,Y,LA,,5," "," ",28.009,H,,L,N,4,0,2,2,A,-,03,22350,,N,C,C,A,A,H,-,A,D,0,,,,,Y,,A,01,0,0,2,0,0,0,0,0,0,"- ","- ",34.166061401367188,-118.29871368408203,"LOS ANGELES",BURBANK,-118.2987060546875,34.166061401367188
92062911,2023,2023-05-08,9575,2023-05-02,2305,023236,,2,3,6,1912,0,1,1,,2,051,"I-5 N/B (GOLDEN STATE FREEWAY)","OLIVE AVENUE",398.00,S,N,A,-,Y,LA,,5," "," ",29.079,H,,R,Y,3,0,1,1,A,-,01,23152,A,N,E,I,A,A,H,-,C,D,0,,,,,Y,Y,A,07,0,1,0,0,0,0,0,0,0,"- ","- ",34.1781005859375,-118.30983734130859,"LOS ANGELES",BURBANK,-118.30979156494141,34.178150177001953
92068248,2023,2023-05-15,9575,2023-05-06,1415,022651,,6,2,6,1912,0,1,1,,2,051,"I-5 S/B TO BURBANK BLVD.","BURBANK BLVD.",250.00,N,N,A,-,Y,,,,,,,,,,Y,4,0,1,2,A,-,03,22350,,N,C,C,A,A,H,-,A,A,0,,,,,Y,,A,07,0,0,1,0,0,0,0,0,0,"- ","- ",34.185779571533203,-118.31968688964844,"LOS ANGELES",BURBANK,-118.31968688964844,34.185779571533203
92068413,2023,2023-05-15,9575,2023-05-04,"454 ",023236,,4,3,6,1912,0,1,1,,2,051,"I-5 N/B (GOLDEN STATE FREEWAY)","BURBANK BOULEVARD",1166.00,S,N,B,C,Y,LA,,5," "," ",29.539,H,,R,N,4,0,5,2,A,-,03,22350,,N,D,C,A,B,H,-,D,D,0,,,,,Y,,A,01,0,0,5,0,0,0,0,0,0,"- ","- ",34.182891845703125,-118.31529235839844,"LOS ANGELES",BURBANK,-118.31522369384766,34.18292236328125
92072962,2023,2023-05-19,9575,2023-05-05,2230,022918,,5,3,6,1912,0,1,3,,2,044,"SR-134 WESTBOUND (VENTURA FREEWAY)","BUENA VISTA ST.",50.00,W,N,A,-,Y,LA,,134," "," ",2.182,H,,L,Y,3,0,4,1,A,-,08,22107,,N,E,8,A,A,H,-,C,D,0,,,,,Y,,A,07,0,3,1,0,0,0,0,0,0,"- ","- ",34.153610229492188,-118.33872222900391,"LOS ANGELES",BURBANK,-118.33873748779297,34.153533935546875
92077182,2023,2023-05-25,9575,2023-05-15,1450,023205,,1,2,6,1912,0,1,1,,2,051,"I-5 S/B (GOLDEN STATE FREEWAY)","VERDUGO AVE.",30.00,S,N,A,-,Y,LA,,5," "," ",28.916,H,,L,N,3,0,3,2,A,-,03,22350,,N,C,C,A,A,H,-,A,D,0,,,,,Y,,A,01,0,3,0,0,0,0,0,0,0,"- ","- ",34.176418304443359,-118.30776977539062,"LOS ANGELES",BURBANK,-118.30782318115234,34.176395416259766
92080278,2023,2023-05-29,9575,2023-05-01,1333,023009,,1,1,6,1912,0,1,1,,2,051,"I-5 N/B (GOLDEN STATE FREEWAY)","BUENA VISTA ST.",157.00,S,N,A,-,Y,LA,,5," "," ",31.221,H,,R,Y,4,0,2,3,A,-,07,21658,A,F,B,2,A,A,H,-,A,D,0,,,,,Y,,-,99,0,0,2,0,0,0,0,0,0,"- ","- ",34.198661804199219,-118.33744812011719,"LOS ANGELES",BURBANK,-118.33744812011719,34.198661804199219
92082218,2023,2023-05-31,9575,2023-05-20,1634,022839,,6,2,6,1912,0,1,3,,2,043,"SR-134 E/B (VENTURA FREEWAY)","LOS ANGELES RIVER",220.00,W,N,A,-,Y,LA,,134," "," ",3.443,H,,R,Y,3,0,2,3,A,-,08,22107,,N,C,2,A,A,H,-,A,D,0,,,,,Y,,A,01,0,1,1,0,0,0,0,0,0,"- ","- ",34.155029296875,-118.31767272949219,"LOS ANGELES",BURBANK,-118.31768798828125,34.154933929443359
92085214,2023,2023-06-05,9575,2023-03-09,1707,019952,,4,2,6,1912,0,1,3,,2,044,"SR-134 E/B (VENTURA FREEWAY)","PASS AVE",1320.00,W,N,A,-,Y,LA,,134," "," ",1.392,H,,R,N,3,0,2,2,A,-,07,21658,A,N,B,C,A,A,H,-,B,D,0,,,,,Y,,A,01,0,2,0,0,0,0,0,0,0,"- ","- ",34.153118133544922,-118.35236358642578,"LOS ANGELES",BURBANK,-118.35234832763672,34.153045654296875
92085393,2023,2023-06-05,9575,2023-05-29,2240,022918,,1,3,6,1912,0,1,3,,2,044,"SR-134 WESTBOUND (VENTURA FREEWAY)","ALAMEDA AVE.",10.00,E,N,A,-,Y,LA,,134," "," ",2.098,H,,L,Y,4,0,1,1,A,-,08,22107,,N,E,8,A,A,H,-,C,D,0,,,,,Y,,A,01,0,0,1,0,0,0,0,0,0,"- ","- ",34.153800964355469,-118.34024047851562,"LOS ANGELES",BURBANK,-118.34024810791016,34.153736114501953
92086161,2023,2023-06-05,9575,2023-05-06,1927,022839,,6,2,6,1912,0,1,3,,2,044,"SR-134 E/B (VENTURA FREEWAY)","BUENA VISTA STREET",1280.00,E,N,A,-,Y,LA,,134," "," ",3.227,H,,R,N,3,0,1,2,A,-,08,22107,,F,G,B,E,A,C,-,A,D,0,Y,,,,Y,,-,99,0,1,0,0,1,0,0,0,0,"- ","- ",34.15447998046875,-118.32127380371094,"LOS ANGELES",BURBANK,-118.32129669189453,34.154563903808594
92086259,2023,2023-06-05,9575,2023-05-22,1432,022839,,1,2,6,1912,0,1,1,,2,051,"I-5 N/B (GOLDEN STATE FREEWAY)","ALLEN AVENUE",158.00,N,N,A,-,Y,LA,,5," "," ",28.181,H,,R,Y,4,0,1,2,A,-,07,21658,A,N,C,2,A,A,H,-,A,D,0,,,,,Y,,D,22,0,0,1,0,0,0,0,0,0,"- ","- ",34.167850494384766,-118.30081176757812,"LOS ANGELES",BURBANK,-118.30081176757812,34.167850494384766
92086434,2023,2023-06-05,9575,2023-06-02,1310,022489,,5,1,6,1912,0,1,1,,2,051,"I-5 S/B (GOLDEN STATE FREEWAY)","MAGNOLIA BLVD.",90.00,N,N,A,-,Y,LA,,5," "," ",29.416,H,,L,Y,4,0,2,2,A,-,03,22350,,N,C,C,A,A,H,-,A,D,0,,,,,Y,,D,22,0,0,2,0,0,0,0,0,0,"- ","- ",34.181259155273438,-118.31429290771484,"LOS ANGELES",BURBANK,-118.31428527832031,34.181262969970703
92089958,2023,2023-06-09,9575,2023-05-31,"844 ",023009,,3,1,6,1912,0,1,1,,2,051,"I-5 S/B (GOLDEN STATE FREEWAY)","OLIVE AVE.",530.00,S,N,B,-,Y,LA,,5," "," ",29.057,H,,L,N,4,0,1,3,A,-,07,21658,A,N,B,C,A,A,H,-,A,D,0,,,,,Y,,A,01,0,0,1,0,0,0,0,0,0,"- ","- ",34.177860260009766,-118.30956268310547,"LOS ANGELES",BURBANK,-118.30959320068359,34.177825927734375
92093509,2023,2023-06-14,9575,2023-06-05,2107,023227,,1,2,6,1912,0,1,1,,2,051,"I-5 S/B (GOLDEN STATE FREEWAY)","ALAMEDA AVENUE",1400.00,N,N,A,-,Y,LA,,5," "," ",28.713,H,,L,N,4,0,2,2,A,-,01,23152,A,N,C,C,A,A,H,-,C,D,0,,,,,Y,Y,A,01,0,0,2,0,0,0,0,0,0,"- ","- ",34.173641204833984,-118.30661010742188,"LOS ANGELES",BURBANK,-118.30661010742188,34.173641204833984
92094029,2023,2023-06-15,9575,2023-06-07,1937,022526,,3,2,6,1912,0,1,3,,2,044,"SR-134 E/B (VENTURA FREEWAY)","BOB HOPE DRIVE",80.00,E,N,A,-,Y,LA,,134," "," ",2.706,H,,R,N,4,0,2,3,A,-,08,22107,,N,B,C,A,A,H,-,A,D,0,,,,Y,Y,,A,01,0,0,2,0,0,0,0,0,0,"- ","- ",34.152809143066406,-118.32981872558594,"LOS ANGELES",BURBANK,-118.32982635498047,34.152824401855469
92094218,2023,2023-06-15,9575,2023-06-07,2009,022526,,3,2,6,1912,0,1,3,,2,044,"SR-134 E/B (VENTURA FREEWAY)","PASS AVENUE",1805.00,W,N,A,-,Y,LA,,134," "," ",1.468,H,,R,N,4,0,2,4,A,-,03,22350,,N,C,C,A,A,H,-,B,D,0,,,,,Y,,A,07,0,0,2,0,0,0,0,0,0,"- ","- ",34.153301239013672,-118.35105895996094,"LOS ANGELES",BURBANK,-118.35104370117188,34.153217315673828
92095268,2023,2023-06-16,9575,2023-06-08,1820,022513,,4,2,6,1912,0,1,1,,2,051,"I-5 N/B (GOLDEN STATE FREEWAY)","BUENA VISTA ST",800.00,S,N,A,-,Y,LA,,5," "," ",30.987,H,,R,N,4,0,1,2,A,-,07,21658,A,M,B,C,A,A,H,-,A,D,0,,,,,Y,,-,99,0,0,1,0,0,0,0,0,0,"- ","- ",34.196418762207031,-118.33432769775391,"LOS ANGELES",BURBANK,-118.33436584472656,34.196380615234375
92096612,2023,2023-06-19,9575,2023-05-24,1912,022839,,3,2,6,1912,0,1,1,,2,051,"I-5 N/B (GOLDEN STATE FREEWAY)","NORTH ROAD EDGE OF EMPIRE AVENUE",106.00,S,N,A,-,Y,LA,,5," "," ",30.474,H,,R,Y,2,0,1,1,A,-,08,22107,,N,E,I,A,A,H,-,B,D,0,,,,,Y,,A,01,1,0,0,0,0,0,0,0,0,"- ","- ",34.191688537597656,-118.32733917236328,"LOS ANGELES",BURBANK,-118.3272705078125,34.191745758056641
92097192,2023,2023-06-19,9575,2023-06-11,1625,022839,,7,2,6,1912,0,1,3,,2,044,"SR-134 E/B (VENTURA FREEWAY)","LOS ANGELES RIVER",1056.00,W,N,A,-,Y,LA,,134," "," ",3.260,H,,R,Y,4,0,3,3,A,-,08,22107,,N,C,2,A,A,H,-,A,D,0,,,,,Y,,A,01,0,0,3,0,0,0,0,0,0,"- ","- ",34.154659271240234,-118.32073974609375,"LOS ANGELES",BURBANK,-118.32074737548828,34.154674530029297
92098243,2023,2023-06-20,9575,2023-06-11,1508,022839,,7,2,6,1912,0,1,3,,2,044,"SR-134 E/B (VENTURA FREEWAY)","LOS ANGELES RIVER",251.00,W,N,B,-,Y,LA,,134," "," ",3.443,H,,R,Y,3,0,1,2,A,-,08,22107,,N,E,I,A,A,H,-,A,D,0,,,,,Y,,D,22,0,1,0,0,0,0,0,0,0,"- ","- ",34.155040740966797,-118.31765747070312,"LOS ANGELES",BURBANK,-118.31767272949219,34.154933929443359
92100480,2023,2023-06-23,9575,2023-06-16,1925,022526,,5,2,6,1912,0,1,3,,2,044,"SR-134 E/B (VENTURA FREEWAY)","OLIVE AVENUE",211.00,E,N,A,-,Y,LA,,134," "," ",2.283,H,,R,N,4,0,1,2,A,-,03,22350,,N,C,C,A,A,H,-,A,D,0,,,,,Y,,A,01,0,0,1,0,0,0,0,0,0,"- ","- ",34.153049468994141,-118.33709716796875,"LOS ANGELES",BURBANK,-118.33711242675781,34.15301513671875
92100610,2023,2023-06-23,9575,2023-06-13,"820 ",023229,,2,1,6,1912,0,1,3,,2,044,"SR-134 W/B (VENTURA FREEWAY)","BUENA VISTA ST",410.00,W,N,A,-,Y,LA,,134," "," ",2.999,H,,L,Y,4,0,1,3,A,-,07,21658,A,M,B,2,A,A,H,-,A,D,0,,,,Y,Y,,-,99,0,0,1,0,0,0,0,0,0,"- ","- ",34.153999328613281,-118.32486724853516,"LOS ANGELES",BURBANK,-118.32488250732422,34.154041290283203
92101143,2023,2023-06-23,9575,2023-06-17,1740,023126,,6,2,6,1912,0,1,1,,2,050,"I-5 S/B (GOLDEN STATE FREEWAY)","ALAMEDA AVE.",320.00,S,N,A,-,Y,LA,,5," "," ",28.369,H,,L,N,4,0,2,2,A,-,03,22350,,N,B,C,A,A,H,-,A,D,0,,,,,Y,,A,01,0,0,2,0,0,0,0,0,0,"- ","- ",34.169540405273438,-118.30342864990234,"LOS ANGELES",BURBANK,-118.30345153808594,34.169517517089844
92103526,2023,2023-06-27,9575,2023-06-19,"839 ",023009,,1,1,6,1912,0,1,1,,2,051,"I-5 S/B (GOLDEN STATE FREEWAY)","MAGNOLIA BLVD.",48.00,S,N,B,-,Y,LA,,5," "," ",29.378,H,,L,N,4,0,1,2,A,-,17,22109,,M,C,C,A,A,H,-,A,D,0,,,,,Y,,-,99,0,0,1,0,0,0,0,0,0,"- ","- ",34.180858612060547,-118.31385040283203,"LOS ANGELES",BURBANK,-118.31388854980469,34.180828094482422
92104056,2023,2023-06-28,9575,2023-06-21,"734 ",023236,,3,1,6,1912,0,1,3,,2,044,"SR-134 W/B (VENTURA FREEWAY)","PASS AVENUE",48.00,W,N,A,-,Y,LA,,134," "," ",1.806,H,,L,N,4,0,1,2,A,-,21,22106,,N,C,C,A,A,H,-,A,D,0,,,Y,,Y,,A,01,0,0,1,0,0,0,0,0,1,"- ","- ",34.154109954833984,-118.34530639648438,"LOS ANGELES",BURBANK,-118.34531402587891,34.154155731201172
92104925,2023,2023-06-29,9575,2023-06-23,1305,022489,,5,1,6,1912,0,1,3,,2,044,"SR-134 E/B, FROM RIVERSIDE DR.","RIVERSIDE DR.",55.00,E,N,A,-,Y,,,,,,,,,,N,4,0,1,1,A,-,03,22350,,N,E,8,A,A,H,-,A,D,0,,,,,Y,,A,01,0,0,1,0,0,0,0,0,0,"- ","- ",34.153228759765625,-118.32634735107422,"LOS ANGELES",BURBANK,-118.32634735107422,34.153228759765625
92106984,2023,2023-06-30,9575,2023-06-22,"848 ",023009,,4,1,6,1912,0,1,1,,2,051,"I-5 FROM BURBANK BLVD.","BURBANK BLVD.",706.00,S,N,B,-,Y,,,,,,,,,,N,4,0,1,3,A,-,03,22350,,N,C,2,A,A,H,-,A,A,0,,,,,Y,,A,07,0,0,1,0,0,0,0,0,0,"- ","- ",34.183910369873047,-118.31674957275391,"LOS ANGELES",BURBANK,-118.31674957275391,34.183910369873047
92107790,2023,2023-07-03,9575,2023-06-24,"451 ",022477,,6,3,6,1912,0,1,1,,2,051,"INTERSTATE 5 SOUTHBOUND","OLIVE AVENUE",317.00,S,N,A,-,Y,LA,,5," "," ",29.096,H,,L,Y,2,0,2,2,A,-,01,23152,A,N,D,C,A,A,H,-,C,D,0,,,,,Y,Y,D,22,1,0,1,0,0,0,0,0,0,"- ","- ",34.178199768066406,-118.31011199951172,"LOS ANGELES",BURBANK,-118.31013488769531,34.178169250488281
92107911,2023,2023-07-03,9575,2023-06-24,"446 ",022918,,6,3,6,1912,0,1,1,,2,051,"I-5 SOUTHBOUND (GOLDEN STATE FREEWAY)","OLIVE AVE.",300.00,S,N,A,-,Y,LA,,5," "," ",29.100,H,,L,Y,3,0,1,2,A,-,03,22350,,N,C,C,A,A,H,-,C,D,0,,,,,Y,,A,07,0,1,0,0,0,0,0,0,0,"- ","- ",34.178218841552734,-118.31017303466797,"LOS ANGELES",BURBANK,-118.31018829345703,34.178203582763672
92107920,2023,2023-07-03,9575,2023-06-22,2315,022469,,4,3,6,1912,0,1,1,,2,051,"I-5 S/B (GOLDEN STATE FREEWAY)","WINONA AVE",10.00,S,N,A,-,Y,LA,,5," "," ",31.312,H,,L,Y,4,0,1,1,A,-,08,22107,,N,E,I,A,A,H,-,C,D,0,,,,,Y,,-,"- ",0,0,1,0,0,0,0,0,0,"- ","- ",34.199428558349609,-118.33844757080078,"LOS ANGELES",BURBANK,-118.33842468261719,34.199447631835938
92111049,2023,2023-07-06,9575,2023-06-24,"453 ",022084,,6,3,6,1912,0,1,1,,2,050,"I-5 S/B (GOLDEN STATE FREEWAY)","OLIVE AVENUE",325.00,S,N,A,-,Y,LA,,5," "," ",29.095,H,,L,Y,4,0,1,2,B,-,22,,,N,C,C,A,A,H,-,C,D,0,,,,,Y,,J,48,0,0,1,0,0,0,0,0,0,"- ","- ",34.178180694580078,-118.31008911132812,"LOS ANGELES",BURBANK,-118.31011199951172,34.178153991699219
92113480,2023,2023-07-10,9575,2023-07-04,2240,022489,,2,3,6,1912,0,1,1,,2,051,"I-5 S/B (GOLDEN STATE FREEWAY)","FLOWER ST.",165.00,N,N,A,-,Y,LA,,5," "," ",28.792,H,,L,Y,4,0,2,2,A,-,07,21658,A,N,B,2,A,A,H,-,C,D,0,,,,,Y,,A,01,0,0,2,0,0,0,0,0,0,"- ","- ",34.174770355224609,-118.30690765380859,"LOS ANGELES",BURBANK,-118.30693054199219,34.174762725830078
92114454,2023,2023-07-11,9575,2023-07-05,1720,022477,,3,2,6,1912,0,1,3,,2,044,"STATE ROUTE 134 W/B (VENTURA FREEWAY)","RIVERSIDE DR.",1330.00,E,N,A,-,Y,LA,,134," "," ",3.164,H,,L,N,4,0,1,2,A,-,03,22350,,N,C,C,A,A,H,-,A,D,0,,,Y,,Y,,C,02,0,0,1,0,0,0,0,0,1,"- ","- ",34.154579162597656,-118.32199859619141,"LOS ANGELES",BURBANK,-118.32201385498047,34.154621124267578
92121379,2023,2023-07-20,9575,2023-07-17,"357 ",022939,,1,3,6,1912,0,1,3,,2,044,"SR-134 E/B (VENTURA FREEWAY)","HOLLYWOOD WAY",350.00,W,N,A,-,Y,LA,,134," "," ",2.029,H,,R,N,4,0,2,2,A,-,07,21658,A,M,B,2,A,A,H,-,C,D,0,,,,,Y,,-,99,0,0,2,0,0,0,0,0,0,"- ","- ",34.153659820556641,-118.34137725830078,"LOS ANGELES",BURBANK,-118.34136962890625,34.153697967529297
92122314,2023,2023-07-20,9575,2023-07-12,1835,022513,,3,2,6,1912,0,1,1,,2,051,"I-5 S/B (GOLDEN STATE FREEWAY)","BUENA VISTA ST.",1584.00,N,N,A,-,Y,LA,,5," "," ",31.569,H,,L,N,2,0,2,3,A,-,08,22107,,N,B,C,A,A,H,-,A,D,0,,,,,Y,,A,01,1,0,1,0,0,0,0,0,0,"- ","- ",34.202728271484375,-118.34069061279297,"LOS ANGELES",BURBANK,-118.34068298339844,34.202735900878906
92133634,2023,2023-08-01,9575,2023-07-22,2225,023016,,6,3,6,1912,0,1,1,,2,051,"I-5 S/B (GOLDEN STATE FREEWAY)","BUENA VISTA ST",1135.00,S,N,A,-,Y,LA,,5," "," ",31.024,H,,L,N,4,0,4,2,A,-,03,22350,,N,C,C,A,A,H,-,C,D,0,,,,,Y,,A,07,0,0,4,0,0,0,0,0,0,"- ","- ",34.196540832519531,-118.33493041992188,"LOS ANGELES",BURBANK,-118.33496856689453,34.196502685546875
92137411,2023,2023-08-07,9575,2023-07-19,2215,023071,,3,3,6,1912,0,1,1,,2,051,"I-5 S/B (GOLDEN STATE FREEWAY)","BUENA VISTA ST.",1700.00,N,N,A,-,Y,LA,,5," "," ",31.576,H,,L,Y,3,0,1,2,A,-,01,23152,A,N,C,C,A,A,H,-,C,D,0,,,,Y,Y,Y,A,01,0,1,0,0,0,0,0,0,0,"- ","- ",34.202789306640625,-118.34082794189453,"LOS ANGELES",BURBANK,-118.34074401855469,34.202831268310547
92137583,2023,2023-08-07,9575,2023-07-28,"630 ",023227,,5,1,6,1912,0,1,1,,2,051,"I-5 S/B (GOLDEN STATE FREEWAY)","BURBANK BLVD",1800.00,N,N,A,-,Y,LA,,5," "," ",30.151,H,,L,Y,4,0,2,3,A,-,07,21658,A,M,B,C,A,A,H,-,A,D,0,,,,,Y,,-,99,0,0,2,0,0,0,0,0,0,"- ","- ",34.188461303710938,-118.32343292236328,"LOS ANGELES",BURBANK,-118.32340240478516,34.188488006591797
92138505,2023,2023-08-08,9575,2023-07-31,2335,022496,,1,3,6,1912,0,1,3,,2,044,"SR-134 W/B FROM ALAMEDA AVE.","HOLLYWOOD WAY",50.00,E,N,A,-,Y,LA,,134," "," ",2.113,H,,L,N,4,0,1,2,A,-,06,21755,,N,B,C,A,A,H,-,D,D,0,,,,,Y,,A,01,0,0,1,0,0,0,0,0,0,"- ","- ",34.153881072998047,-118.33995056152344,"LOS ANGELES",BURBANK,-118.33998107910156,34.153701782226562
92138620,2023,2023-08-08,9575,2023-07-30,1533,023031,,7,2,6,1912,0,1,1,,2,051,"I-5 N/B (GOLDEN STATE FREEWAY)","OLIVE AVENUE",1205.00,S,N,A,-,Y,LA,,5," "," ",28.927,H,,R,N,2,0,1,2,A,-,03,22350,,N,C,2,A,A,H,-,A,D,0,,,Y,,Y,,C,02,1,0,0,0,0,0,0,0,1,"- ","- ",34.176689147949219,-118.30777740478516,"LOS ANGELES",BURBANK,-118.30779266357422,34.176681518554688
92139990,2023,2023-08-09,9575,2023-07-22,2030,023284,,6,2,6,1912,0,1,1,,2,051,"I-5 S/B (GOLDEN STATE FREEWAY)","BUENA VISTA ST",100.00,S,N,A,-,Y,LA,,5," "," ",31.226,H,,L,Y,2,0,2,1,A,-,08,22107,,N,E,8,A,A,H,-,C,D,0,,,,,Y,,A,07,1,1,0,0,0,0,0,0,0,"- ","- ",34.198410034179688,-118.33753967285156,"LOS ANGELES",BURBANK,-118.33751678466797,34.198429107666016
92142159,2023,2023-08-11,9575,2023-08-01,"824 ",023205,,2,1,6,1912,0,1,1,,2,051,"I-5 S/B (GOLDEN STATE FREEWAY)","FLOWER ST",50.00,S,N,A,-,Y,LA,,5," "," ",28.721,H,,L,Y,3,0,1,4,A,-,08,22107,,N,D,C,A,A,H,-,A,D,0,,,,,Y,,A,07,0,1,0,0,0,0,0,0,0,"- ","- ",34.173770904541016,-118.30657958984375,"LOS ANGELES",BURBANK,-118.306640625,34.173759460449219
92145235,2023,2023-08-16,9575,2023-08-06,"0   ",023016,,7,3,6,1912,0,1,3,,2,044,"SR-134 E/B (VENTURA FREEWAY)","CALIFORNIA ST",30.00,E,N,A,-,Y,LA,,134," "," ",2.399,H,,R,Y,4,0,4,3,A,-,03,22350,,N,C,C,A,A,H,-,C,D,0,,,,,Y,,A,01,0,0,4,0,0,0,0,0,0,"- ","- ",34.152511596679688,-118.33518218994141,"LOS ANGELES",BURBANK,-118.33517456054688,34.152530670166016
92147774,2023,2023-08-18,9575,2023-08-13,"24  ",023009,,7,3,6,1912,0,1,1,,2,051,"I-5 N/B TO BUENA VISTA ST.","BUENA VISTA ST.",158.00,W,N,A,-,Y,,,,,,,,,,N,4,0,3,2,A,-,03,22350,,N,C,C,A,A,H,-,C,D,0,,,,,Y,,A,01,0,0,3,0,0,0,0,0,0,"- ","- ",34.200748443603516,-118.33846282958984,"LOS ANGELES",BURBANK,-118.33846282958984,34.200748443603516
92152080,2023,2023-08-24,9575,2023-08-13,"855 ",023227,,7,1,6,1912,0,1,1,,2,051,"I-5 N/B TO ALAMEDA AVE W/B","ALAMEDA AVE",10.00,N,N,A,-,Y,,,,,,,,,,N,4,0,1,3,A,-,21,22106,,N,C,C,A,A,H,-,A,A,0,,,,,Y,,A,01,0,0,1,0,0,0,0,0,0,"- ","- ",34.17095947265625,-118.30380249023438,"LOS ANGELES",BURBANK,-118.30380249023438,34.17095947265625
92152090,2023,2023-08-24,9575,2023-08-14,1745,023126,,1,2,6,1912,0,1,1,,2,051,"I-5 S/B (GOLDEN STATE FREEWAY)","ALLEN AVE.",303.00,N,N,A,-,Y,LA,,5," "," ",28.209,H,,L,N,4,0,1,2,A,-,03,22350,,N,C,C,A,A,H,-,A,D,0,,,,,Y,,A,01,0,0,1,0,0,0,0,0,0,"- ","- ",34.167999267578125,-118.30127716064453,"LOS ANGELES",BURBANK,-118.30131530761719,34.167964935302734
92155138,2023,2023-08-28,9575,2023-08-18,"940 ",023205,,5,1,6,1912,0,1,1,,2,051,"I-5 S/B (GOLDEN STATE FREEWAY)","OLIVE AVENUE",100.00,N,N,A,-,Y,LA,,5," "," ",29.174,H,,L,Y,3,0,2,3,A,-,03,22350,,N,D,C,A,A,H,-,A,D,0,,,,Y,Y,,A,01,0,2,0,0,0,0,0,0,0,"- ","- ",34.178928375244141,-118.3111572265625,"LOS ANGELES",BURBANK,-118.31121826171875,34.178863525390625
92155139,2023,2023-08-28,9575,2023-08-16,1755,022839,,3,2,6,1912,0,1,1,,2,051,"I-5 N/B (GOLDEN STATE FREEWAY)","MAGNOLIA BOULEVARD",722.00,N,N,A,-,Y,LA,,5," "," ",29.537,H,,R,Y,4,0,1,3,A,-,08,22107,,N,C,2,A,A,H,-,A,D,0,,,,,Y,,A,07,0,0,1,0,0,0,0,0,0,"- ","- ",34.182941436767578,-118.31511688232422,"LOS ANGELES",BURBANK,-118.31520843505859,34.182899475097656
92157453,2023,2023-08-29,9575,2023-08-20,1819,023029,,7,2,6,1912,0,1,1,,2,051,"I-5 S/B (GOLDEN STATE FREEWAY)","BUENA VISTA STREET",179.00,N,N,B,C,Y,LA,,5," "," ",31.299,H,,L,Y,3,0,1,2,A,-,03,22350,,N,C,8,A,B,H,-,A,D,0,,,,,Y,,A,01,0,1,0,0,0,0,0,0,0,"- ","- ",34.199268341064453,-118.33831024169922,"LOS ANGELES",BURBANK,-118.33828735351562,34.199283599853516
92158762,2023,2023-08-30,9575,2023-08-20,1305,023243,,7,1,6,1912,0,1,1,,2,051,"I-5 S/B (GOLDEN STATE FREEWAY)","BUENA VISTA ST",750.00,S,N,C,-,Y,LA,,5," "," ",31.104,H,,L,Y,3,0,1,2,A,-,03,22350,,N,C,E,A,B,F,-,A,D,0,,,,Y,Y,,A,01,0,1,0,0,0,0,0,0,0,"- ","- ",34.197288513183594,-118.3359375,"LOS ANGELES",BURBANK,-118.33601379394531,34.197219848632812
92160153,2023,2023-08-31,9575,2023-08-20,"902 ",023227,,7,1,6,1912,0,1,1,,2,051,"I-5 S/B (GOLDEN STATE FREEWAY)","BUENA VISTA STREET",100.00,S,N,B,C,Y,LA,,5," "," ",31.223,H,,L,N,3,0,3,2,A,-,03,22350,,N,A,C,A,B,H,-,A,D,0,,,,,Y,,D,22,0,1,2,0,0,0,0,0,0,"- ","- ",34.198371887207031,-118.33750915527344,"LOS ANGELES",BURBANK,-118.33747863769531,34.198394775390625
92160285,2023,2023-08-31,9575,2023-08-20,1145,023227,,7,1,6,1912,0,1,1,,2,051,"I-5 N/B (GOLDEN STATE FREEWAY)","BURBANK BLVD.",575.00,S,N,B,C,Y,LA,,5," "," ",29.657,H,,R,N,2,0,4,3,A,-,03,22350,,F,B,2,A,B,H,-,A,D,0,,,,,Y,,A,07,1,1,2,0,0,0,0,0,0,"- ","- ",34.184261322021484,-118.31642913818359,"LOS ANGELES",BURBANK,-118.31623077392578,34.184379577636719
92160290,2023,2023-09-01,9575,2023-08-23,1703,021879,,3,2,6,1912,0,1,3,,2,044,"SR-134 W/B (VENTURA FREEWAY)","PASS AVE.",100.00,E,N,A,-,Y,LA,,134," "," ",1.844,H,,L,N,3,0,2,3,A,-,03,22350,,N,C,C,A,A,H,-,A,A,0,,,,,Y,,A,01,0,1,1,0,0,0,0,0,0,"- ","- ",34.154239654541016,-118.34465026855469,"LOS ANGELES",BURBANK,-118.34465026855469,34.154163360595703
92164475,2023,2023-09-07,9575,2023-08-29,1720,022477,,2,2,6,1912,0,1,3,,2,044,"STATE ROUTE 134 W/B (VENTURA FREEWAY)","PASS AVENUE",175.00,W,N,A,-,Y,LA,,134," "," ",1.779,H,,L,N,4,0,1,2,A,-,03,22350,,N,C,C,A,A,H,-,A,D,0,,,,,Y,,D,22,0,0,1,0,0,0,0,0,0,"- ","- ",34.154170989990234,-118.34577178955078,"LOS ANGELES",BURBANK,-118.34576416015625,34.154129028320312
92169479,2023,2023-09-13,9575,2023-09-07,1610,021538,,4,2,6,1912,0,1,1,,2,051,"I-5 N/B (GOLDEN STATE FREEWAY)","ALAMEDA AVE.",220.00,S,N,A,-,Y,LA,,5," "," ",28.386,H,,R,N,4,0,1,2,A,-,03,22350,,N,C,C,A,A,H,-,A,D,0,,,,,Y,,A,07,0,0,1,0,0,0,0,0,0,"- ","- ",34.169830322265625,-118.30357360839844,"LOS ANGELES",BURBANK,-118.30355072021484,34.169849395751953
92182363,2023,2023-09-28,9575,2023-09-20,"835 ",023413,,3,1,6,1912,0,1,3,,2,044,"SR-134 W/B (VENTURA FREEWAY)","PASS AVE.",110.00,W,N,B,-,Y,LA,,134," "," ",1.793,H,,L,N,3,0,2,2,D,-,00,,,N,B,2,A,A,H,-,A,D,0,,,,,Y,,-,"- ",0,2,0,0,0,0,0,0,0,"- ","- ",34.154129028320312,-118.34552764892578,"LOS ANGELES",BURBANK,-118.34552764892578,34.154144287109375
92182369,2023,2023-09-28,9575,2023-09-20,1205,023413,,3,1,6,1912,0,1,1,,2,051,"I-5 S/B (GOLDEN STATE FREEWAY)","FLOWER ST.",106.00,S,N,B,-,Y,LA,,5," "," ",28.774,H,,L,N,3,0,1,2,A,-,03,22350,,N,C,C,A,A,H,-,A,D,0,,,,,Y,,A,07,0,1,0,0,0,0,0,0,0,"- ","- ",34.174530029296875,-118.30673217773438,"LOS ANGELES",BURBANK,-118.30685424804688,34.174507141113281
92185451,2023,2023-10-02,9575,2023-09-19,1840,023410,,2,2,6,1912,0,1,3,,2,044,"SR-134 W/B (VENTURA FREEWAY)","ALAMEDA AVE",759.00,E,N,A,-,Y,LA,,134," "," ",2.389,H,,L,Y,4,0,1,2,A,-,03,22350,,N,C,C,A,A,H,-,C,D,0,,,,,Y,,A,07,0,0,1,0,0,0,0,0,0,"- ","- ",34.152790069580078,-118.33527374267578,"LOS ANGELES",BURBANK,-118.33528900146484,34.152740478515625
92187120,2023,2023-10-02,9575,2023-09-23,1040,023243,,6,1,6,1912,0,1,1,,2,051,"I-5 S/B (GOLDEN STATE FREEWAY)","MAGNOLIA BOULEVARD",82.00,S,N,A,-,Y,LA,,5," "," ",29.369,H,,L,N,3,0,1,2,A,-,03,22350,,N,C,C,A,A,H,-,A,D,0,,,,,Y,,A,01,0,1,0,0,0,0,0,0,0,"- ","- ",34.180698394775391,-118.31382751464844,"LOS ANGELES",BURBANK,-118.31378936767578,34.180732727050781
92192941,2023,2023-10-06,9575,2023-09-29,1855,022629,,5,2,6,1912,0,1,1,,2,051,"I-5 S/B (GOLDEN STATE FREEWAY)","BURBANK BOULEVARD",1584.00,N,N,A,-,Y,LA,,5," "," ",30.096,H,,L,N,4,0,3,3,A,-,03,22350,,N,C,C,A,A,H,-,B,D,0,,,,,Y,,A,01,0,0,3,0,0,0,0,0,0,"- ","- ",34.187931060791016,-118.32269287109375,"LOS ANGELES",BURBANK,-118.32266235351562,34.187957763671875
92198463,2023,2023-10-13,9575,2023-10-08,1635,022651,,7,2,6,1912,0,1,1,,2,051,"I-5 N/B FROM ALAMEDA AVE.","ALAMEDA AVE.",325.00,S,N,A,-,Y,LA,,5," "," ",28.368,H,,R,N,4,0,3,2,A,-,03,22350,,N,C,C,A,A,H,-,A,A,0,,,,,Y,,A,01,0,0,3,0,0,0,0,0,0,"- ","- ",34.16986083984375,-118.30310821533203,"LOS ANGELES",BURBANK,-118.30330657958984,34.169673919677734
92199478,2023,2023-10-16,9575,2023-10-05,1920,023410,,4,2,6,1912,0,1,3,,2,044,"SR-134 W/B (VENTURA FREEWAY)","ALAMEDA AVE",2251.00,E,N,A,-,Y,LA,,134," "," ",2.579,H,,L,Y,4,0,1,2,A,-,03,22350,,N,C,C,A,A,H,-,C,D,0,,,,,Y,,A,01,0,0,1,0,0,0,0,0,0,"- ","- ",34.152538299560547,-118.33200073242188,"LOS ANGELES",BURBANK,-118.33201599121094,34.152610778808594
92199494,2023,2023-10-16,9575,2023-10-12,"745 ",022503,,4,1,6,1912,0,1,3,,2,044,"SR-134 W/B (VENTURA FREEWAY)","BOB HOPE DR.",581.00,W,N,B,-,Y,LA,,134," "," ",2.563,H,,L,N,4,0,2,2,A,-,03,22350,,N,C,2,A,A,H,-,A,D,0,,,,,Y,,A,01,0,0,2,0,0,0,0,0,0,"- ","- ",34.152580261230469,-118.33228302001953,"LOS ANGELES",BURBANK,-118.332275390625,34.152572631835938
92201273,2023,2023-10-17,9575,2023-10-13,1625,022513,,5,2,6,1912,0,1,3,,2,044,"SR-134 E/B (VENTURA FREEWAY)","BUENA VISTA ST.",1056.00,E,N,A,-,Y,LA,,134," "," ",3.127,H,,R,N,4,0,2,3,A,-,03,22350,,N,C,C,A,A,H,-,A,D,0,,,,,Y,,A,01,0,0,2,0,0,0,0,0,0,"- ","- ",34.154251098632812,-118.32293701171875,"LOS ANGELES",BURBANK,-118.32293701171875,34.154232025146484
92201285,2023,2023-10-17,9575,2023-10-13,1935,020711,,5,2,6,1912,0,1,3,,2,044,"SR-134 E/B (VENTURA FREEWAY)","RIVERSIDE DR",1000.00,E,N,A,-,Y,LA,,134," "," ",3.064,H,,R,N,4,0,1,2,A,-,03,22350,,N,C,C,A,A,H,-,D,D,0,,,,,Y,,A,01,0,0,1,0,0,0,0,0,0,"- ","- ",34.154010772705078,-118.32396697998047,"LOS ANGELES",BURBANK,-118.323974609375,34.154022216796875
92202120,2023,2023-10-18,9575,2023-10-10,1623,022110,,2,2,6,1912,0,1,3,,2,044,"SR-134 E/B (VENTURA FREEWAY)","RIVERSIDE DRIVE (BUENA VISTA EXIT)",285.00,E,N,A,-,Y,LA,,134," "," ",2.973,H,,R,Y,4,0,2,3,A,-,08,22107,,N,B,C,A,A,H,-,A,D,0,,,,,Y,,A,07,0,0,2,0,0,0,0,0,0,"- ","- ",34.153690338134766,-118.32546997070312,"LOS ANGELES",BURBANK,-118.32547760009766,34.153717041015625
92204539,2023,2023-10-20,9575,2023-10-11,1543,022110,,3,2,6,1912,0,1,3,,2,044,"SR-134 E/B (VENTURA FREEWAY)","RIVERSIDE DRIVE",82.00,W,N,A,-,Y,LA,,134," "," ",2.888,H,,R,Y,3,0,1,2,A,-,03,22350,,N,C,C,A,A,H,-,A,D,0,,,Y,,Y,,C,02,0,1,0,0,0,0,0,0,1,"- ","- ",34.153430938720703,-118.32687377929688,"LOS ANGELES",BURBANK,-118.32686614990234,34.153419494628906
92204863,2023,2023-10-20,9575,2023-10-18,1420,022502,,3,2,6,1912,0,1,3,,2,044,"SR-134 E/B (VENTURA FREEWAY)","RIVERSIDE DRIVE",1800.00,E,N,A,-,Y,LA,,134," "," ",3.271,H,,R,N,4,0,1,3,A,-,03,22350,,N,C,C,A,A,H,-,A,D,0,,,,,Y,,D,22,0,0,1,0,0,0,0,0,0,"- ","- ",34.154769897460938,-118.32057952880859,"LOS ANGELES",BURBANK,-118.32056427001953,34.154712677001953
92207207,2023,2023-10-24,9575,2023-10-22,"300 ",023227,,7,3,6,1912,0,1,1,,2,051,"I-5 N/B (GOLDEN STATE FREEWAY)","BURBANK BLVD",2000.00,N,N,A,-,Y,LA,,5," "," ",30.189,H,,R,Y,2,0,4,2,A,-,01,23153,A,F,A,C,A,A,H,-,C,D,0,,,,,Y,Y,A,01,1,3,0,0,0,0,0,0,0,"- ","- ",34.188911437988281,-118.32363128662109,"LOS ANGELES",BURBANK,-118.32359313964844,34.188945770263672
92209021,2023,2023-10-26,9575,2023-10-17,1451,022839,,2,2,6,1912,0,1,3,,2,044,"SR-134 E/B (VENTURA FREEWAY) FROM W RIVERSIDE DRIV","W RIVERSIDE DRIVE",898.00,E,N,A,-,Y,LA,,134," "," ",3.076,H,,R,Y,4,0,6,4,A,-,03,22350,,N,C,C,A,A,H,-,A,D,0,,,,,Y,,A,01,0,0,6,0,0,0,0,0,0,"- ","- ",34.153949737548828,-118.32373809814453,"LOS ANGELES",BURBANK,-118.32377624511719,34.154064178466797
92209329,2023,2023-10-26,9575,2023-10-17,"926 ",022526,,2,1,6,1912,0,1,1,,2,051,"I-5 S/B (GOLDEN STATE FREEWAY)","OLIVE AVENUE",133.00,S,N,A,-,Y,LA,,5," "," ",29.130,H,,L,N,4,0,1,4,A,-,03,22350,,N,C,C,A,A,H,-,A,D,0,,,,,Y,,A,01,0,0,1,0,0,0,0,0,0,"- ","- ",34.178470611572266,-118.31060791015625,"LOS ANGELES",BURBANK,-118.31060791015625,34.178474426269531
92221432,2023,2023-10-27,9575,2023-10-18,"752 ",022526,,3,1,6,1912,0,1,1,,2,051,"I-5 S/B (GOLDEN STATE FREEWAY)","OLIVE AVENUE",234.00,S,N,A,-,Y,LA,,5," "," ",29.113,H,,L,Y,4,0,1,2,A,-,03,22350,,N,C,C,A,A,H,-,A,D,0,,,,,Y,,A,01,0,0,1,0,0,0,0,0,0,"- ","- ",34.178329467773438,-118.31034851074219,"LOS ANGELES",BURBANK,-118.31036376953125,34.178318023681641
92221795,2023,2023-10-27,9575,2023-10-18,"753 ",022526,,3,1,6,1912,0,1,1,,2,051,"I-5 S/B (GOLDEN STATE FREEWAY)","OLIVE AVENUE",224.00,N,N,A,-,Y,LA,,5," "," ",29.212,H,,L,N,4,0,1,4,A,-,03,22350,,M,C,C,A,A,H,-,A,D,0,,,,,Y,,-,99,0,0,1,0,0,0,0,0,0,"- ","- ",34.179191589355469,-118.31175231933594,"LOS ANGELES",BURBANK,-118.31174468994141,34.179195404052734
92222481,2023,2023-10-30,9575,2023-10-19,1442,022110,,4,2,6,1912,0,1,3,,2,044,"SR-134 E/B (VENTURA FREEWAY)","BOB HOPE DRIVE",243.00,E,N,A,-,Y,LA,,134," "," ",2.730,H,,R,Y,3,0,1,2,A,-,08,22107,,N,B,C,A,A,H,-,A,D,0,,,,Y,Y,,A,07,0,1,0,0,0,0,0,0,0,"- ","- ",34.152858734130859,-118.32940673828125,"LOS ANGELES",BURBANK,-118.32942199707031,34.152904510498047
92222492,2023,2023-10-30,9575,2023-10-19,1250,022085,,4,1,6,1912,0,1,3,,2,044,"SR-134 E/B (VENTURA FREEWAY)","BOB HOPE DR.",215.00,W,N,A,-,Y,LA,,134," "," ",2.634,H,,R,Y,4,0,1,2,A,-,03,22350,,N,C,C,A,A,H,-,A,D,0,,,,Y,Y,,G,25,0,0,1,0,0,0,0,0,0,"- ","- ",34.152580261230469,-118.33103179931641,"LOS ANGELES",BURBANK,-118.33103179931641,34.152584075927734
92226783,2023,2023-11-02,9575,2023-10-25,"840 ",021410,,3,1,6,1912,0,1,1,,2,051,"I-5 S/B (GOLDEN STATE FREEWAY)","BURBANK BLVD.",1365.00,N,N,A,-,Y,LA,,5," "," ",30.069,H,,L,N,4,0,1,2,A,-,03,22350,,N,C,C,A,A,H,-,A,D,0,,,,,Y,,A,01,0,0,1,0,0,0,0,0,0,"- ","- ",34.187679290771484,-118.32231903076172,"LOS ANGELES",BURBANK,-118.32229614257812,34.187702178955078
92228178,2023,2023-11-06,9575,2023-10-27,1030,023229,,5,1,6,1912,0,1,1,,2,051,"I-5 S/B (GOLDEN STATE FREEWAY)","FRONT ST.",150.00,E,N,A,-,Y,LA,,5," "," ",29.046,H,,L,Y,4,0,2,1,A,-,03,22350,,N,E,I,A,A,H,-,C,D,0,,,,,Y,,A,01,0,0,2,0,0,0,0,0,0,"- ","- ",34.177600860595703,-118.30953979492188,"LOS ANGELES",BURBANK,-118.30942535400391,34.177722930908203
92233926,2023,2023-11-13,9575,2023-11-03,1840,022629,,5,2,6,1912,0,1,3,,2,044,"SR-134 E/B (VENTURA FREEWAY)","BUENA VISTA STREET",2112.00,E,N,A,-,Y,LA,,134," "," ",3.336,H,,R,Y,4,0,1,4,A,-,03,22350,,N,C,C,A,A,H,-,C,D,0,,,,,Y,,A,01,0,0,1,0,0,0,0,0,0,"- ","- ",34.154949188232422,-118.31950378417969,"LOS ANGELES",BURBANK,-118.31949615478516,34.1549072265625
92237083,2023,2023-11-15,9575,2023-11-03,"610 ",023204,,5,1,6,1912,0,1,1,,2,051,"I-5 N/B (GOLDEN STATE FREEWAY)","VERDUGO AVENUE",440.00,S,N,A,-,Y,LA,,5," "," ",28.842,H,,R,Y,3,0,2,2,A,-,08,22107,,N,B,C,A,A,H,-,B,D,0,,,,,Y,,-,"- ",0,2,0,0,0,0,0,0,0,"- ","- ",34.175590515136719,-118.30697631835938,"LOS ANGELES",BURBANK,-118.30701446533203,34.175575256347656
92238027,2023,2023-11-16,9575,2023-11-04,1300,023009,,6,1,6,1912,0,1,1,,2,051,"I-5 S/B (GOLDEN STATE FREEWAY)","FLOWER ST",234.00,N,N,A,-,Y,LA,,5," "," ",28.791,H,,L,N,3,0,1,2,A,-,08,22107,,N,C,C,A,A,H,-,A,D,0,,,Y,,Y,,C,02,0,1,0,0,0,0,0,0,1,"- ","- ",34.174758911132812,-118.30683898925781,"LOS ANGELES",BURBANK,-118.30692291259766,34.174739837646484
92242222,2023,2023-11-21,9575,2023-11-20,1850,020711,,1,2,6,1912,0,1,1,,2,051,"I-5 N/B FROM ALAMEDA AVE. W/B","ALAMEDA AVE",500.00,N,N,A,-,Y,,,,,,,,,,N,4,0,1,2,A,-,03,22350,,N,C,C,A,A,H,-,D,A,0,,,,,Y,,A,01,0,0,1,0,0,0,0,0,0,"- ","- ",34.171710968017578,-118.30513000488281,"LOS ANGELES",BURBANK,-118.30513000488281,34.171710968017578
92244181,2023,2023-11-27,9575,2023-10-22,"259 ",023205,,7,3,6,1912,0,1,1,,2,051,"I-5 N/B (GOLDEN STATE FREEWAY)","BURBANK BOULEVARD",1700.00,N,N,A,-,Y,LA,,5," "," ",30.135,H,,R,Y,2,0,3,2,A,-,07,21658,A,F,C,C,A,A,H,-,C,D,0,,,,,Y,,A,01,1,2,0,0,0,0,0,0,0,"- ","- ",34.188510894775391,-118.32279205322266,"LOS ANGELES",BURBANK,-118.32288360595703,34.188426971435547
92245905,2023,2023-11-28,9575,2023-11-21,1015,019538,,2,1,6,1912,0,1,1,,2,051,"I-5 S/B (GOLDEN STATE FREEWAY)","BURBANK BLVD O/C",50.00,N,N,A,-,Y,,,,,,,,,,N,4,0,2,2,A,-,03,22350,,N,C,C,A,A,H,-,A,D,0,,,,,Y,,D,22,0,0,2,0,0,0,0,0,0,"- ","- ",34.185550689697266,-118.31864929199219,"LOS ANGELES",BURBANK,-118.31851959228516,34.185871124267578
92260231,2023,2023-12-12,9575,2023-12-04,"615 ",019538,,1,1,6,1912,0,1,1,,2,051,"I-5 S/B (GOLDEN STATE FREEWAY)","BUENA VISTA ST U/C",215.00,S,N,A,-,Y,LA,,5," "," ",31.198,H,,L,N,4,0,1,2,A,-,07,21658,A,M,B,C,A,A,H,-,B,D,0,,,,,Y,,-,99,0,0,1,0,0,0,0,0,0,"- ","- ",34.198101043701172,-118.33722686767578,"LOS ANGELES",BURBANK,-118.33719635009766,34.198127746582031
92262519,2023,2023-12-14,9575,2023-12-07,1415,023284,,4,2,6,1912,0,1,3,,2,044,"SR-134 E/B (VENTURA FREEWAY)","OLIVE AVE",345.00,E,N,A,-,Y,LA,,134," "," ",2.309,H,,R,Y,4,0,1,3,A,-,08,22107,,N,B,C,A,A,H,-,A,D,0,,,,Y,Y,,A,01,0,0,1,0,0,0,0,0,0,"- ","- ",34.152931213378906,-118.33666229248047,"LOS ANGELES",BURBANK,-118.336669921875,34.152900695800781
92265182,2023,2023-12-18,9575,2023-12-10,1745,023031,,7,2,6,1912,0,1,1,,2,051,"I-5 S/B (GOLDEN STATE FREEWAY)","MAGNOLIA BLVD.",85.00,N,N,A,-,Y,LA,,5," "," ",29.414,H,,L,N,4,0,1,2,A,-,03,22350,,N,C,C,A,A,H,-,D,D,0,,,,,Y,,A,01,0,0,1,0,0,0,0,0,0,"- ","- ",34.181198120117188,-118.3143310546875,"LOS ANGELES",BURBANK,-118.31426239013672,34.181236267089844
92267165,2023,2023-12-20,9575,2023-12-11,"545 ",021410,,1,3,6,1912,0,1,3,,2,043,"SR-134 W/B (VENTURA FREEWAY)","RIVERSIDE DR.",2840.00,W,N,A,-,Y,LA,,134," "," ",4.257,H,,L,N,4,0,1,2,A,-,03,22350,,N,C,C,A,A,H,-,A,D,0,,,,,Y,,A,01,0,0,1,0,0,0,0,0,0,"- ","- ",34.156600952148438,-118.303466796875,"LOS ANGELES",BURBANK,-118.303466796875,34.156600952148438
92269715,2023,2023-12-22,9575,2023-12-14,"835 ",019538,,4,1,6,1912,0,1,1,,2,051,"I-5 S/B (GOLDEN STATE FREEWAY)","FLOWER ST U/C",75.00,S,N,A,-,Y,LA,,5," "," ",28.715,H,,L,N,4,0,1,2,A,-,03,22350,,N,C,C,A,A,H,-,A,A,0,,,,,Y,,A,01,0,0,1,0,0,0,0,0,0,"- ","- ",34.173679351806641,-118.30657958984375,"LOS ANGELES",BURBANK,-118.30661773681641,34.173671722412109
92271043,2023,2023-12-26,9575,2023-12-14,1000,021795,,4,1,6,1912,0,1,3,,2,044,"SR-134 W/B (VENTURA FREEWAY)","RIVERSIDE DR.",1845.00,W,N,A,-,Y,LA,,134," "," ",4.455,H,,L,Y,4,0,1,2,A,-,03,22350,,N,C,C,A,A,H,-,A,D,0,,,,,Y,,A,01,0,0,1,0,0,0,0,0,0,"- ","- ",34.156330108642578,-118.30004119873047,"LOS ANGELES",BURBANK,-118.300048828125,34.156284332275391
92274697,2023,2023-12-29,9575,2023-12-19,"130 ",022477,,2,3,6,1912,0,1,1,,2,051,"INTERSTATE 5 S/B TO VERDUGO AVENUE (GOLDEN STATE F","VERDUGO AVENUE",525.00,N,N,B,C,Y,,,,,,,,,,Y,4,0,1,1,A,-,03,22350,,M,E,8,A,B,H,-,C,D,0,,,,,Y,Y,A,01,0,0,1,0,0,0,0,0,0,"- ","- ",34.177440643310547,-118.30954742431641,"LOS ANGELES",BURBANK,-118.30954742431641,34.177440643310547
92277402,2023,2024-01-03,9575,2023-12-22,"357 ",023205,,5,3,6,1912,0,1,3,,2,044,"SR-134 W/B (VENTURA FREEWAY)","RIVERSIDE DRIVE",180.00,W,N,B,-,Y,,,,,,,,,,N,3,0,1,2,A,-,07,21658,A,N,B,C,A,B,H,-,C,D,0,,,,,Y,,A,01,0,1,0,0,0,0,0,0,0,"- ","- ",34.153598785400391,-118.13271331787109,"LOS ANGELES",BURBANK,,
92297182,2023,2024-01-25,9575,2023-09-06,"305 ",023009,,3,3,6,1912,0,1,3,,2,044,"STATE ROUTE 134 WESTBOUND (VENTURA FREEWAY)","BOB HOPE DRIVE",550.00,E,N,B,-,Y,LA,,134," "," ",2.779,H,,L,N,1,1,0,2,A,-,11,21954,A,N,G,B,E,A,H,-,C,D,0,Y,,,,Y,,N,60,0,0,0,1,0,0,0,0,0,"- ","- ",34.153228759765625,-118.32862091064453,"LOS ANGELES",BURBANK,-118.32862854003906,34.153266906738281
92304630,2023,2024-02-05,9575,2023-12-22,2245,022084,,5,3,6,1912,0,1,1,,2,051,"SR-134 W/B (VENTURA FREEWAY)","BUENA VISTA ST.",1775.00,E,N,A,-,Y,LA,,134," "," ",3.272,H,,L,Y,2,0,4,2,A,-,07,21658,A,F,B,C,A,A,H,-,C,D,0,,,,,Y,,-,99,2,0,2,0,0,0,0,0,0,"- ","- ",34.155021667480469,-118.32015228271484,"LOS ANGELES",BURBANK,-118.32014465332031,34.154998779296875
92345620,2023,2024-03-25,9575,2023-11-08,1320,018814,,3,1,6,1912,0,1,3,,2,044,"SR-134 W/B (VENTURA FREEWAY)","OLIVE AVE",91.00,E,N,A,-,Y,LA,,134," "," ",2.270,H,,L,Y,2,0,1,1,A,-,01,23152,A,N,E,I,A,A,H,-,A,D,0,,,,,Y,Y,A,01,1,0,0,0,0,0,0,0,0,"- ","- ",34.153339385986328,-118.33718109130859,"LOS ANGELES",BURBANK,-118.33721923828125,34.153224945068359
92371805,2023,2024-04-22,9575,2023-06-17,"317 ",023072,,6,3,6,1912,0,1,1,,2,051,"I-5 N/B (GOLDEN STATE FREEWAY)","SAN FERNANDO BOULEVARD",1182.00,S,N,A,-,Y,LA,,5," "," ",30.291,H,,R,Y,3,0,2,2,A,-,03,22350,,N,C,C,A,A,H,-,C,D,0,,,,,Y,,A,01,0,1,1,0,0,0,0,0,0,"- ","- ",34.189979553222656,-118.32488250732422,"LOS ANGELES",BURBANK,-118.324951171875,34.189914703369141
92371822,2023,2024-04-22,9575,2023-06-17,"318 ",023072,,6,3,6,1912,0,1,1,,2,051,"INTERSTATE 5 N/B (GOLDEN STATE FREEWAY)","SAN FERNANDO BOULEVARD",1179.00,S,N,A,-,Y,LA,,5," "," ",30.225,H,,R,Y,1,1,2,4,A,-,03,22350,,N,D,C,E,A,H,-,C,D,0,Y,,,,Y,,A,01,0,0,2,1,0,0,0,0,0,"- ","- ",34.189319610595703,-118.32404327392578,"LOS ANGELES",BURBANK,-118.32408142089844,34.189281463623047
9565840,2023,2023-04-24,1912,2023-03-15,1223,24810,,3,5,6,1912,0,0,0,,0,,"RT 134","FOREST LAWN DR",400.00,W,N,B,-,Y,LA,7,134,-,-,3.730,H,-,E,N,4,0,1,2,A,-,03,22350,,N,C,C,A,A,H,-,A,D,0,,,,,Y,,D,22,0,0,1,0,0,0,0,0,0,"- ","- ",,,"LOS ANGELES",BURBANK,-118.31246948242188,34.154506683349609
9640340,2023,2024-04-02,1912,2023-09-03,1411,13377,,7,5,6,1912,0,0,0,,0,,"VICTORY BL","MAGNOLIA BL",0.00,,Y,A,-,N,,,,,,,,,,Y,1,1,3,4,A,-,12,21453,A,N,D,C,F,A,H,-,A,A,0,Y,,,,Y,,A,01,0,3,0,0,2,0,0,0,0,"- ","- ",34.177478790283203,-118.31832885742188,"LOS ANGELES",BURBANK,-118.31842041015625,34.177482604980469
