CASE_ID,ACCIDENT_YEAR,PROC_DATE,JURIS,COLLISION_DATE,COLLISION_TIME,OFFICER_ID,REPORTING_DISTRICT,DAY_OF_WEEK,CHP_SHIFT,POPULATION,CNTY_CITY_LOC,SPECIAL_COND,BEAT_TYPE,CHP_BEAT_TYPE,CITY_DIVISION_LAPD,CHP_BEAT_CLASS,BEAT_NUMBER,PRIMARY_RD,SECONDARY_RD,DISTANCE,DIRECTION,INTERSECTION,WEATHER_1,WEATHER_2,STATE_HWY_IND,CALTRANS_COUNTY,CALTRANS_DISTRICT,STATE_ROUTE,ROUTE_SUFFIX,POSTMILE_PREFIX,POSTMILE,LOCATION_TYPE,RAMP_INTERSECTION,SIDE_OF_HWY,TOW_AWAY,COLLISION_SEVERITY,NUMBER_KILLED,NUMBER_INJURED,PARTY_COUNT,PRIMARY_COLL_FACTOR,PCF_CODE_OF_VIOL,PCF_VIOL_CATEGORY,PCF_VIOLATION,PCF_VIOL_SUBSECTION,HIT_AND_RUN,TYPE_OF_COLLISION,MVIW,PED_ACTION,ROAD_SURFACE,ROAD_COND_1,ROAD_COND_2,LIGHTING,CONTROL_DEVICE,CHP_ROAD_TYPE,PEDESTRIAN_ACCIDENT,BICYCLE_ACCIDENT,MOTORCYCLE_ACCIDENT,TRUCK_ACCIDENT,NOT_PRIVATE_PROPERTY,ALCOHOL_INVOLVED,STWD_VEHTYPE_AT_FAULT,CHP_VEHTYPE_AT_FAULT,COUNT_SEVERE_INJ,COUNT_VISIBLE_INJ,COUNT_COMPLAINT_PAIN,COUNT_PED_KILLED,COUNT_PED_INJURED,COUNT_BICYCLIST_KILLED,COUNT_BICYCLIST_INJURED,COUNT_MC_KILLED,COUNT_MC_INJURED,PRIMARY_RAMP,SECONDARY_RAMP,LATITUDE,LONGITUDE,COUNTY,CITY,POINT_X,POINT_Y
82068360,2023,2023-05-15,1925,2023-05-03,1409,27629,233,3,5,6,1925,0,0,0,,0,004,"GLENDALE AVENUE","E/B 134 FWY EXIT",23.00,N,N,B,-,N,,,,,,,,,,N,4,0,1,2,A,-,12,21453,A,N,D,C,A,A,H,-,A,A,0,,,,,Y,,A,01,0,0,1,0,0,0,0,0,0,"- ","- ",,,"LOS ANGELES",GLENDALE,,
82069530,2023,2023-05-16,1925,2023-05-03,2110,29270,0144,3,5,6,1925,0,0,0,,0,004,"MELWOOD DRIVE","CAVANAGH ROAD",50.00,W,N,B,-,N,,,,,,,,,,N,4,0,1,2,A,-,08,22107,,N,B,E,A,A,H,-,C,D,0,,,,,Y,,A,01,0,0,1,0,0,0,0,0,0,"- ","- ",34.167568206787109,-118.24787902832031,"LOS ANGELES",GLENDALE,-118.24812316894531,34.167530059814453
82069539,2023,2023-05-16,1925,2023-05-04,1318,22783,263,4,5,6,1925,0,0,0,,0,002,BROADWAY,"KENILWORTH AVENUE",175.00,W,N,B,-,N,,,,,,,,,,N,4,0,1,3,A,-,08,22107,,M,B,E,E,A,H,-,A,D,0,Y,,,,Y,,A,07,0,0,1,0,1,0,0,0,0,"- ","- ",,,"LOS ANGELES",GLENDALE,-118.26656341552734,34.146808624267578
82072535,2023,2023-05-19,1925,2023-05-08,1103,22249,218,1,5,6,1925,0,0,0,,0,002,"PACIFIC AVENUE","CALIFORNIA AVENUE",0.00,,Y,A,-,N,,,,,,,,,,Y,4,0,2,2,A,-,12,21453,A,N,D,C,A,A,H,-,A,A,0,,,,,Y,,D,22,0,0,2,0,0,0,0,0,0,"- ","- ",,,"LOS ANGELES",GLENDALE,-118.26454162597656,34.149806976318359
82073635,2023,2023-05-22,1925,2023-05-06,1851,27016,173,6,5,6,1925,0,0,0,,0,001,"HIGHLAND AVENUE","GLENOAKS BOULEVARD",0.00,,Y,A,-,N,,,,,,,,,,Y,4,0,4,2,A,-,12,21453,A,N,D,C,A,A,H,-,A,A,0,,,,,Y,,A,01,0,0,4,0,0,0,0,0,0,"- ","- ",34.160850524902344,-118.27478790283203,"LOS ANGELES",GLENDALE,-118.27486419677734,34.160778045654297
82073637,2023,2023-05-22,1925,2023-05-08,"653 ",21092,226,1,5,6,1925,0,0,0,,0,002,"BRAND BOULEVARD","WILSON AVENUE",0.00,,Y,A,-,N,,,,,,,,,,N,4,0,1,2,A,-,12,21453,A,N,D,C,A,A,H,-,A,A,0,,,,,Y,,A,07,0,0,1,0,0,0,0,0,0,"- ","- ",,,"LOS ANGELES",GLENDALE,-118.25495910644531,34.148059844970703
82073638,2023,2023-05-22,1925,2023-05-08,1438,21092,223,1,5,6,1925,0,0,0,,0,002,"BRAND BOULEVARD","SANCHEZ DRIVE",0.00,,Y,A,-,Y,,,,,,,,,,Y,4,0,1,2,A,-,12,21453,A,N,D,C,A,A,H,-,A,A,0,,,,,Y,,A,01,0,0,1,0,0,0,0,0,0,"- ","- ",,,"LOS ANGELES",GLENDALE,-118.25514221191406,34.155937194824219
82073640,2023,2023-05-22,1925,2023-05-09,2038,24810,189,2,5,6,1925,0,0,0,,0,001,"GLENWOOD ROAD","GRANDVIEW AVENUE (N)",500.00,W,N,A,-,N,,,,,,,,,,Y,3,0,1,2,A,-,08,22107,,N,B,E,A,A,H,-,D,D,0,,,,,Y,,A,01,0,1,0,0,0,0,0,0,0,"- ","- ",34.168441772460938,-118.28038787841797,"LOS ANGELES",GLENDALE,,
82073833,2023,2023-05-22,1925,2023-05-09,"118 ",27896,,2,5,6,1925,0,0,0,,0,001,"WESTERN AVENUE","SAN FERNANDO ROAD",801.00,S,N,A,-,N,,,,,,,,,,N,4,0,3,2,A,-,03,22350,,F,C,C,A,A,H,-,C,D,0,,,,,Y,,A,01,0,0,3,0,0,0,0,0,0,"- ","- ",34.168800354003906,-118.29215240478516,"LOS ANGELES",GLENDALE,-118.29395294189453,34.167160034179688
82074878,2023,2023-05-23,1925,2023-05-04,1329,26161,119,4,5,6,1925,0,0,0,,0,005,"PENNSYLVANIA AVENUE","MONTROSE AVENUE (N)",81.00,N,N,B,-,N,,,,,,,,,,N,4,0,1,2,A,-,03,22350,,M,C,C,A,A,H,-,A,A,0,,,,,Y,,A,01,0,0,1,0,0,0,0,0,0,"- ","- ",34.221748352050781,-118.24871826171875,"LOS ANGELES",GLENDALE,-118.24873352050781,34.221580505371094
82074883,2023,2023-05-23,1925,2023-05-11,1158,21995,164,4,5,6,1925,0,0,0,,0,001,"BRAND BOULEVARD","GLENOAKS BLVD",9.00,N,N,A,-,Y,,,,,,,,,,Y,3,0,1,2,A,-,21,22106,,N,G,B,B,A,H,-,A,D,0,Y,,,,Y,,A,01,0,1,0,0,1,0,0,0,0,"- ","- ",,,"LOS ANGELES",GLENDALE,-118.25514984130859,34.159263610839844
82074886,2023,2023-05-23,1925,2023-05-11,1617,22783,111,4,5,6,1925,0,0,0,,0,005,"PENNSYLVANIA AVENUE","ORANGE AVENUE",0.00,,Y,A,-,N,,,,,,,,,,N,4,0,1,2,A,-,09,21800,A,N,D,C,A,A,H,-,A,A,0,,,,,Y,,A,07,0,0,1,0,0,0,0,0,0,"- ","- ",34.238380432128906,-118.24830627441406,"LOS ANGELES",GLENDALE,-118.24861145019531,34.238430023193359
82074888,2023,2023-05-23,1925,2023-05-11,1829,21995,248,4,5,6,1925,0,0,0,,0,002,"COLORADO STREET","BRAND BOULEVARD",168.00,E,N,A,-,N,,,,,,,,,,N,4,0,1,2,A,-,09,21804,A,N,D,C,A,A,H,-,A,D,0,,,,,Y,,A,07,0,0,1,0,0,0,0,0,0,"- ","- ",34.142459869384766,-118.25504302978516,"LOS ANGELES",GLENDALE,-118.25437927246094,34.142578125
82075983,2023,2023-05-24,1925,2023-05-09,"812 ",21092,242,2,5,6,1925,0,0,0,,0,003,"CHEVY CHASE DRIVE","ORANGE GROVE AVENUE",0.00,,Y,B,-,N,,,,,,,,,,Y,4,0,2,3,A,-,09,21802,A,N,D,C,A,A,H,-,A,A,0,,,,,Y,,A,01,0,0,2,0,0,0,0,0,0,"- ","- ",,,"LOS ANGELES",GLENDALE,-118.23961639404297,34.143516540527344
82075984,2023,2023-05-24,1925,2023-05-10,"937 ",21092,282,3,5,6,1925,0,0,0,,0,003,"GLENDALE AVENUE","CYPRESS STREET (N)",216.00,N,N,B,-,N,,,,,,,,,,N,4,0,1,2,A,-,08,22107,,N,D,C,A,A,H,-,A,D,0,,,,,Y,,A,01,0,0,1,0,0,0,0,0,0,"- ","- ",,,"LOS ANGELES",GLENDALE,-118.25247955322266,34.130397796630859
82075985,2023,2023-05-24,1925,2023-05-10,1109,22783,274,3,5,6,1925,0,0,0,,0,002,"SAN FERNANDO ROAD","PALMER AVENUE (S)",0.00,,Y,A,-,N,,,,,,,,,,N,4,0,1,2,A,-,09,21802,A,N,D,C,A,A,H,-,A,A,0,,,,,Y,,A,01,0,0,1,0,0,0,0,0,0,"- ","- ",,,"LOS ANGELES",GLENDALE,-118.26174163818359,34.132068634033203
82078935,2023,2023-05-26,1925,2023-05-14,"947 ",28535,123,7,5,6,1925,0,0,0,,0,005,"HONOLULU AVENUE","LA CRESCENTA AVENUE",0.00,,Y,A,-,N,,,,,,,,,,Y,4,0,2,2,A,-,12,21453,A,N,D,C,A,A,H,-,A,A,0,,,,,Y,,A,01,0,0,2,0,0,0,0,0,0,"- ","- ",34.211429595947266,-118.23998260498047,"LOS ANGELES",GLENDALE,-118.24000549316406,34.211456298828125
82079811,2023,2023-05-29,1925,2023-05-14,1133,27629,119,7,5,6,1925,0,0,0,,0,005,"HONOLULU AVENUE","PENNSYLVANIA AVENUE (S)",610.00,W,N,A,-,N,,,,,,,,,,N,3,0,3,2,A,-,09,21801,A,N,D,C,A,A,H,-,A,D,0,,,,,Y,,A,07,0,1,2,0,0,0,0,0,0,"- ","- ",34.217071533203125,-118.24867248535156,"LOS ANGELES",GLENDALE,-118.25035095214844,34.221515655517578
82079980,2023,2023-05-29,1925,2023-05-11,1610,26039,272,4,5,6,1925,0,0,0,,0,002,"CHEVY CHASE DRIVE","COLUMBUS AVENUE",0.00,,Y,A,-,N,,,,,,,,,,Y,3,0,3,2,A,-,09,21802,A,N,D,C,A,A,H,-,A,A,0,,,,,Y,,A,01,0,1,2,0,0,0,0,0,0,"- ","- ",34.133518218994141,-118.26075744628906,"LOS ANGELES",GLENDALE,-118.26073455810547,34.133499145507812
82080243,2023,2023-05-29,1925,2023-05-12,2015,22783,235,5,5,6,1925,0,0,0,,0,004,"BRAND BOULEVARD","WILSON AVENUE",0.00,,Y,A,-,N,,,,,,,,,,N,3,0,1,2,A,-,11,21954,A,N,G,B,D,A,H,-,C,A,0,Y,,,,Y,,N,60,0,1,0,0,1,0,0,0,0,"- ","- ",,,"LOS ANGELES",GLENDALE,-118.25495910644531,34.148059844970703
82080244,2023,2023-05-29,1925,2023-05-14,2057,27016,164,7,5,6,1925,0,0,0,,0,001,"GLENOAKS BOULEVARD","BRAND BOULEVARD",0.00,,Y,A,-,N,,,,,,,,,,Y,3,0,3,2,A,-,12,21453,A,N,D,C,A,A,H,-,C,A,0,,,,,Y,,A,01,0,1,2,0,0,0,0,0,0,"- ","- ",,,"LOS ANGELES",GLENDALE,-118.25514984130859,34.15924072265625
82080789,2023,2023-05-30,1925,2023-05-17,"12  ",21975,253,3,5,6,1925,0,0,0,,0,002,"COLORADO STREET",WCL/LOUISE,63.00,W,N,A,-,N,,,,,,,,,,Y,4,0,1,1,A,-,08,22107,,N,E,I,A,A,H,-,C,D,0,,,,,Y,,A,01,0,0,1,0,0,0,0,0,0,"- ","- ",,,"LOS ANGELES",GLENDALE,-118.2528076171875,34.142593383789062
82080792,2023,2023-05-30,1925,2023-05-18,1350,22783,274,4,5,6,1925,0,0,0,,0,002,"SAN FERNANDO ROAD","FERNANDO COURT",0.00,,Y,A,-,N,,,,,,,,,,N,4,0,1,2,A,-,09,21802,A,N,D,C,A,A,H,-,A,A,0,,,,,Y,,A,01,0,0,1,0,0,0,0,0,0,"- ","- ",,,"LOS ANGELES",GLENDALE,-118.25985717773438,34.129043579101562
82080794,2023,2023-05-30,1925,2023-05-18,1730,29235,277,4,5,6,1925,0,0,0,,0,002,"RAILROAD STREET","GARDENA AVENUE",0.00,,Y,A,-,N,,,,,,,,,,N,4,0,1,2,A,-,09,21802,A,F,D,C,A,A,H,-,A,D,0,,,,,Y,,A,07,0,0,1,0,0,0,0,0,0,"- ","- ",34.127189636230469,-118.26027679443359,"LOS ANGELES",GLENDALE,-118.26023101806641,34.127288818359375
82080795,2023,2023-05-30,1925,2023-05-19,1236,29405,239,5,5,6,1925,0,0,0,,0,004,"CHEVY CHASE DRIVE","VERDUGO ROAD",0.00,,Y,A,-,N,,,,,,,,,,Y,3,0,1,2,A,-,12,21453,A,N,D,C,A,A,H,-,A,A,0,,,,,Y,,A,01,0,1,0,0,0,0,0,0,0,"- ","- ",34.151100158691406,-118.2364501953125,"LOS ANGELES",GLENDALE,-118.23643493652344,34.151237487792969
82081973,2023,2023-05-31,1925,2023-05-11,"909 ",29326,214,4,5,6,1925,0,0,0,,0,001,"PACIFIC AVENUE","ARDEN AVENUE (N)",0.00,,Y,A,-,N,,,,,,,,,,N,4,0,1,2,A,-,12,21453,A,N,D,C,A,A,H,-,A,A,0,,,,,Y,,D,22,0,0,1,0,0,0,0,0,0,"- ","- ",,,"LOS ANGELES",GLENDALE,-118.26406097412109,34.158256530761719
82081974,2023,2023-05-31,1925,2023-05-14,1700,25163,257,7,5,6,1925,0,0,0,,0,002,"COLORADO STREET","GALLERIA WAY",0.00,,Y,A,-,N,,,,,,,,,,Y,4,0,1,2,A,-,08,22107,,N,D,C,A,A,H,-,A,A,0,,,Y,,Y,,C,06,0,0,1,0,0,0,0,0,0,"- ","- ",,,"LOS ANGELES",GLENDALE,-118.25917053222656,34.142551422119141
82084175,2023,2023-06-05,1925,2023-05-19,2307,28664,225,5,5,6,1925,0,0,0,,0,002,"CALIFORNIA AVENUE","CENTRAL AVENUE",407.00,W,N,A,-,N,,,,,,,,,,Y,3,0,1,3,A,-,01,23152,A,N,D,E,A,A,H,-,C,D,0,,,,,Y,Y,A,07,0,1,0,0,0,0,0,0,0,"- ","- ",34.149768829345703,-118.25794219970703,"LOS ANGELES",GLENDALE,-118.25925445556641,34.14990234375
82085083,2023,2023-06-05,1925,2023-05-17,1736,28595,196,3,5,6,1925,0,0,0,,0,001,"SAN FERNANDO ROAD","WESTERN AVENUE",50.00,E,N,A,-,N,,,,,,,,,,Y,4,0,5,3,A,-,03,22350,,N,C,C,A,A,H,-,A,A,0,,,,,Y,,A,07,0,0,5,0,0,0,0,0,0,"- ","- ",34.168750762939453,-118.29209136962891,"LOS ANGELES",GLENDALE,-118.29205322265625,34.168701171875
82085086,2023,2023-06-05,1925,2023-05-18,2235,22783,256,4,5,6,1925,0,0,0,,0,003,"COLORADO STREET","EVERETT STREET",0.00,,Y,A,-,N,,,,,,,,,,Y,4,0,1,2,A,-,05,21650,A,N,B,C,A,A,H,-,C,D,0,,,,,Y,,A,07,0,0,1,0,0,0,0,0,0,"- ","- ",,,"LOS ANGELES",GLENDALE,-118.24555969238281,34.142669677734375
82085090,2023,2023-06-05,1925,2023-05-22,1110,28043,248,1,5,6,1925,0,0,0,,0,003,"COLORADO STREET","BRAND BOULEVARD",180.00,E,N,A,-,N,,,,,,,,,,Y,3,0,3,2,A,-,09,21801,A,N,D,C,A,A,H,-,A,D,0,,,,,Y,,A,07,0,3,0,0,0,0,0,0,0,"- ","- ",34.142459869384766,-118.25504302978516,"LOS ANGELES",GLENDALE,-118.25433349609375,34.142578125
82085337,2023,2023-06-05,1925,2023-05-06,"840 ",26050,211,6,5,6,1925,0,0,0,,0,001,"RIVERSIDE DRIVE","JUSTIN AVENUE",36.00,W,N,A,-,N,,,,,,,,,,N,3,0,1,2,A,-,09,21804,A,N,C,G,A,A,H,-,A,A,0,,Y,,,Y,,D,23,0,1,0,0,0,0,1,0,0,"- ","- ",,,"LOS ANGELES",GLENDALE,-118.29936981201172,34.158672332763672
82085340,2023,2023-06-05,1925,2023-05-23,1958,26160,119,2,5,6,1925,0,0,0,,0,005,"PENNSYLVANIA AVENUE","RT 210",0.00,,Y,A,-,N,,,,,,,,,,N,4,0,2,2,A,-,08,22107,,N,B,C,A,A,H,-,B,A,0,,,,,Y,,A,01,0,0,2,0,0,0,0,0,0,"- ","- ",,,"LOS ANGELES",GLENDALE,-118.24873352050781,34.222976684570312
82085525,2023,2023-06-05,1925,2023-05-21,1432,22783,228,7,5,6,1925,0,0,0,,0,004,"MONTEREY ROAD","JACKSON STREET",0.00,,Y,A,-,N,,,,,,,,,,N,4,0,1,5,A,-,12,21453,A,N,D,C,A,A,H,-,A,A,0,,,,,Y,,-,"- ",0,0,1,0,0,0,0,0,0,"- ","- ",34.157360076904297,-118.25025177001953,"LOS ANGELES",GLENDALE,-118.25025177001953,34.157493591308594
82086587,2023,2023-06-06,1925,2023-05-25,"814 ",29326,218,4,5,6,1925,0,0,0,,0,002,"PACIFIC AVENUE","CALIFORNIA AVENUE",0.00,,Y,B,-,N,,,,,,,,,,Y,4,0,1,2,A,-,12,21453,A,N,D,C,A,A,H,-,A,A,0,,,,,Y,,A,07,0,0,1,0,0,0,0,0,0,"- ","- ",,,"LOS ANGELES",GLENDALE,-118.26454162597656,34.149806976318359
82090837,2023,2023-06-12,1925,2023-05-30,1406,21092,266,2,5,6,1925,0,0,0,,0,002,"COLORADO STREET","KENILWORTH AVENUE",201.00,E,N,B,-,N,,,,,,,,,,N,4,0,1,2,A,-,03,22350,,M,C,C,A,A,H,-,A,D,0,,,,,Y,,-,99,0,0,1,0,0,0,0,0,0,"- ","- ",,,"LOS ANGELES",GLENDALE,-118.26722717285156,34.14215087890625
82090839,2023,2023-06-12,1925,2023-05-30,1501,24810,242,2,5,6,1925,0,0,0,,0,003,"COLORADO STREET","ADAMS STREET",165.00,E,N,A,-,N,,,,,,,,,,N,4,0,2,2,A,-,09,21804,A,N,D,C,A,A,H,-,A,D,0,,,,,Y,,A,01,0,0,2,0,0,0,0,0,0,"- ","- ",34.14263916015625,-118.24182891845703,"LOS ANGELES",GLENDALE,-118.24125671386719,34.142650604248047
82091047,2023,2023-06-12,1925,2023-05-31,1810,28525,267,3,5,6,1925,0,0,0,,0,002,"COLUMBUS AVENUE","RIVERDALE DRIVE",0.00,,Y,B,-,N,,,,,,,,,,N,4,0,1,2,A,-,10,21950,A,N,G,B,B,A,H,-,A,D,0,Y,,,,Y,,A,01,0,0,1,0,1,0,0,0,0,"- ","- ",34.138759613037109,-118.26081085205078,"LOS ANGELES",GLENDALE,-118.26079559326172,34.138690948486328
82092153,2023,2023-06-13,1925,2023-05-15,2322,29440,237,1,5,6,1925,0,0,0,,0,003,"GLENDALE AVENUE","WILSON AVENUE",0.00,,Y,A,-,N,,,,,,,,,,Y,3,0,2,2,A,-,12,21453,A,N,D,C,A,A,H,-,C,A,0,,,,,Y,,A,01,0,2,0,0,0,0,0,0,0,"- ","- ",34.148151397705078,-118.24645233154297,"LOS ANGELES",GLENDALE,-118.24645233154297,34.148151397705078
82092161,2023,2023-06-13,1925,2023-05-30,1256,21092,237,2,5,6,1925,0,0,0,,0,004,BROADWAY,"ISABEL STREET",47.00,W,N,B,-,N,,,,,,,,,,Y,4,0,1,5,A,-,08,22107,,N,C,D,A,A,H,-,A,D,0,,,,,Y,,A,07,0,0,1,0,0,0,0,0,0,"- ","- ",,,"LOS ANGELES",GLENDALE,-118.24901580810547,34.146339416503906
82092165,2023,2023-06-13,1925,2023-05-31,1628,27016,243,3,5,6,1925,0,0,0,,0,003,"VERDUGO ROAD","DIXON STREET",60.00,S,N,B,-,N,,,,,,,,,,Y,3,0,1,2,A,-,08,22107,,N,B,E,A,A,H,-,A,D,0,,,,,Y,,A,01,0,1,0,0,0,0,0,0,0,"- ","- ",,,"LOS ANGELES",GLENDALE,-118.23365020751953,34.141326904296875
82092168,2023,2023-06-13,1925,2023-06-02,"142 ",29405,239,5,5,6,1925,0,0,0,,0,004,"CHEVY CHASE DRIVE","WILSON AVENUE",0.00,,Y,A,-,N,,,,,,,,,,N,4,0,1,2,A,-,12,21453,A,F,D,C,A,A,H,-,C,A,0,,,Y,,Y,,B,01,0,0,1,0,0,0,0,0,1,"- ","- ",34.1480712890625,-118.23948669433594,"LOS ANGELES",GLENDALE,-118.23950958251953,34.148097991943359
82093177,2023,2023-06-14,1925,2023-05-13,1729,29572,219,6,5,6,1925,0,0,0,,0,001,"PACIFIC AVENUE","SR 134 W/B ONRAMP",0.00,,Y,A,-,Y,,,,,,,,,,N,4,0,1,2,A,-,08,22107,,N,B,C,A,A,H,-,A,A,0,,,,,Y,,A,07,0,0,1,0,0,0,0,0,0,"- ","- ",34.156608581542969,-118.26429748535156,"LOS ANGELES",GLENDALE,-118.26442718505859,34.156295776367188
82093179,2023,2023-06-14,1925,2023-05-23,2046,21370,260,2,5,6,1925,0,0,0,,0,002,"CENTRAL AVENUE","COLORADO STREET",400.00,N,N,A,-,N,,,,,,,,,,N,3,0,1,1,D,-,00,,,N,H,A,A,A,H,-,C,D,0,,Y,,,Y,Y,-,"- ",0,1,0,0,0,0,1,0,0,"- ","- ",34.142440795898438,-118.25794219970703,"LOS ANGELES",GLENDALE,-118.25788879394531,34.143638610839844
82093181,2023,2023-06-14,1925,2023-05-28,1632,24489,,7,5,6,1925,0,0,0,,0,003,"ACACIA AVENUE","MARIPOSA STREET (E)",0.00,,Y,A,-,N,,,,,,,,,,N,3,0,2,2,A,-,09,21804,A,N,D,C,A,A,H,-,A,D,0,,,,,Y,,A,01,0,1,1,0,0,0,0,0,0,"- ","- ",34.134899139404297,-118.24990081787109,"LOS ANGELES",GLENDALE,-118.25054931640625,34.134895324707031
82095341,2023,2023-06-16,1925,2023-05-20,1103,28670,158,6,5,6,1925,0,0,0,,0,004,"VERDUGO ROAD","GLENOAKS BOULEVARD",255.00,S,N,A,-,N,,,,,,,,,,N,3,0,1,2,A,-,17,22517,,N,B,G,A,A,H,-,A,D,0,,Y,,,Y,,A,01,0,1,0,0,0,0,1,0,0,"- ","- ",34.157741546630859,-118.237060546875,"LOS ANGELES",GLENDALE,-118.23719787597656,34.157047271728516
82095344,2023,2023-06-16,1925,2023-06-03,1750,24489,,6,5,6,1925,0,0,0,,0,001,"KENNETH ROAD","SONORA AVENUE",0.00,,Y,A,-,N,,,,,,,,,,N,3,0,1,2,A,-,12,22450,A,N,A,G,A,A,H,-,A,A,0,,Y,,,Y,,A,01,0,1,0,0,0,0,1,0,0,"- ","- ",34.172901153564453,-118.28092193603516,"LOS ANGELES",GLENDALE,-118.28092956542969,34.172920227050781
82095345,2023,2023-06-16,1925,2023-06-03,1944,25163,233,6,5,6,1925,0,0,0,,0,004,"GLENDALE AVENUE","DORAN STREET",176.00,N,N,A,-,N,,,,,,,,,,Y,4,0,1,2,A,-,09,21804,A,N,D,C,A,A,H,-,B,D,0,,,Y,,Y,,C,06,0,0,1,0,0,0,0,0,0,"- ","- ",34.153388977050781,-118.24365234375,"LOS ANGELES",GLENDALE,-118.24339294433594,34.153968811035156
82096195,2023,2023-06-19,1925,2023-05-29,1742,26039,222,1,5,6,1925,0,0,0,,0,002,"CENTRAL AVENUE","SANCHEZ DRIVE",0.00,,Y,A,-,Y,,,,,,,,,,Y,4,0,3,2,A,-,12,21453,A,N,D,C,A,A,H,-,A,A,0,,,,,Y,,A,01,0,0,3,0,0,0,0,0,0,"- ","- ",34.155941009521484,-118.25795745849609,"LOS ANGELES",GLENDALE,-118.25794982910156,34.156024932861328
82096395,2023,2023-06-19,1925,2023-05-31,1751,22783,266,3,5,6,1925,0,0,0,,0,002,"SAN FERNANDO ROAD","RIVERDALE DRIVE",26.00,N,N,A,-,N,,,,,,,,,,N,4,0,1,2,A,-,03,22350,,N,C,C,A,A,H,-,A,A,0,,,,Y,Y,,G,27,0,0,1,0,0,0,0,0,0,"- ","- ",34.138690948486328,-118.26763916015625,"LOS ANGELES",GLENDALE,-118.26765441894531,34.138687133789062
82096575,2023,2023-06-19,1925,2023-06-02,2108,29633,225,5,5,6,1925,0,0,0,,0,002,"WILSON AVENUE","COLUMBUS AVENUE",100.00,E,N,A,-,N,,,,,,,,,,N,4,0,3,2,A,-,08,22107,,N,B,C,A,A,H,-,C,D,0,,,,,Y,,A,01,0,0,3,0,0,0,0,0,0,"- ","- ",34.148021697998047,-118.26133728027344,"LOS ANGELES",GLENDALE,-118.26103973388672,34.148017883300781
82097501,2023,2023-06-20,1925,2023-06-04,"150 ",28644,193,7,5,6,1925,0,0,0,,0,001,"GLENOAKS BOULEVARD","SONORA AVENUE",215.00,E,N,A,-,N,,,,,,,,,,N,4,0,1,2,A,-,04,21703,,N,C,C,A,A,H,-,C,A,0,,,,,Y,,A,01,0,0,1,0,0,0,0,0,0,"- ","- ",,,"LOS ANGELES",GLENDALE,-118.28534698486328,34.167854309082031
82097502,2023,2023-06-20,1925,2023-06-05,1900,27896,,1,5,6,1925,0,0,0,,0,001,"JUSTIN AVENUE","GLENOAKS BOULEVARD",0.00,,Y,A,-,N,,,,,,,,,,N,3,0,1,2,A,-,10,21950,A,N,G,B,B,A,H,-,A,A,0,Y,,,,Y,,D,22,0,1,0,0,1,0,0,0,0,"- ","- ",34.169761657714844,-118.28780364990234,"LOS ANGELES",GLENDALE,-118.287841796875,34.169670104980469
82098480,2023,2023-06-21,1925,2023-06-09,1043,28922,280,5,5,6,1925,0,0,0,,0,003,"CHEVY CHASE DRIVE","GLENDALE AVENUE",210.00,E,N,A,-,N,,,,,,,,,,Y,4,0,1,2,A,-,08,22102,,N,D,C,A,A,H,-,A,D,0,,,,,Y,,A,01,0,0,1,0,0,0,0,0,0,"- ","- ",,,"LOS ANGELES",GLENDALE,-118.25129699707031,34.133529663085938
82099450,2023,2023-06-22,1925,2023-05-13,1139,24819,,6,5,6,1925,0,0,0,,0,002,"CENTRAL AVENUE","ACACIA AVENUE (S)",0.00,,Y,A,-,N,,,,,,,,,,Y,2,0,3,2,A,-,09,21802,A,N,D,C,A,A,H,-,A,A,0,,,,,Y,,A,01,1,0,2,0,0,0,0,0,0,"- ","- ",34.134479522705078,-118.25785827636719,"LOS ANGELES",GLENDALE,-118.25788116455078,34.134838104248047
82099453,2023,2023-06-22,1925,2023-06-11,"919 ",28380,195,7,5,6,1925,0,0,0,,0,001,"SAN FERNANDO ROAD","WESTERN AVENUE",0.00,,Y,B,-,N,,,,,,,,,,Y,4,0,2,2,A,-,12,21453,A,N,D,C,A,A,H,-,A,A,0,,,,,Y,,A,07,0,0,2,0,0,0,0,0,0,"- ","- ",34.168800354003906,-118.29215240478516,"LOS ANGELES",GLENDALE,-118.29218292236328,34.168788909912109
82101629,2023,2023-06-26,1925,2023-06-14,1755,29217,223,3,5,6,1925,0,0,0,,0,002,"SANCHEZ DRIVE","BRAND BOULEVARD",0.00,,Y,A,-,N,,,,,,,,,,N,4,0,1,2,A,-,10,21950,A,N,G,B,B,A,H,-,A,A,0,Y,,,,Y,,A,01,0,0,1,0,1,0,0,0,0,"- ","- ",34.155849456787109,-118.25507354736328,"LOS ANGELES",GLENDALE,-118.25514221191406,34.155937194824219
82102760,2023,2023-06-27,1925,2023-06-01,1637,22783,279,4,5,6,1925,0,0,0,,0,003,"GLENDALE AVENUE","ACACIA AVENUE (S)",0.00,,Y,A,-,N,,,,,,,,,,Y,4,0,1,5,A,-,12,21453,A,N,D,C,A,A,H,-,A,A,0,,,,,Y,,A,01,0,0,1,0,0,0,0,0,0,"- ","- ",34.134780883789062,-118.25177764892578,"LOS ANGELES",GLENDALE,-118.25179290771484,34.134750366210938
82102769,2023,2023-06-27,1925,2023-05-29,1940,22783,239,1,5,6,1925,0,0,0,,0,003,BROADWAY,"ADAMS STREET",198.00,W,N,A,-,N,,,,,,,,,,N,4,0,1,2,A,-,11,21954,A,M,G,B,E,A,H,-,A,D,0,Y,,,,Y,,N,60,0,0,1,0,1,0,0,0,0,"- ","- ",34.146099090576172,-118.24183654785156,"LOS ANGELES",GLENDALE,-118.24246978759766,34.146259307861328
82102770,2023,2023-06-27,1925,2023-06-07,2042,22783,244,3,5,6,1925,0,0,0,,0,003,"COLORADO STREET","EAGLEDALE AVENUE",215.00,W,N,A,-,N,,,,,,,,,,N,3,0,1,2,A,-,11,21954,A,N,G,B,D,A,H,-,C,D,0,Y,,,,Y,,N,60,0,1,0,0,1,0,0,0,0,"- ","- ",34.142730712890625,-118.22812652587891,"LOS ANGELES",GLENDALE,,
82102776,2023,2023-06-27,1925,2023-06-08,1626,22783,163,4,5,6,1925,0,0,0,,0,004,"JACKSON STREET","MONTEREY ROAD",0.00,,Y,A,-,N,,,,,,,,,,Y,4,0,1,2,A,-,12,21453,A,N,D,C,A,A,H,-,A,A,0,,,,,Y,,A,01,0,0,1,0,0,0,0,0,0,"- ","- ",,,"LOS ANGELES",GLENDALE,-118.25025177001953,34.157493591308594
82102786,2023,2023-06-27,1925,2023-06-14,1549,26161,124,3,5,6,1925,0,0,0,,0,005,"LA CRESCENTA AVENUE","HONOLULU AVENUE",0.00,,Y,A,B,N,,,,,,,,,,Y,4,0,2,2,A,-,09,21801,A,N,D,C,A,A,H,-,A,A,0,,,,,Y,,A,01,0,0,2,0,0,0,0,0,0,"- ","- ",,,"LOS ANGELES",GLENDALE,-118.24000549316406,34.211456298828125
82102787,2023,2023-06-27,1925,2023-06-15,"116 ",29405,275,4,5,6,1925,0,0,0,,0,002,"LOS FELIZ ROAD","CENTRAL AVENUE",0.00,,Y,A,-,N,,,,,,,,,,N,4,0,1,2,A,-,09,21801,A,F,A,C,A,A,H,-,C,A,0,,,,,Y,,A,01,0,0,1,0,0,0,0,0,0,"- ","- ",34.128681182861328,-118.25779724121094,"LOS ANGELES",GLENDALE,-118.25780487060547,34.128646850585938
82106783,2023,2023-06-30,1925,2023-06-13,2201,29440,217,2,5,6,1925,0,0,0,,0,002,"SAN FERNANDO ROAD",BROADWAY,0.00,,Y,A,-,N,,,,,,,,,,Y,2,0,2,2,A,-,17,21451,A,N,A,C,A,A,H,-,C,A,0,,,,,Y,,A,01,1,0,1,0,0,0,0,0,0,"- ","- ",34.146778106689453,-118.27176666259766,"LOS ANGELES",GLENDALE,-118.27182769775391,34.146781921386719
82107661,2023,2023-07-03,1925,2023-06-18,2010,29440,286,7,5,6,1925,0,0,0,,0,003,"GLENDALE AVENUE","CERRITOS AVENUE",0.00,,Y,A,-,N,,,,,,,,,,Y,4,0,2,2,A,-,09,21802,A,N,D,C,A,A,H,-,C,D,0,,,,,Y,,A,01,0,0,2,0,0,0,0,0,0,"- ","- ",34.12554931640625,-118.25322723388672,"LOS ANGELES",GLENDALE,-118.25319671630859,34.125587463378906
82107857,2023,2023-07-03,1925,2023-06-06,1311,21092,238,2,5,6,1925,0,0,0,,0,004,"CALIFORNIA AVENUE","GLENDALE AVENUE",0.00,,Y,A,B,N,,,,,,,,,,N,4,0,1,2,A,-,08,22107,,M,H,G,A,A,H,-,A,A,0,,Y,,Y,Y,,F,26,0,0,1,0,0,0,1,0,0,"- ","- ",,,"LOS ANGELES",GLENDALE,-118.24571990966797,34.149959564208984
82107859,2023,2023-07-03,1925,2023-06-13,"901 ",26039,151,2,5,6,1925,0,0,0,,0,004,"CHEVY CHASE DRIVE","SUSSEX COURT",116.00,E,N,A,-,N,,,,,,,,,,N,4,0,1,2,A,-,03,22350,,N,C,C,A,A,H,-,A,D,0,,,,,Y,,A,01,0,0,1,0,0,0,0,0,0,"- ","- ",34.1739501953125,-118.19953155517578,"LOS ANGELES",GLENDALE,-118.19947814941406,34.173545837402344
82107865,2023,2023-07-03,1925,2023-06-19,1416,27629,196,1,5,6,1925,0,0,0,,0,001,"WINCHESTER AVENUE","GLENOAKS BOULEVARD",275.00,S,N,B,-,N,,,,,,,,,,N,4,0,1,2,A,-,09,21804,A,N,B,C,A,A,H,-,A,D,0,,,,,Y,,A,01,0,0,1,0,0,0,0,0,0,"- ","- ",34.170429229736328,-118.28871154785156,"LOS ANGELES",GLENDALE,-118.28937530517578,34.169784545898438
82112384,2023,2023-07-11,1925,2023-06-26,"855 ",29590,235,1,5,6,1925,0,0,0,,0,004,"GLENDALE AVENUE","WILSON AVENUE",7.00,S,N,A,-,N,,,,,,,,,,N,2,0,1,2,A,-,05,21651,A,F,G,B,F,A,H,-,A,A,0,Y,,,,Y,,A,01,1,0,0,0,1,0,0,0,0,"- ","- ",,,"LOS ANGELES",GLENDALE,-118.2464599609375,34.14813232421875
82112542,2023,2023-07-10,1925,2023-06-26,1440,29590,215,1,5,6,1925,0,0,0,,0,001,"DORAN STREET","STATE STREET",0.00,,Y,A,-,N,,,,,,,,,,Y,4,0,2,2,A,-,09,21801,A,N,A,C,A,A,H,-,A,D,0,,,,,Y,,A,01,0,0,2,0,0,0,0,0,0,"- ","- ",,,"LOS ANGELES",GLENDALE,-118.2723388671875,34.153984069824219
82114636,2023,2023-07-12,1925,2023-06-25,1626,22783,243,7,5,6,1925,0,0,0,,0,003,"COLORADO STREET","PORTER STREET",0.00,,Y,A,-,N,,,,,,,,,,N,4,0,1,2,A,-,10,21950,A,N,G,B,B,A,H,-,A,D,0,Y,,,,Y,,A,01,0,0,1,0,1,0,0,0,0,"- ","- ",34.142658233642578,-118.23731994628906,"LOS ANGELES",GLENDALE,-118.23735046386719,34.142677307128906
82114642,2023,2023-07-12,1925,2023-06-29,1359,29572,239,4,5,6,1925,0,0,0,,0,003,BROADWAY,"ADAMS STREET",0.00,,Y,A,-,N,,,,,,,,,,N,3,0,1,2,A,-,09,21801,A,N,D,C,A,A,H,-,A,A,0,,,Y,,Y,,D,22,0,1,0,0,0,0,0,0,1,"- ","- ",34.146099090576172,-118.24183654785156,"LOS ANGELES",GLENDALE,-118.2418212890625,34.146259307861328
82114646,2023,2023-07-12,1925,2023-06-30,1643,29572,146,5,5,6,1925,0,0,0,,0,005,"VERDUGO ROAD","BROADVIEW DRIVE",0.00,,Y,A,-,N,,,,,,,,,,Y,4,0,2,2,A,-,12,21453,A,N,D,C,A,A,H,-,A,A,0,,,,,Y,,A,01,0,0,2,0,0,0,0,0,0,"- ","- ",34.203689575195312,-118.22608184814453,"LOS ANGELES",GLENDALE,-118.22606658935547,34.203697204589844
82115628,2023,2023-07-13,1925,2023-07-01,1545,29440,154,6,5,6,1925,0,0,0,,0,004,"E CHEVY CHASE DR","LILAC LN",147.00,W,N,A,-,N,,,,,,,,,,Y,2,0,1,2,A,-,03,22350,,N,C,E,A,A,H,-,A,D,0,,,Y,,Y,,C,02,1,0,0,0,0,0,0,0,1,"- ","- ",,,"LOS ANGELES",GLENDALE,-118.22344970703125,34.155864715576172
82116586,2023,2023-07-14,1925,2023-06-26,1534,29590,249,1,5,6,1925,0,0,0,,0,003,"HARVARD STREET","KENWOOD STREET",0.00,,Y,A,-,N,,,,,,,,,,Y,4,0,1,2,A,-,09,21800,A,N,D,C,A,A,H,-,A,A,0,,,,,Y,,-,"- ",0,0,1,0,0,0,0,0,0,"- ","- ",,,"LOS ANGELES",GLENDALE,-118.2513427734375,34.144462585449219
82116587,2023,2023-07-14,1925,2023-06-26,1541,26039,219,1,5,6,1925,0,0,0,,0,002,"CENTRAL AVENUE","GOODE AVENUE",0.00,,Y,A,-,N,,,,,,,,,,N,4,0,1,2,A,-,12,21453,A,N,B,C,A,A,H,-,A,A,0,,,,,Y,,-,"- ",0,0,1,0,0,0,0,0,0,"- ","- ",34.156650543212891,-118.25797271728516,"LOS ANGELES",GLENDALE,-118.25798034667969,34.156745910644531
82116588,2023,2023-07-14,1925,2023-06-26,1651,27629,278,1,5,6,1925,0,0,0,,0,002,"GLENDALE AVENUE","SAN FERNANDO ROAD",0.00,,Y,A,-,N,,,,,,,,,,N,4,0,2,2,A,-,12,21453,A,N,B,C,A,A,H,-,A,A,0,,,,,Y,,A,01,0,0,2,0,0,0,0,0,0,"- ","- ",34.122848510742188,-118.25393676757812,"LOS ANGELES",GLENDALE,-118.25395202636719,34.122787475585938
82116590,2023,2023-07-14,1925,2023-06-29,"940 ",26161,125,4,5,6,1925,0,0,0,,0,005,"HONOLULU AVENUE","RAMSDELL AVENUE",478.00,W,N,A,-,N,,,,,,,,,,Y,4,0,1,3,A,-,09,21804,A,N,D,C,A,A,H,-,A,D,0,,,,,Y,,A,01,0,0,1,0,0,0,0,0,0,"- ","- ",,,"LOS ANGELES",GLENDALE,-118.24562072753906,34.214958190917969
82116592,2023,2023-07-14,1925,2023-06-30,1534,22783,172,5,5,6,1925,0,0,0,,0,001,"DRYDEN STREET","PACIFIC AVENUE",111.00,W,N,A,-,N,,,,,,,,,,N,3,0,1,2,A,-,05,21650,1,N,D,G,A,A,H,-,A,D,0,,Y,,,Y,,L,04,0,1,0,0,0,0,1,0,0,"- ","- ",34.160781860351562,-118.26438140869141,"LOS ANGELES",GLENDALE,-118.26476287841797,34.160717010498047
82117521,2023,2023-07-17,1925,2023-07-03,2123,28716,,1,5,6,1925,0,0,0,,0,002,"COLORADO STREET","PACIFIC AVENUE",140.00,E,N,A,-,N,,,,,,,,,,N,3,0,1,2,A,-,08,22107,,F,B,G,A,A,H,-,C,D,0,,Y,,,Y,Y,A,01,0,1,0,0,0,0,1,0,0,"- ","- ",34.142551422119141,-118.26439666748047,"LOS ANGELES",GLENDALE,-118.26396179199219,34.142520904541016
82117887,2023,2023-07-17,1925,2023-06-29,1514,26161,131,4,5,6,1925,0,0,0,,0,005,"HONOLULU AVENUE","VERDUGO ROAD",220.00,W,N,A,-,N,,,,,,,,,,N,3,0,1,2,A,-,10,21950,A,N,G,B,C,A,H,-,A,D,0,Y,,,,Y,,A,07,0,1,0,0,1,0,0,0,0,"- ","- ",,,"LOS ANGELES",GLENDALE,-118.22593688964844,34.205154418945312
82117892,2023,2023-07-17,1925,2023-07-04,1402,21092,150,2,5,6,1925,0,0,0,,0,004,"VERDUGO ROAD","SHERER LANE",0.00,,Y,A,-,N,,,,,,,,,,N,4,0,1,2,A,-,09,21802,A,N,D,C,A,A,H,-,A,A,0,,,,,Y,,A,01,0,0,1,0,0,0,0,0,0,"- ","- ",,,"LOS ANGELES",GLENDALE,-118.22640228271484,34.173324584960938
82117894,2023,2023-07-19,1925,2023-07-05,"834 ",21092,158,3,5,6,1925,0,0,0,,0,004,"VERDUGO ROAD","WOODBURY ROAD",0.00,,Y,A,-,N,,,,,,,,,,N,3,0,3,2,A,-,09,21801,A,N,D,C,A,A,H,-,A,A,0,,,,,Y,,A,07,0,2,1,0,0,0,0,0,0,"- ","- ",,,"LOS ANGELES",GLENDALE,-118.23725891113281,34.154136657714844
82117895,2023,2023-07-17,1925,2023-07-05,1316,21092,219,3,5,6,1925,0,0,0,,0,001,"PACIFIC AVENUE","134 FWY OFFRAMP",0.00,,Y,A,-,Y,,,,,,,,,,Y,3,0,2,2,A,-,12,21453,A,N,D,C,A,A,H,-,A,A,0,,,,,Y,,A,07,0,1,1,0,0,0,0,0,0,"- ","- ",,,"LOS ANGELES",GLENDALE,-118.26433299999999,34.156559999999999
82122665,2023,2023-07-21,1925,2023-07-04,"959 ",28043,212,2,5,6,1925,0,0,0,,0,001,"GLENOAKS BOULEVARD","GRANDVIEW AVENUE",0.00,,Y,A,-,N,,,,,,,,,,Y,3,0,1,2,A,-,12,21453,A,N,A,C,A,A,H,-,A,A,0,,,,,Y,,A,07,0,1,0,0,0,0,0,0,0,"- ","- ",34.165058135986328,-118.28140258789062,"LOS ANGELES",GLENDALE,-118.28138732910156,34.164970397949219
82122666,2023,2023-07-21,1925,2023-07-05,1156,21092,238,3,5,6,1925,0,0,0,,0,004,"GLENDALE AVENUE","WILSON AVENUE",0.00,,Y,A,-,N,,,,,,,,,,N,4,0,1,2,A,-,05,21650,1,N,D,G,A,B,H,-,A,A,0,,Y,,,Y,,L,04,0,0,1,0,0,0,1,0,0,"- ","- ",,,"LOS ANGELES",GLENDALE,-118.24645233154297,34.148151397705078
82122667,2023,2023-07-21,1925,2023-07-07,1204,26161,252,5,5,6,1925,0,0,0,,0,003,"COLORADO STREET","ADAMS STREET",10.00,E,N,A,-,N,,,,,,,,,,Y,4,0,2,2,A,-,03,22350,,N,C,C,A,A,H,-,A,A,0,,,,,Y,,D,22,0,0,2,0,0,0,0,0,0,"- ","- ",34.14263916015625,-118.24182891845703,"LOS ANGELES",GLENDALE,-118.24176788330078,34.142650604248047
82123487,2023,2023-07-24,1925,2023-06-29,1859,22783,256,4,5,6,1925,0,0,0,,0,003,"MAPLE STREET","BELMONT STREET",0.00,,Y,A,-,N,,,,,,,,,,N,4,0,1,2,A,-,09,21802,A,N,D,C,A,A,H,-,A,A,0,,,,,Y,,A,01,0,0,1,0,0,0,0,0,0,"- ","- ",34.138881683349609,-118.24330902099609,"LOS ANGELES",GLENDALE,-118.24327087402344,34.138996124267578
82123488,2023,2023-07-24,1925,2023-07-03,2000,29163,115,1,5,6,1925,0,0,0,,0,005,"PENNSYLVANIA AVENUE","ENCINAL AVENUE",147.00,S,N,A,-,N,,,,,,,,,,Y,2,0,1,2,A,-,12,21453,A,N,D,C,A,A,H,-,B,A,0,,,Y,,Y,,C,02,1,0,0,0,0,0,0,0,1,"- ","- ",34.224079132080078,-118.24845886230469,"LOS ANGELES",GLENDALE,-118.24871826171875,34.223705291748047
82123489,2023,2023-07-24,1925,2023-07-10,1143,21092,287,1,5,6,1925,0,0,0,,0,003,"BRAND BOULEVARD","SAN FERNANDO ROAD",0.00,,Y,A,-,N,,,,,,,,,,N,3,0,1,2,A,-,10,21950,A,N,G,B,B,A,H,-,A,A,0,Y,,,,Y,,D,22,0,1,0,0,1,0,0,0,0,"- ","- ",34.123931884765625,-118.25508880615234,"LOS ANGELES",GLENDALE,-118.25517272949219,34.124031066894531
82123713,2023,2023-07-24,1925,2023-07-05,1922,21370,226,3,5,6,1925,0,0,0,,0,002,"WILSON AVENUE","ORANGE STREET",0.00,,Y,A,-,N,,,,,,,,,,N,3,0,1,2,A,-,11,21453,D,N,G,B,B,A,H,-,A,A,0,Y,,,,Y,,N,60,0,1,0,0,1,0,0,0,0,"- ","- ",34.148090362548828,-118.25639343261719,"LOS ANGELES",GLENDALE,-118.25644683837891,34.148124694824219
82123923,2023,2023-07-31,1925,2023-07-06,1225,29572,253,4,5,6,1925,0,0,0,,0,003,"SOUTH LOUISE ST","EAST LOMITA AVE",0.00,,Y,A,-,N,,,,,,,,,,Y,4,0,1,2,C,-,18,,,N,D,C,A,A,H,-,A,D,0,,,,,Y,,-,"- ",0,0,1,0,0,0,0,0,0,"- ","- ",,,"LOS ANGELES",GLENDALE,-118.25258636474609,34.140869140625
82123924,2023,2023-07-25,1925,2023-07-08,1300,29572,275,6,5,6,1925,0,0,0,,0,003,"SOUTH CENTRAL AVE","LOS FELIZ RD",0.00,,Y,A,-,N,,,,,,,,,,N,4,0,1,2,D,-,00,,,N,G,B,B,A,H,-,A,A,0,Y,,,,Y,,-,"- ",0,0,1,0,1,0,0,0,0,"- ","- ",,,"LOS ANGELES",GLENDALE,-118.25780487060547,34.128646850585938
82126238,2023,2023-07-26,1925,2023-07-07,2107,22783,240,5,5,6,1925,0,0,0,,0,004,"VERDUGO ROAD","WILSON AVENUE",86.00,N,N,-,-,N,,,,,,,,,,N,4,0,1,2,A,-,03,22350,,M,C,C,A,A,H,-,C,D,0,,,,,Y,Y,D,23,0,0,1,0,0,0,0,0,0,"- ","- ",34.148040771484375,-118.23557281494141,"LOS ANGELES",GLENDALE,-118.23562622070312,34.148288726806641
82126242,2023,2023-07-26,1925,2023-07-10,1701,21092,233,1,5,6,1925,0,0,0,,0,004,"GLENDALE AVENUE","DORAN STREET",0.00,N,N,A,-,N,,,,,,,,,,N,3,0,1,2,A,-,08,22107,,M,B,C,A,A,H,-,A,D,0,,,,,Y,,-,99,0,1,0,0,0,0,0,0,0,"- ","- ",,,"LOS ANGELES",GLENDALE,-118.24365997314453,34.153541564941406
82126245,2023,2023-07-26,1925,2023-07-12,1755,28043,,3,5,6,1925,0,0,0,,0,001,"SONORA AVENUE","FLOWER STREET",0.00,,Y,A,-,N,,,,,,,,,,N,3,0,1,2,A,-,09,21801,A,F,E,I,A,A,H,-,A,A,0,,,,,Y,Y,A,01,0,1,0,0,0,0,0,0,0,"- ","- ",34.162910461425781,-118.29141998291016,"LOS ANGELES",GLENDALE,-118.29146575927734,34.162956237792969
82126247,2023,2023-07-26,1925,2023-07-12,"613 ",26039,199,3,5,6,1925,0,0,0,,0,001,"SONORA AVENUE","FLOWER STREET",0.00,,Y,A,-,N,,,,,,,,,,N,3,0,1,2,A,-,09,21801,A,N,D,G,A,A,H,-,A,A,0,,Y,,,Y,,D,22,0,1,0,0,0,0,1,0,0,"- ","- ",34.162910461425781,-118.29141998291016,"LOS ANGELES",GLENDALE,-118.29146575927734,34.162956237792969
82126249,2023,2023-07-26,1925,2023-07-12,"637 ",21092,158,3,5,6,1925,0,0,0,,0,004,"CHEVY CHASE DRIVE","HARVEY DRIVE",0.00,,Y,A,-,N,,,,,,,,,,Y,3,0,2,2,A,-,09,21801,A,N,A,C,A,A,H,-,A,A,0,,,,,Y,,A,01,0,1,1,0,0,0,0,0,0,"- ","- ",,,"LOS ANGELES",GLENDALE,-118.22531127929688,34.15509033203125
82126253,2023,2023-07-26,1925,2023-07-12,1521,21092,210,3,5,6,1925,0,0,0,,0,001,"VICTORY BOULEVARD","WESTERN AVENUE",0.00,,Y,A,-,N,,,,,,,,,,N,4,0,1,2,A,-,09,21801,A,N,A,C,A,A,H,-,A,A,0,,,,,Y,,D,22,0,0,1,0,0,0,0,0,0,"- ","- ",,,"LOS ANGELES",GLENDALE,-118.30020141601562,34.161136627197266
82126256,2023,2023-07-26,1925,2023-07-14,1101,28418,268,5,5,6,1925,0,0,0,,0,002,"COLORADO STREET","COLUMBUS AVENUE",195.00,E,N,A,-,N,,,,,,,,,,Y,4,0,2,2,A,-,07,21658,A,N,B,C,A,A,E,H,A,D,0,,,,,Y,,A,01,0,0,2,0,0,0,0,0,0,"- ","- ",34.142551422119141,-118.26087951660156,"LOS ANGELES",GLENDALE,-118.26025390625,34.142532348632812
82131176,2023,2023-07-31,1925,2023-07-18,1357,24810,272,2,5,6,1925,0,0,0,,0,003,"CENTRAL AVENUE","MAPLE STREET (S)",25.00,N,N,A,-,N,,,,,,,,,,Y,4,0,1,2,A,-,03,22350,,N,C,C,A,A,H,-,A,A,0,,,,,Y,,A,01,0,0,1,0,0,0,0,0,0,"- ","- ",34.137729644775391,-118.25785827636719,"LOS ANGELES",GLENDALE,-118.25785827636719,34.137779235839844
82131178,2023,2023-07-31,1925,2023-07-17,1734,27629,266,1,5,6,1925,0,0,0,,0,002,"COLORADO STREET","PACIFIC AVENUE",35.00,E,N,A,-,N,,,,,,,,,,N,4,0,1,3,A,-,09,21801,A,N,D,C,A,A,H,-,A,A,0,,,,,Y,,A,01,0,0,1,0,0,0,0,0,0,"- ","- ",34.142421722412109,-118.26445770263672,"LOS ANGELES",GLENDALE,-118.26430511474609,34.142520904541016
82132663,2023,2023-08-01,1925,2023-07-17,"600 ",26039,241,1,5,6,1925,0,0,0,,0,003,BROADWAY,"HARVEY DRIVE",291.00,E,N,A,-,N,,,,,,,,,,Y,4,0,1,2,A,-,08,22102,,N,D,C,A,A,H,-,A,D,0,,,,,Y,,A,07,0,0,1,0,0,0,0,0,0,"- ","- ",34.145999908447266,-118.23046112060547,"LOS ANGELES",GLENDALE,,
82132670,2023,2023-08-01,1925,2023-07-21,"119 ",29405,172,5,5,6,1925,0,0,0,,0,001,"GLENOAKS BOULEVARD","KENILWORTH AVENUE",0.00,,Y,A,-,N,,,,,,,,,,Y,4,0,2,2,A,-,12,21453,A,N,D,C,A,A,H,-,C,A,0,,,,,Y,,A,01,0,0,2,0,0,0,0,0,0,"- ","- ",34.159641265869141,-118.26698303222656,"LOS ANGELES",GLENDALE,-118.26709747314453,34.159778594970703
82133791,2023,2023-08-02,1925,2023-07-13,"935 ",22783,279,4,5,6,1925,0,0,0,,0,003,"GARFIELD AVENUE","MARYLAND AVENUE",168.00,E,N,A,-,N,,,,,,,,,,N,4,0,1,2,A,-,21,22106,,N,C,C,A,A,H,-,A,D,0,,,,,Y,Y,A,07,0,0,1,0,0,0,0,0,0,"- ","- ",34.135871887207031,-118.25364685058594,"LOS ANGELES",GLENDALE,-118.25312805175781,34.135852813720703
82134860,2023,2023-08-03,1925,2023-07-17,"19  ",28942,,1,5,6,1925,0,0,0,,0,001,"BRAND BOULEVARD","DRYDEN STREET",100.00,N,N,A,-,N,,,,,,,,,,Y,4,0,2,2,A,-,21,22106,,N,C,C,A,A,H,-,C,D,0,,,,,Y,,A,01,0,0,2,0,0,0,0,0,0,"- ","- ",,,"LOS ANGELES",GLENDALE,-118.25505828857422,34.161724090576172
82134861,2023,2023-08-03,1925,2023-07-18,1200,24489,,2,5,6,1925,0,0,0,,0,002,"CENTRAL AVENUE","WILSON AVENUE",95.00,N,N,A,-,N,,,,,,,,,,N,3,0,1,2,A,-,10,21952,,F,G,B,D,A,H,-,A,D,0,Y,,,,Y,Y,A,01,0,1,0,0,1,0,0,0,0,"- ","- ",34.148040771484375,-118.25788879394531,"LOS ANGELES",GLENDALE,-118.25794219970703,34.148349761962891
82134863,2023,2023-08-07,1925,2023-07-21,1807,28644,131,5,5,6,1925,0,0,0,,0,005,"HONOLULU AVENUE","VERDUGO ROAD",0.00,,Y,A,-,N,,,,,,,,,,N,3,0,1,2,A,-,11,21453,D,N,G,B,B,A,H,-,A,A,0,Y,,,,Y,,N,60,0,1,0,0,1,0,0,0,0,"- ","- ",34.204860687255859,-118.22505950927734,"LOS ANGELES",GLENDALE,-118.22522735595703,34.205013275146484
82134864,2023,2023-08-03,1925,2023-07-22,1033,28644,223,6,5,6,1925,0,0,0,,0,002,"CENTRAL AVENUE","DORAN STREET (N)",0.00,,Y,A,-,N,,,,,,,,,,Y,3,0,2,2,A,-,09,21801,A,N,D,C,A,A,H,-,A,A,0,,,,,Y,,A,01,0,2,0,0,0,0,0,0,0,"- ","- ",34.154628753662109,-118.25795745849609,"LOS ANGELES",GLENDALE,-118.25794219970703,34.153774261474609
82136739,2023,2023-08-07,1925,2023-07-17,"920 ",21055,154,1,5,6,1925,0,0,0,,0,004,"E CHEVY CHASE DR","SAINT ANDREWS DR",531.00,S,N,A,-,N,,,,,,,,,,N,3,0,1,2,A,-,03,22350,,N,C,G,A,A,H,-,A,D,0,,Y,,,Y,,L,04,0,1,0,0,0,0,1,0,0,"- ","- ",,,"LOS ANGELES",GLENDALE,-118.21290588378906,34.160541534423828
82136743,2023,2023-08-07,1925,2023-07-24,1651,24810,199,1,5,6,1925,0,0,0,,0,001,"FLOWER STREET","WESTERN AVENUE",0.00,,Y,A,-,N,,,,,,,,,,Y,4,0,1,4,A,-,09,21801,B,N,D,C,A,A,H,-,A,A,0,,,,,Y,,A,01,0,0,1,0,0,0,0,0,0,"- ","- ",34.165748596191406,-118.29530334472656,"LOS ANGELES",GLENDALE,-118.2952880859375,34.165782928466797
82136744,2023,2023-08-07,1925,2023-07-25,"833 ",21092,228,2,5,6,1925,0,0,0,,0,004,"DORAN STREET","BALBOA AVENUE",0.00,,Y,A,-,N,,,,,,,,,,N,3,0,1,2,A,-,10,21950,A,N,G,B,B,A,H,-,A,A,0,Y,,,,Y,,A,01,0,1,0,0,1,0,0,0,0,"- ","- ",,,"LOS ANGELES",GLENDALE,-118.24639129638672,34.154731750488281
82136745,2023,2023-08-07,1925,2023-07-25,"959 ",21092,159,2,5,6,1925,0,0,0,,0,004,"MOUNTAIN STREET","SB 2 OFF RAMP",34.00,W,N,A,-,Y,,,,,,,,,,N,4,0,1,2,A,-,08,22100,A,N,B,C,A,A,H,-,A,A,0,,,,,Y,,A,01,0,0,1,0,0,0,0,0,0,"- ","- ",,,"LOS ANGELES",GLENDALE,,
82138188,2023,2023-08-08,1925,2023-07-26,1748,21092,287,3,5,6,1925,0,0,0,,0,003,"BRAND BOULEVARD","SAN FERNANDO ROAD",62.00,S,N,A,-,N,,,,,,,,,,Y,3,0,2,2,C,-,18,,,N,C,C,A,A,H,-,A,D,0,,,,,Y,,-,"- ",0,1,1,0,0,0,0,0,0,"- ","- ",34.123931884765625,-118.25508880615234,"LOS ANGELES",GLENDALE,-118.25524139404297,34.123870849609375
82138190,2023,2023-08-08,1925,2023-07-27,"949 ",29459,236,4,5,6,1925,0,0,0,,0,004,BROADWAY,"JACKSON STREET",129.00,W,N,A,-,N,,,,,,,,,,N,4,0,1,2,A,-,03,22350,,N,C,C,A,A,H,-,A,A,0,,,,,Y,,A,01,0,0,1,0,0,0,0,0,0,"- ","- ",34.146350860595703,-118.2501220703125,"LOS ANGELES",GLENDALE,-118.25054168701172,34.146324157714844
82140309,2023,2023-08-10,1925,2023-07-28,1225,29459,242,5,5,6,1925,0,0,0,,0,003,"COLORADO STREET","EVERETT STREET",391.00,W,N,A,-,N,,,,,,,,,,N,4,0,1,2,A,-,09,21804,A,N,D,C,A,A,H,-,A,D,0,,,,,Y,,A,07,0,0,1,0,0,0,0,0,0,"- ","- ",34.142528533935547,-118.24559783935547,"LOS ANGELES",GLENDALE,-118.24684906005859,34.142669677734375
82140311,2023,2023-08-10,1925,2023-07-28,1936,29326,236,5,5,6,1925,0,0,0,,0,002,"LOUISE STREET","CALIFORNIA AVENUE",0.00,,Y,A,-,N,,,,,,,,,,Y,4,0,2,2,A,-,09,21802,A,N,D,D,A,A,H,-,B,A,0,,,,,Y,,A,07,0,0,2,0,0,0,0,0,0,"- ","- ",,,"LOS ANGELES",GLENDALE,-118.25267028808594,34.149925231933594
82141437,2023,2023-08-11,1925,2023-07-21,1412,26161,186,5,5,6,1925,0,0,0,,0,001,"ALAMEDA AVENUE","KENNETH ROAD",230.00,N,N,A,-,N,,,,,,,,,,Y,4,0,1,2,A,-,08,22107,,N,B,E,A,A,H,-,A,D,0,,,,,Y,,A,07,0,0,1,0,0,0,0,0,0,"- ","- ",,,"LOS ANGELES",GLENDALE,-118.29205322265625,34.181858062744141
82141438,2023,2023-08-11,1925,2023-07-29,1209,28644,146,6,5,6,1925,0,0,0,,0,005,"VERDUGO BOULEVARD","PARK PLACE",290.00,E,N,B,-,N,,,,,,,,,,N,3,0,1,2,A,-,08,22107,,N,D,G,A,A,H,-,A,A,0,,Y,,,Y,,A,07,0,1,0,0,0,0,1,0,0,"- ","- ",34.204761505126953,-118.22319793701172,"LOS ANGELES",GLENDALE,-118.22222137451172,34.204700469970703
82141441,2023,2023-08-11,1925,2023-07-30,1615,21055,244,7,5,6,1925,0,0,0,,0,003,"COLORADO STREET","VERDUGO ROAD",0.00,,Y,A,-,N,,,,,,,,,,N,3,0,1,2,A,-,12,21453,A,N,D,C,A,A,H,-,A,A,0,,,,,Y,,A,01,0,1,0,0,0,0,0,0,0,"- ","- ",34.142730712890625,-118.23410034179688,"LOS ANGELES",GLENDALE,-118.23406982421875,34.142749786376953
82143649,2023,2023-08-15,1925,2023-07-24,2116,22783,261,1,5,6,1925,0,0,0,,0,003,BROADWAY,"GLENDALE AVENUE",75.00,E,N,A,-,N,,,,,,,,,,N,4,0,1,2,A,-,11,21954,A,N,G,B,D,A,H,-,C,D,0,Y,,,,Y,,N,60,0,0,1,0,1,0,0,0,0,"- ","- ",34.146350860595703,-118.24717712402344,"LOS ANGELES",GLENDALE,-118.24694061279297,34.146305084228516
82143653,2023,2023-08-15,1925,2023-08-03,1420,28644,287,4,5,6,1925,0,0,0,,0,003,"BRAND BOULEVARD","SAN FERNANDO ROAD",109.00,S,N,A,-,N,,,,,,,,,,N,3,0,4,2,A,-,21,22106,,N,B,C,A,A,H,-,A,A,0,,,,,Y,,A,01,0,4,0,0,0,0,0,0,0,"- ","- ",,,"LOS ANGELES",GLENDALE,-118.25529479980469,34.123748779296875
82147099,2023,2023-08-18,1925,2023-07-30,1629,21055,246,7,5,6,1925,0,0,0,,0,003,"MAPLE STREET","FISCHER STREET",28.00,E,N,A,-,N,,,,,,,,,,Y,4,0,3,2,A,-,03,22350,,N,C,C,A,A,H,-,A,A,0,,,,,Y,,A,01,0,0,3,0,0,0,0,0,0,"- ","- ",34.139259338378906,-118.23613739013672,"LOS ANGELES",GLENDALE,-118.23603057861328,34.139293670654297
82147101,2023,2023-08-18,1925,2023-08-04,1901,29440,213,5,5,6,1925,0,0,0,,0,001,"SAN FERNANDO ROAD","FAIRMONT AVENUE",0.00,,Y,A,-,N,,,,,,,,,,N,3,0,2,3,A,-,04,21703,,N,C,C,A,A,H,-,A,A,0,,,,,Y,,I,11,0,2,0,0,0,0,0,0,0,"- ","- ",34.154640197753906,-118.27594757080078,"LOS ANGELES",GLENDALE,-118.27598571777344,34.154693603515625
82147103,2023,2023-08-18,1925,2023-08-06,1328,21055,167,7,5,6,1925,0,0,0,,0,001,"N CENTRAL AVE","W DRYDEN ST",200.00,N,N,A,-,N,,,,,,,,,,N,4,0,3,2,A,-,09,21804,A,N,D,C,A,A,H,-,A,D,0,,,,,Y,,A,01,0,0,3,0,0,0,0,0,0,"- ","- ",,,"LOS ANGELES",GLENDALE,-118.25688934326172,34.162017822265625
82147957,2023,2023-08-21,1925,2023-08-05,1824,28134,244,6,5,6,1925,0,0,0,,0,003,"COLORADO STREET","LINCOLN AVENUE",46.00,W,N,A,-,N,,,,,,,,,,Y,4,0,1,2,A,-,09,21801,A,N,B,C,A,A,H,-,A,A,0,,,,,Y,,A,01,0,0,1,0,0,0,0,0,0,"- ","- ",34.142601013183594,-118.22955322265625,"LOS ANGELES",GLENDALE,-118.22967529296875,34.14276123046875
82149356,2023,2023-08-22,1925,2023-08-09,1409,21092,277,3,5,6,1925,0,0,0,,0,002,"SAN FERNANDO ROAD","CENTRAL AVENUE",0.00,,Y,B,-,N,,,,,,,,,,Y,3,0,1,2,A,-,12,21453,A,N,D,C,A,A,H,-,A,A,0,,,,,Y,,A,07,0,1,0,0,0,0,0,0,0,"- ","- ",,,"LOS ANGELES",GLENDALE,-118.25794219970703,34.126792907714844
82149357,2023,2023-08-22,1925,2023-08-09,1447,28043,,3,5,6,1925,0,0,0,,0,,"CALIFORNIA AVENUE","LOUISE STREET",0.00,,Y,B,-,N,,,,,,,,,,Y,3,0,1,3,A,-,12,22450,A,N,A,C,A,A,H,-,A,D,0,,,,,Y,,A,01,0,1,0,0,0,0,0,0,0,"- ","- ",34.149810791015625,-118.25264739990234,"LOS ANGELES",GLENDALE,-118.25267028808594,34.149925231933594
82149358,2023,2023-08-22,1925,2023-08-10,1216,21092,242,4,5,6,1925,0,0,0,,0,003,BROADWAY,"CHEVY CHASE DRIVE",0.00,,Y,B,-,N,,,,,,,,,,Y,4,0,1,2,A,-,12,21453,A,N,D,C,A,B,H,-,A,A,0,,,,,Y,,A,07,0,0,1,0,0,0,0,0,0,"- ","- ",,,"LOS ANGELES",GLENDALE,-118.23961639404297,34.146198272705078
82150845,2023,2023-08-24,1925,2023-08-05,1054,27654,274,6,5,6,1925,0,0,0,,0,002,"SAN FERNANDO ROAD","CHEVY CHASE DRIVE",0.00,,Y,A,-,N,,,,,,,,,,Y,3,0,2,3,A,-,09,21801,B,N,A,C,A,A,H,-,A,A,0,,,,,Y,,A,01,0,1,1,0,0,0,0,0,0,"- ","- ",,,"LOS ANGELES",GLENDALE,-118.26248168945312,34.133480072021484
82155073,2023,2023-08-28,1925,2023-08-15,"930 ",21092,268,2,5,6,1925,0,0,0,,0,002,"CENTRAL AVENUE","COLORADO STREET",65.00,S,N,A,-,N,,,,,,,,,,N,4,0,1,2,A,-,03,22350,,N,C,C,A,A,H,-,A,D,0,,,,,Y,,A,07,0,0,1,0,0,0,0,0,0,"- ","- ",,,"LOS ANGELES",GLENDALE,-118.25785827636719,34.142360687255859
82155257,2023,2023-08-28,1925,2023-07-29,2342,21975,,6,5,6,1925,0,0,0,,0,,"STOCKER STREET","LOUISE STREET",7.00,W,N,A,-,N,,,,,,,,,,N,3,0,1,2,A,-,11,21950,B,N,G,B,B,A,H,-,B,D,0,Y,,,,Y,,A,01,0,1,0,0,1,0,0,0,0,"- ","- ",,,"LOS ANGELES",GLENDALE,-118.25276184082031,34.163669586181641
82155262,2023,2023-08-31,1925,2023-08-13,2143,27016,199,7,5,6,1925,0,0,0,,0,001,"SAN FERNANDO ROAD","SONORA AVENUE",20.00,S,N,A,-,N,,,,,,,,,,N,3,0,1,2,A,-,12,21453,A,N,D,C,A,A,H,-,C,A,0,,,Y,,Y,,C,03,0,1,0,0,0,0,0,0,1,"- ","- ",34.165958404541016,-118.28826904296875,"LOS ANGELES",GLENDALE,-118.28824615478516,34.165924072265625
82155263,2023,2023-08-28,1925,2023-08-15,1500,28595,267,2,5,6,1925,0,0,0,,0,002,"COLORADO STREET","COLUMBUS AVENUE",410.00,W,N,A,-,N,,,,,,,,,,Y,3,0,4,2,A,-,03,22350,,N,C,C,A,A,H,-,A,D,0,,,,,Y,,A,07,0,1,3,0,0,0,0,0,0,"- ","- ",34.142551422119141,-118.26087951660156,"LOS ANGELES",GLENDALE,-118.26225280761719,34.142520904541016
82155266,2023,2023-08-28,1925,2023-08-16,1505,21092,241,3,5,6,1925,0,0,0,,0,003,BROADWAY,"MAYNARD STREET",293.00,W,N,A,-,N,,,,,,,,,,N,3,0,1,2,A,-,05,21650,1,M,D,G,A,A,H,-,A,C,0,,Y,,,Y,,L,04,0,1,0,0,0,0,1,0,0,"- ","- ",,,"LOS ANGELES",GLENDALE,-118.2314453125,34.14617919921875
82155268,2023,2023-08-28,1925,2023-08-16,1722,21092,167,3,5,6,1925,0,0,0,,0,001,"DRYDEN STREET","CENTRAL AVENUE",0.00,,Y,A,-,N,,,,,,,,,,N,3,0,1,3,A,-,10,21950,A,N,G,B,B,A,H,-,A,A,0,Y,,,,Y,,A,07,0,1,0,0,1,0,0,0,0,"- ","- ",34.161350250244141,-118.25685119628906,"LOS ANGELES",GLENDALE,-118.25688934326172,34.161472320556641
82160478,2023,2023-09-04,1925,2023-08-11,1102,27016,223,5,5,6,1925,0,0,0,,0,001,"CENTRAL AVENUE","GOODE AVENUE",0.00,,Y,A,-,N,,,,,,,,,,Y,3,0,2,2,A,-,12,21453,A,N,D,C,A,A,H,-,A,A,0,,,,,Y,,A,07,0,2,0,0,0,0,0,0,0,"- ","- ",,,"LOS ANGELES",GLENDALE,-118.25798034667969,34.156745910644531
82160479,2023,2023-09-01,1925,2023-08-17,1011,26161,216,4,5,6,1925,0,0,0,,0,001,"PACIFIC AVENUE","ARDEN AVENUE (N)",15.00,S,N,A,-,N,,,,,,,,,,N,4,0,1,2,A,-,03,22350,,N,C,C,A,A,H,-,A,D,0,,,,,Y,,A,01,0,0,1,0,0,0,0,0,0,"- ","- ",34.158451080322266,-118.26400756835938,"LOS ANGELES",GLENDALE,-118.26406097412109,34.158218383789062
82160480,2023,2023-09-01,1925,2023-08-17,1050,28644,128,4,5,6,1925,0,0,0,,0,005,"ROSELAWN AVENUE","BROADVIEW DRIVE",253.00,S,N,A,-,N,,,,,,,,,,Y,4,0,1,3,A,-,08,22107,,N,B,E,A,A,H,-,A,D,0,,,,,Y,,A,07,0,0,1,0,0,0,0,0,0,"- ","- ",34.207000732421875,-118.23515319824219,"LOS ANGELES",GLENDALE,-118.23529052734375,34.206317901611328
82160482,2023,2023-09-01,1925,2023-08-20,1621,21055,119,7,5,6,1925,0,0,0,,0,005,"HONOLULU AVENUE","PENNSYLVANIA AVENUE (N)",212.00,W,N,C,-,N,,,,,,,,,,Y,4,0,2,2,A,-,09,21804,A,N,D,C,A,B,H,-,A,D,0,,,,,Y,,A,01,0,0,2,0,0,0,0,0,0,"- ","- ",34.220539093017578,-118.24873352050781,"LOS ANGELES",GLENDALE,-118.24930572509766,34.220851898193359
82161198,2023,2023-09-04,1925,2023-08-20,2209,26161,235,7,5,6,1925,0,0,0,,0,002,"BRAND BOULEVARD","LEXINGTON DRIVE",330.00,S,N,A,-,N,,,,,,,,,,Y,2,0,1,3,A,-,01,23152,A,F,G,B,E,A,H,-,C,D,0,Y,,,,Y,Y,A,01,1,0,0,0,1,0,0,0,0,"- ","- ",34.151729583740234,-118.25505065917969,"LOS ANGELES",GLENDALE,-118.25509643554688,34.150814056396484
82161392,2023,2023-09-04,1925,2023-08-07,1141,26039,154,1,5,6,1925,0,0,0,,0,001,"BRAND BOULEVARD","DRYDEN STREET",0.00,,Y,A,-,N,,,,,,,,,,Y,3,0,2,2,A,-,12,21453,A,N,D,C,A,A,H,-,A,A,0,,,,,Y,,A,01,0,2,0,0,0,0,0,0,0,"- ","- ",34.161331176757812,-118.25505828857422,"LOS ANGELES",GLENDALE,-118.25505828857422,34.161453247070312
82161394,2023,2023-09-04,1925,2023-08-11,1122,26039,241,5,5,6,1925,0,0,0,,0,002,"VERDUGO ROAD","COLORADO STREET",0.00,,Y,A,-,N,,,,,,,,,,Y,4,0,1,2,A,-,09,21801,A,N,D,C,A,A,H,-,A,A,0,,,,,Y,,A,01,0,0,1,0,0,0,0,0,0,"- ","- ",34.142730712890625,-118.23410034179688,"LOS ANGELES",GLENDALE,-118.23406982421875,34.142749786376953
82161565,2023,2023-09-04,1925,2023-08-18,"812 ",26161,151,5,5,6,1925,0,0,0,,0,004,"PARCHER PLACE","FOXKIRK ROAD",105.00,E,N,A,-,N,,,,,,,,,,Y,4,0,1,3,A,-,03,22350,,N,B,C,A,A,H,-,A,D,0,,,,,Y,,A,01,0,0,1,0,0,0,0,0,0,"- ","- ",,,"LOS ANGELES",GLENDALE,-118.22392272949219,34.162200927734375
82161905,2023,2023-09-05,1925,2023-08-22,1818,21092,212,2,5,6,1925,0,0,0,,0,001,"GLENOAKS BOULEVARD","HIGHLAND AVENUE",0.00,,Y,A,-,N,,,,,,,,,,Y,3,0,1,2,A,-,12,21453,A,N,D,C,A,A,H,-,A,A,0,,,,,Y,,A,01,0,1,0,0,0,0,0,0,0,"- ","- ",,,"LOS ANGELES",GLENDALE,-118.27486419677734,34.160778045654297
82161907,2023,2023-09-05,1925,2023-08-24,1746,28644,146,4,5,6,1925,0,0,0,,0,005,"VERDUGO BOULEVARD","VALIHI WAY",0.00,,Y,A,-,N,,,,,,,,,,N,4,0,1,2,A,-,03,22350,,N,C,C,A,A,H,-,A,A,0,,,,,Y,,A,01,0,0,1,0,0,0,0,0,0,"- ","- ",34.204700469970703,-118.22154998779297,"LOS ANGELES",GLENDALE,-118.22152709960938,34.204715728759766
82165248,2023,2023-09-11,1925,2023-03-05,1943,28284,,7,5,6,1925,0,0,0,,0,004,"N GLENDALE AVE","E LEXINGTON AVE",180.00,N,N,B,-,N,,,,,,,,,,Y,3,0,1,2,A,-,08,22107,,F,D,C,A,A,H,-,C,D,0,,,,,Y,Y,A,01,0,1,0,0,0,0,0,0,0,"- ","- ",,,"LOS ANGELES",GLENDALE,-118.24449157714844,34.152225494384766
82165258,2023,2023-09-08,1925,2023-08-26,1941,27610,240,6,5,6,1925,0,0,0,,0,003,"HARVEY DRIVE","WILSON AVENUE",221.00,N,N,A,-,Y,,,,,,,,,,Y,3,0,2,2,-,-,"- ",,,N,A,C,A,A,H,-,B,A,0,,,,,Y,,-,"- ",0,1,1,0,0,0,0,0,0,"- ","- ",34.146461486816406,-118.22960662841797,"LOS ANGELES",GLENDALE,-118.22919464111328,34.147182464599609
82166198,2023,2023-09-11,1925,2023-08-21,1532,28595,270,1,5,6,1925,0,0,0,,0,002,"SAN FERNANDO ROAD","WINDSOR ROAD",0.00,,Y,A,-,N,,,,,,,,,,N,3,0,1,2,A,-,03,22350,,N,D,C,A,A,H,-,A,D,0,,,Y,,Y,,C,03,0,1,0,0,0,0,0,0,1,"- ","- ",34.136348724365234,-118.26400756835938,"LOS ANGELES",GLENDALE,-118.26406860351562,34.136497497558594
82166205,2023,2023-09-11,1925,2023-08-28,"914 ",21055,256,1,5,6,1925,0,0,0,,0,003,"COLORADO STREET","EVERETT STREET",0.00,,Y,A,-,N,,,,,,,,,,Y,3,0,2,3,A,-,12,21453,A,N,D,C,A,A,H,-,A,A,0,,,,,Y,,A,07,0,2,0,0,0,0,0,0,0,"- ","- ",,,"LOS ANGELES",GLENDALE,-118.24555969238281,34.142669677734375
82166406,2023,2023-09-11,1925,2023-08-16,1120,26161,276,3,5,6,1925,0,0,0,,0,002,"CHEVY CHASE DRIVE","BRAND BOULEVARD",215.00,W,N,A,-,N,,,,,,,,,,N,4,0,1,2,A,-,11,21954,A,N,G,B,D,A,H,-,A,D,0,Y,,,,Y,,N,60,0,0,1,0,1,0,0,0,0,"- ","- ",34.133541107177734,-118.25492858886719,"LOS ANGELES",GLENDALE,,
82166407,2023,2023-09-11,1925,2023-08-24,1602,27016,212,4,5,6,1925,0,0,0,,0,001,"GLENOAKS BOULEVARD","HIGHLAND AVENUE",30.00,E,N,A,-,N,,,,,,,,,,Y,4,0,2,2,A,-,03,22350,,N,C,C,A,A,H,-,A,A,0,,,,,Y,,A,01,0,0,2,0,0,0,0,0,0,"- ","- ",,,"LOS ANGELES",GLENDALE,-118.2747802734375,34.160747528076172
82166409,2023,2023-09-11,1925,2023-08-28,1528,21055,256,1,5,6,1925,0,0,0,,0,003,"ADAMS STREET","CHESTNUT STREET",0.00,,Y,A,-,N,,,,,,,,,,N,3,0,1,2,A,-,09,21804,A,N,D,C,A,A,H,-,A,D,0,,,,,Y,,A,07,0,1,0,0,0,0,0,0,0,"- ","- ",,,"LOS ANGELES",GLENDALE,-118.24179840087891,34.139907836914062
82166411,2023,2023-09-11,1925,2023-08-29,"835 ",21092,283,2,5,6,1925,0,0,0,,0,003,"CHEVY CHASE DRIVE","BOYNTON STREET",0.00,,Y,A,-,N,,,,,,,,,,Y,4,0,1,2,A,-,09,21801,A,N,D,C,A,A,H,-,A,A,0,,,,,Y,,A,07,0,0,1,0,0,0,0,0,0,"- ","- ",,,"LOS ANGELES",GLENDALE,-118.24907684326172,34.133670806884766
82166412,2023,2023-09-11,1925,2023-08-29,1109,21092,245,2,5,6,1925,0,0,0,,0,003,"VERDUGO ROAD","ACACIA AVENUE",0.00,,Y,A,-,N,,,,,,,,,,Y,3,0,1,2,A,-,12,21453,A,N,D,C,A,A,H,-,A,A,0,,,,,Y,,A,01,0,1,0,0,0,0,0,0,0,"- ","- ",,,"LOS ANGELES",GLENDALE,-118.23361968994141,34.1361083984375
82166645,2023,2023-09-11,1925,2023-08-29,1408,28595,177,2,5,6,1925,0,0,0,,0,001,"IDLEWOOD ROAD","MOUNTAIN STREET",65.00,S,N,A,-,N,,,,,,,,,,N,3,0,1,1,A,-,08,22107,,N,E,I,A,A,H,-,A,A,0,,,,,Y,,A,01,0,1,0,0,0,0,0,0,0,"- ","- ",34.178359985351562,-118.27366638183594,"LOS ANGELES",GLENDALE,-118.27397155761719,34.178363800048828
82169702,2023,2023-09-14,1925,2023-08-26,2027,29326,244,6,5,6,1925,0,0,0,,0,003,"COLORADO STREET","LINCOLN AVENUE",0.00,,Y,A,-,N,,,,,,,,,,Y,2,0,1,2,A,-,10,21950,A,N,G,B,B,A,H,-,D,A,0,Y,,,,Y,,A,08,1,0,0,0,1,0,0,0,0,"- ","- ",,,"LOS ANGELES",GLENDALE,-118.22952270507812,34.14276123046875
82169704,2023,2023-09-14,1925,2023-08-31,"417 ",29285,127,4,5,6,1925,0,0,0,,0,005,"LA CRESCENTA AVENUE","URQUIDEZ AVENUE",188.00,E,N,A,-,N,,,,,,,,,,Y,2,0,1,1,A,-,03,22350,,N,E,I,A,A,H,-,C,D,0,,,,,Y,Y,A,01,1,0,0,0,0,0,0,0,0,"- ","- ",34.204399108886719,-118.23813629150391,"LOS ANGELES",GLENDALE,-118.23771667480469,34.204029083251953
82171920,2023,2023-09-18,1925,2023-09-03,1238,14676,,7,5,6,1925,0,0,0,,0,004,"DRYDEN STREET","JACKSON STREET",0.00,,Y,B,-,N,,,,,,,,,,Y,4,0,1,2,A,-,12,22450,A,N,D,C,A,A,H,-,A,A,0,,,,,Y,,A,01,0,0,1,0,0,0,0,0,0,"- ","- ",,,"LOS ANGELES",GLENDALE,-118.25003814697266,34.161453247070312
82172127,2023,2023-09-19,1925,2023-08-30,1558,28043,222,3,5,6,1925,0,0,0,,0,002,"CENTRAL AVENUE","GOODE AVENUE",0.00,,Y,A,-,N,,,,,,,,,,N,2,0,1,2,A,-,12,21453,A,N,D,C,A,A,H,-,A,A,0,,,Y,,Y,,A,01,1,0,0,0,0,0,0,0,0,"- ","- ",,,"LOS ANGELES",GLENDALE,-118.25798034667969,34.156745910644531
82172132,2023,2023-09-18,1925,2023-09-01,1255,28525,,5,5,6,1925,0,0,0,,0,,"CENTRAL AVENUE","DORAN STREET (N)",0.00,,Y,A,-,N,,,,,,,,,,N,4,0,1,2,A,-,12,21453,A,N,A,C,A,A,H,-,A,A,0,,,,,Y,,A,01,0,0,1,0,0,0,0,0,0,"- ","- ",34.154518127441406,-118.25794982910156,"LOS ANGELES",GLENDALE,-118.25794219970703,34.153774261474609
82172136,2023,2023-09-18,1925,2023-09-04,1822,27629,158,1,5,6,1925,0,0,0,,0,004,"WILSON AVENUE","SINCLAIR AVENUE (E)",68.00,W,N,A,-,N,,,,,,,,,,N,4,0,2,2,A,-,09,21804,A,N,D,C,A,A,H,-,A,D,0,,,,,Y,,A,07,0,0,2,0,0,0,0,0,0,"- ","- ",,,"LOS ANGELES",GLENDALE,-118.232666015625,34.148048400878906
82172137,2023,2023-09-18,1925,2023-09-05,"844 ",27629,186,2,5,6,1925,0,0,0,,0,001,"LINDEN AVENUE","GLENWOOD ROAD",250.00,N,N,B,-,N,,,,,,,,,,N,4,0,2,4,A,-,17,22517,,N,B,E,A,A,H,-,A,D,0,,,,,Y,,-,99,0,0,2,0,0,0,0,0,0,"- ","- ",34.17694091796875,-118.29210662841797,"LOS ANGELES",GLENDALE,-118.29152679443359,34.177463531494141
82172139,2023,2023-09-18,1925,2023-09-06,1726,21092,264,3,5,6,1925,0,0,0,,0,002,"COLORADO STREET","GALLERIA WAY",0.00,,Y,A,-,N,,,,,,,,,,N,4,0,1,2,A,-,09,21801,A,M,D,C,A,A,H,-,A,A,0,,,,,Y,,A,01,0,0,1,0,0,0,0,0,0,"- ","- ",,,"LOS ANGELES",GLENDALE,-118.25917053222656,34.142551422119141
82174302,2023,2023-09-20,1925,2023-09-08,2000,29405,235,5,5,6,1925,0,0,0,,0,004,"EAST WILSON AVE","KENWOOD ST",136.00,W,N,A,-,N,,,,,,,,,,N,4,0,1,2,A,-,09,21804,A,N,G,B,F,A,H,-,C,D,0,Y,,,,Y,,A,01,0,0,1,0,1,0,0,0,0,"- ","- ",,,"LOS ANGELES",GLENDALE,-118.25186920166016,34.148170471191406
82174304,2023,2023-09-22,1925,2023-09-08,2258,28418,164,5,5,6,1925,0,0,0,,0,004,"BRAND BOULEVARD","GLENOAKS BOULEVARD",0.00,,Y,A,-,N,,,,,,,,,,Y,3,0,1,2,A,-,01,23152,A,N,D,C,A,A,H,-,C,A,0,,,,,Y,Y,A,08,0,1,0,0,0,0,0,0,0,"- ","- ",34.159271240234375,-118.25505828857422,"LOS ANGELES",GLENDALE,-118.25514984130859,34.15924072265625
82175587,2023,2023-09-22,1925,2023-08-11,2048,29405,196,5,5,6,1925,0,0,0,,0,001,"SAN FERNANDO BOULEVARD",JUSTIN,0.00,,Y,A,-,N,,,,,,,,,,Y,4,0,1,2,A,-,09,21801,A,N,D,C,A,A,H,-,C,A,0,,,Y,,Y,,A,07,0,0,1,0,0,0,0,0,1,"- ","- ",,,"LOS ANGELES",GLENDALE,-118.29026031494141,34.167400360107422
82175589,2023,2023-09-21,1925,2023-09-09,1640,28644,265,6,5,6,1925,0,0,0,,0,002,"CENTRAL AVENUE",BROADWAY,523.00,S,N,A,-,N,,,,,,,,,,N,3,0,1,2,A,-,12,21453,A,N,D,C,A,A,H,-,A,A,0,,,,,Y,,A,01,0,1,0,0,0,0,0,0,0,"- ","- ",34.146728515625,-118.25791931152344,"LOS ANGELES",GLENDALE,,
82176730,2023,2023-09-25,1925,2023-09-10,1107,21055,220,7,5,6,1925,0,0,0,,0,004,"BRAND BOULEVARD","GOODE AVENUE",0.00,,Y,A,-,N,,,,,,,,,,Y,3,0,3,2,A,-,12,21453,A,N,D,C,A,A,H,-,A,A,0,,,,,Y,,A,07,0,3,0,0,0,0,0,0,0,"- ","- ",,,"LOS ANGELES",GLENDALE,-118.25514984130859,34.156764984130859
82177631,2023,2023-09-25,1925,2023-09-11,1900,28134,243,1,5,6,1925,0,0,0,,0,003,"COLORADO STREET","VERDUGO ROAD",0.00,,Y,A,-,N,,,,,,,,,,Y,4,0,1,2,A,-,01,23152,A,N,C,C,A,A,H,-,A,A,0,,,,,Y,Y,-,"- ",0,0,1,0,0,0,0,0,0,"- ","- ",34.142730712890625,-118.23410034179688,"LOS ANGELES",GLENDALE,-118.23406982421875,34.142749786376953
82177770,2023,2023-09-25,1925,2023-09-11,1328,27629,251,1,5,6,1925,0,0,0,,0,003,"GLENDALE AVENUE","COLORADO STREET",154.00,N,N,B,-,N,,,,,,,,,,N,4,0,1,3,A,-,03,22350,,N,C,E,A,A,H,-,A,D,0,,,,,Y,,A,07,0,0,1,0,0,0,0,0,0,"- ","- ",34.142509460449219,-118.24935150146484,"LOS ANGELES",GLENDALE,-118.24901580810547,34.143024444580078
82179355,2023,2023-09-26,1925,2023-09-07,1037,27016,128,4,5,6,1925,0,0,0,,0,005,"HONOLULU AVENUE","ORANGEDALE AVENUE",0.00,,Y,A,-,N,,,,,,,,,,N,3,0,2,2,A,-,09,21802,A,N,D,C,A,A,H,-,A,A,0,,,,,Y,,A,07,0,2,0,0,0,0,0,0,0,"- ","- ",,,"LOS ANGELES",GLENDALE,-118.232421875,34.207073211669922
82179357,2023,2023-09-26,1925,2023-09-13,1510,28644,273,3,5,6,1925,0,0,0,,0,002,"CENTRAL AVENUE","GARFIELD AVENUE",0.00,,Y,A,-,N,,,,,,,,,,Y,3,0,2,2,A,-,09,21800,A,N,D,C,A,A,H,-,A,A,0,,,,,Y,,A,01,0,2,0,0,0,0,0,0,0,"- ","- ",34.135780334472656,-118.25785064697266,"LOS ANGELES",GLENDALE,-118.25787353515625,34.135757446289062
82179358,2023,2023-09-26,1925,2023-09-14,1604,21092,,4,5,6,1925,0,0,0,,0,001,"GRANDVIEW AVENUE","GLENOAKS BOULEVARD",0.00,,Y,A,-,N,,,,,,,,,,Y,3,0,4,2,A,-,09,21801,A,N,A,C,A,A,H,-,A,A,0,,,,,Y,,A,01,0,1,3,0,0,0,0,0,0,"- ","- ",,,"LOS ANGELES",GLENDALE,-118.28138732910156,34.164970397949219
82187069,2023,2023-10-02,1925,2023-09-18,1018,27629,200,1,5,6,1925,0,0,0,,0,001,"SAN FERNANDO ROAD","GRANDVIEW AVENUE",168.00,W,N,A,-,N,,,,,,,,,,N,4,0,1,2,A,-,03,22350,,N,C,C,A,A,H,-,A,D,0,,,,,Y,,A,07,0,0,1,0,0,0,0,0,0,"- ","- ",34.161750793457031,-118.28250122070312,"LOS ANGELES",GLENDALE,-118.282958984375,34.162059783935547
82188615,2023,2023-10-03,1925,2023-08-25,2045,26161,229,5,5,6,1925,0,0,0,,0,004,"GLENOAKS BOULEVARD","CORONADO DRIVE",11.00,W,N,A,-,N,,,,,,,,,,N,3,0,1,2,A,-,03,22350,,N,D,G,A,A,H,-,D,D,0,,Y,,,Y,,A,01,0,1,0,0,0,0,1,0,0,"- ","- ",34.159500122070312,-118.24062347412109,"LOS ANGELES",GLENDALE,-118.2406005859375,34.159427642822266
82188616,2023,2023-11-27,1925,2023-09-07,1519,21092,219,4,5,6,1925,0,0,0,,0,001,"CENTRAL AVENUE","BURCHETT STREET",0.00,,Y,A,-,N,,,,,,,,,,Y,1,1,0,2,A,-,10,21950,A,N,G,B,B,A,H,-,A,A,0,Y,,,,Y,,D,22,0,0,0,1,0,0,0,0,0,"- ","- ",,,"LOS ANGELES",GLENDALE,-118.25802612304688,34.157402038574219
82192808,2023,2023-10-06,1925,2023-09-20,2030,21370,242,3,5,6,1925,0,0,0,,0,003,BROADWAY,"CHEVY CHASE DRIVE",40.00,W,N,A,-,N,,,,,,,,,,N,4,0,1,2,A,-,03,22350,,N,C,C,A,A,H,-,C,A,0,,,,,Y,,A,01,0,0,1,0,0,0,0,0,0,"- ","- ",,,"LOS ANGELES",GLENDALE,-118.23975372314453,34.146205902099609
82192810,2023,2023-10-06,1925,2023-09-23,"720 ",28644,123,6,5,6,1925,0,0,0,,0,005,"MONTROSE AVENUE","LA CRESCENTA AVENUE",840.00,W,N,A,-,N,,,,,,,,,,N,3,0,2,2,A,-,08,22103,,N,D,C,A,A,H,-,A,D,0,,,,,Y,,A,01,0,2,0,0,0,0,0,0,0,"- ","- ",34.215980529785156,-118.23995971679688,"LOS ANGELES",GLENDALE,-118.24220275878906,34.217372894287109
82194008,2023,2023-10-12,1925,2023-09-24,1940,27016,169,7,5,6,1925,0,0,0,,0,001,"PACIFIC AVENUE","DRYDEN STREET",0.00,,Y,A,-,N,,,,,,,,,,Y,2,0,2,6,A,-,01,23153,F,N,G,B,B,A,H,-,E,A,0,Y,,,,Y,,A,01,1,1,0,0,2,0,0,0,0,"- ","- ",,,"LOS ANGELES",GLENDALE,-118.264404296875,34.160743713378906
82194010,2023,2023-10-09,1925,2023-09-27,1700,28418,167,3,5,6,1925,0,0,0,,0,001,"BRAND BOULEVARD","DRYDEN STREET",0.00,,Y,A,-,N,,,,,,,,,,Y,4,0,2,2,A,-,12,21453,A,N,D,C,A,A,H,-,A,A,0,,,,,Y,,D,22,0,0,2,0,0,0,0,0,0,"- ","- ",34.161441802978516,-118.25505828857422,"LOS ANGELES",GLENDALE,-118.25505828857422,34.161453247070312
82195915,2023,2023-10-11,1925,2023-09-23,1550,24967,,6,5,6,1925,0,0,0,,0,004,"LOUISE STREET","CALIFORNIA AVENUE",0.00,,Y,A,-,N,,,,,,,,,,Y,3,0,1,2,A,-,09,21802,A,N,D,C,A,A,H,-,A,A,0,,,,,Y,,A,07,0,1,0,0,0,0,0,0,0,"- ","- ",34.149948120117188,-118.25263214111328,"LOS ANGELES",GLENDALE,-118.25267028808594,34.149925231933594
82195917,2023,2023-10-11,1925,2023-09-29,1138,29635,,5,5,6,1925,0,0,0,,0,003,"GLENDALE AVENUE","COLORADO STREET",15.00,S,N,A,-,N,,,,,,,,,,N,3,0,1,2,A,-,10,21950,A,N,G,B,B,A,H,-,A,A,0,Y,,,,Y,,A,01,0,1,0,0,1,0,0,0,0,"- ","- ",,,"LOS ANGELES",GLENDALE,-118.24929046630859,34.142623901367188
82195919,2023,2023-10-11,1925,2023-09-30,1140,28644,,6,5,6,1925,0,0,0,,0,004,"GLENOAKS BOULEVARD","HARVEY DRIVE",0.00,,Y,C,-,N,,,,,,,,,,Y,3,0,2,2,A,-,12,21453,A,N,D,C,A,B,H,-,A,A,0,,,,,Y,,A,01,0,2,0,0,0,0,0,0,0,"- ","- ",34.152469635009766,-118.22579956054688,"LOS ANGELES",GLENDALE,-118.22606658935547,34.152568817138672
82198106,2023,2023-10-13,1925,2023-09-19,1336,29572,196,2,5,6,1925,0,0,0,,0,001,"GLENOAKS BOULEVARD","WINCHESTER AVENUE",0.00,,Y,A,-,N,,,,,,,,,,N,4,0,1,2,A,-,10,21950,A,F,G,B,B,A,H,-,A,D,0,Y,,,,Y,,A,01,0,0,1,0,1,0,0,0,0,"- ","- ",34.170429229736328,-118.28871154785156,"LOS ANGELES",GLENDALE,-118.28878021240234,34.170352935791016
82199199,2023,2023-10-16,1925,2023-09-24,1617,21055,,7,5,6,1925,0,0,0,,0,003,"CHEVY CHASE DRIVE","ACACIA AVENUE",0.00,,Y,A,-,N,,,,,,,,,,Y,3,0,4,2,A,-,08,22100,A,N,D,C,A,A,H,-,A,A,0,,,,,Y,,A,01,0,2,2,0,0,0,0,0,0,"- ","- ",34.134891510009766,-118.23957061767578,"LOS ANGELES",GLENDALE,-118.23967742919922,34.134876251220703
82199415,2023,2023-10-16,1925,2023-10-03,1615,21092,212,2,5,6,1925,0,0,0,,0,001,"GLENOAKS BOULEVARD","ALMA STREET",74.00,E,N,A,-,N,,,,,,,,,,N,4,0,1,2,A,-,21,22106,,N,C,C,A,A,H,-,A,D,0,,,,,Y,,A,07,0,0,1,0,0,0,0,0,0,"- ","- ",34.161209106445312,-118.27574920654297,"LOS ANGELES",GLENDALE,-118.27560424804688,34.161094665527344
82199416,2023,2023-10-16,1925,2023-10-03,1752,28418,248,2,5,6,1925,0,0,0,,0,003,"BRAND BOULEVARD",BROADWAY,325.00,S,N,A,-,N,,,,,,,,,,N,4,0,1,2,A,-,05,21650,1,N,D,G,A,A,H,-,A,A,0,,Y,,,Y,,L,04,0,0,1,0,0,0,1,0,0,"- ","- ",34.146308898925781,-118.25501251220703,"LOS ANGELES",GLENDALE,-118.25507354736328,34.145359039306641
82199417,2023,2023-10-16,1925,2023-10-04,1025,28644,210,3,5,6,1925,0,0,0,,0,001,"VICTORY BOULEVARD","IRVING AVENUE",42.00,W,N,A,-,N,,,,,,,,,,N,3,0,1,2,A,-,11,21954,A,N,G,B,E,A,H,-,A,D,0,Y,,,,Y,,N,60,0,1,0,0,1,0,0,0,0,"- ","- ",34.16326904296875,-118.3031005859375,"LOS ANGELES",GLENDALE,-118.30322265625,34.163333892822266
82203100,2023,2023-10-19,1925,2023-10-05,1114,29572,162,4,5,6,1925,0,0,0,,0,004,"STOCKER STREET","CAMPBELL STREET",0.00,,Y,A,-,N,,,,,,,,,,Y,4,0,1,2,A,-,12,22450,A,N,D,C,A,A,H,-,A,D,0,,,,,Y,,A,07,0,0,1,0,0,0,0,0,0,"- ","- ",,,"LOS ANGELES",GLENDALE,-118.251220703125,34.163692474365234
82203102,2023,2023-10-19,1925,2023-10-05,1820,26160,213,4,5,6,1925,0,0,0,,0,001,"FAIRMONT AVENUE","CONCORD STREET",415.00,W,N,A,-,N,,,,,,,,,,N,3,0,1,2,A,-,03,22350,,F,C,C,A,A,H,-,A,D,0,,,,,Y,Y,A,01,0,1,0,0,0,0,0,0,0,"- ","- ",34.155601501464844,-118.27114868164062,"LOS ANGELES",GLENDALE,-118.27249145507812,34.155570983886719
82203108,2023,2023-10-19,1925,2023-10-07,1618,29405,265,6,5,6,1925,0,0,0,,0,002,"CENTRAL AVENUE","GALLERIA WAY",20.00,S,N,A,-,N,,,,,,,,,,Y,3,0,4,2,A,-,12,21453,A,N,D,C,A,A,H,-,A,A,0,,,,,Y,,A,07,0,3,1,0,0,0,0,0,0,"- ","- ",34.145229339599609,-118.25788116455078,"LOS ANGELES",GLENDALE,,
82204392,2023,2023-10-20,1925,2023-10-04,"741 ",29635,114,3,5,6,1925,0,0,0,,0,005,"NEW YORK AVENUE","NEW YORK AVE",3.00,E,N,A,-,N,,,,,,,,,,N,4,0,1,2,A,-,09,21804,A,N,D,G,A,A,H,-,A,D,0,,Y,,,Y,,A,01,0,0,1,0,0,0,1,0,0,"- ","- ",34.232261657714844,-118.25302124023438,"LOS ANGELES",GLENDALE,,
82204393,2023,2023-10-20,1925,2023-10-05,1535,28644,224,4,5,6,1925,0,0,0,,0,002,"LEXINGTON DRIVE","PACIFIC AVENUE",0.00,,Y,A,-,N,,,,,,,,,,Y,4,0,1,2,A,-,12,21453,A,N,D,C,A,A,H,-,A,A,0,,,,,Y,,A,07,0,0,1,0,0,0,0,0,0,"- ","- ",34.151588439941406,-118.26454162597656,"LOS ANGELES",GLENDALE,-118.26454925537109,34.151599884033203
82204396,2023,2023-10-20,1925,2023-10-05,2500,28644,165,4,5,6,1925,0,0,0,,0,004,"LOUISE STREET","DRYDEN STREET",0.00,,Y,A,-,N,,,,,,,,,,N,3,0,1,2,A,-,12,22450,A,N,D,J,A,A,H,-,A,A,0,,,,,Y,,-,"- ",0,1,0,0,0,0,0,0,0,"- ","- ",34.161430358886719,-118.25267791748047,"LOS ANGELES",GLENDALE,-118.25270843505859,34.161445617675781
82205194,2023,2023-10-23,1925,2023-10-03,1216,21055,191,2,5,6,1925,0,0,0,,0,001,"GLENOAKS BOULEVARD","THOMPSON AVENUE",62.00,W,N,A,-,N,,,,,,,,,,Y,4,0,2,2,A,-,09,21802,A,N,B,C,A,A,H,-,A,A,0,,,,,Y,,A,08,0,0,2,0,0,0,0,0,0,"- ","- ",,,"LOS ANGELES",GLENDALE,-118.29183197021484,34.172573089599609
82205195,2023,2023-10-23,1925,2023-10-09,"835 ",21055,1925,1,5,6,1925,0,0,0,,0,002,"BRAND BOULEVARD","COLORADO STREET",0.00,,Y,B,-,N,,,,,,,,,,Y,3,0,1,2,A,-,09,21801,A,N,D,C,A,A,H,-,A,A,0,,,,,Y,,A,01,0,1,0,0,0,0,0,0,0,"- ","- ",,,"LOS ANGELES",GLENDALE,-118.25492858886719,34.142570495605469
82205333,2023,2023-10-23,1925,2023-10-10,2117,29008,273,2,5,6,1925,0,0,0,,0,002,"BRAND BOULEVARD","CHEVY CHASE DRIVE",15.00,S,N,A,-,N,,,,,,,,,,Y,4,0,2,2,A,-,12,21453,A,N,D,C,A,A,H,-,C,A,0,,,,,Y,,A,01,0,0,2,0,0,0,0,0,0,"- ","- ",34.133411407470703,-118.25501251220703,"LOS ANGELES",GLENDALE,-118.25486755371094,34.133468627929688
82205491,2023,2023-10-23,1925,2023-10-03,1742,21055,165,2,5,6,1925,0,0,0,,0,001,"MOUNTAIN STREET","MARYLAND AVENUE",0.00,,Y,A,-,N,,,,,,,,,,Y,4,0,1,2,A,-,08,22107,,N,D,C,A,A,H,-,A,A,0,,,,,Y,,A,01,0,0,1,0,0,0,0,0,0,"- ","- ",,,"LOS ANGELES",GLENDALE,-118.25386810302734,34.166725158691406
82205492,2023,2023-10-23,1925,2023-10-04,1706,28644,223,3,5,6,1925,0,0,0,,0,001,"BRAND BOULEVARD","SANCHEZ DRIVE",0.00,,Y,A,-,Y,,,,,,,,,,Y,3,0,2,2,A,-,12,21453,A,N,B,C,A,A,H,-,A,A,0,,,Y,,Y,,C,02,0,2,0,0,0,0,0,0,2,"- ","- ",34.155948638916016,-118.25508117675781,"LOS ANGELES",GLENDALE,-118.25514221191406,34.155937194824219
82205494,2023,2023-10-23,1925,2023-10-06,1815,21995,244,5,5,6,1925,0,0,0,,0,003,"VERDUGO RD","COLORADO ST",0.00,,Y,A,-,N,,,,,,,,,,Y,3,0,2,2,A,-,09,21801,A,N,A,C,A,A,H,-,A,A,0,,,,,Y,,A,01,0,1,1,0,0,0,0,0,0,"- ","- ",,,"LOS ANGELES",GLENDALE,-118.23406982421875,34.142749786376953
82205495,2023,2023-10-24,1925,2023-10-06,2144,22783,239,5,5,6,1925,0,0,0,,0,004,BROADWAY,"CHEVY CHASE DRIVE",202.00,W,N,A,-,N,,,,,,,,,,Y,2,0,1,2,A,-,11,21954,A,N,G,B,D,A,H,-,C,D,0,Y,,,,Y,,N,60,1,0,0,0,1,0,0,0,0,"- ","- ",34.146080017089844,-118.23963928222656,"LOS ANGELES",GLENDALE,-118.24028778076172,34.146221160888672
82205496,2023,2023-10-23,1925,2023-10-07,1035,29270,0146,6,5,6,1925,0,0,0,,0,005,"N VERDUGO RD","GLORIETTA AVE",588.00,S,N,A,-,N,,,,,,,,,,Y,3,0,3,2,A,-,05,21460,A,N,A,D,A,A,H,-,A,D,0,,,,,Y,,-,"- ",0,3,0,0,0,0,0,0,0,"- ","- ",,,"LOS ANGELES",GLENDALE,-118.22655487060547,34.186012268066406
82206799,2023,2023-10-24,1925,2023-10-12,1650,28644,,4,5,6,1925,0,0,0,,0,002,"BRAND BOULEVARD","PALMER AVENUE",232.00,S,N,A,-,N,,,,,,,,,,N,3,0,2,1,A,-,03,22350,,N,E,I,A,A,H,-,A,A,0,,,,,Y,,A,01,0,1,1,0,0,0,0,0,0,"- ","- ",34.132278442382812,-118.25489807128906,"LOS ANGELES",GLENDALE,-118.25496673583984,34.131622314453125
82208907,2023,2023-10-26,1925,2023-10-14,1245,27654,269,6,5,6,1925,0,0,0,,0,003,"COLORADO STREET","BRAND BOULEVARD",135.00,E,N,A,-,N,,,,,,,,,,Y,3,0,1,2,A,-,08,22107,,N,B,C,A,A,H,-,A,D,0,,,,,Y,,A,01,0,1,0,0,0,0,0,0,0,"- ","- ",34.142589569091797,-118.25498199462891,"LOS ANGELES",GLENDALE,-118.25448608398438,34.142578125
82221045,2023,2023-10-27,1925,2023-10-09,2219,28942,,1,5,6,1925,0,0,0,,0,,"ELK AVENUE","I 5 N/B OFFRAMP",150.00,E,N,A,-,N,,,,,,,,,,N,4,0,1,4,A,-,08,22107,,N,B,E,A,A,H,-,C,D,0,,,,Y,Y,,A,01,0,0,1,0,0,0,0,0,0,"- ","- ",,,"LOS ANGELES",GLENDALE,,
82221048,2023,2023-10-27,1925,2023-10-14,1720,29405,239,6,5,6,1925,0,0,0,,0,004,"CHEVY CHASE DRIVE",BROADWAY,0.00,,Y,A,-,N,,,,,,,,,,N,2,0,1,2,A,-,09,21801,A,N,A,C,A,A,H,-,A,A,0,,,Y,,Y,,A,01,1,0,0,0,0,0,0,0,0,"- ","- ",34.146209716796875,-118.23963928222656,"LOS ANGELES",GLENDALE,-118.23961639404297,34.146198272705078
82222644,2023,2023-10-30,1925,2023-10-13,"921 ",26161,282,5,5,6,1925,0,0,0,,0,003,"PALMER AVENUE","GLENDALE AVENUE (S)",304.00,E,N,A,-,N,,,,,,,,,,N,3,0,1,5,A,-,09,21804,A,N,D,C,A,A,H,-,A,D,0,,,,,Y,,A,01,0,1,0,0,0,0,0,0,0,"- ","- ",,,"LOS ANGELES",GLENDALE,,
82222646,2023,2023-10-30,1925,2023-10-13,1355,28644,,5,5,6,1925,0,0,0,,0,001,"GLENOAKS BOULEVARD","PACIFIC AVENUE",228.00,E,N,A,-,N,,,,,,,,,,N,3,0,1,1,A,-,08,22107,,N,E,I,A,A,H,-,A,A,0,,,,,Y,,D,23,0,1,0,0,0,0,0,0,0,"- ","- ",34.159450531005859,-118.26409149169922,"LOS ANGELES",GLENDALE,-118.26346588134766,34.159866333007812
82222649,2023,2023-10-30,1925,2023-10-16,1126,29635,167,1,5,6,1925,0,0,0,,0,001,"STOCKER STREET","CENTRAL AVENUE",60.00,E,N,A,-,N,,,,,,,,,,Y,4,0,1,2,A,-,21,22106,,N,B,C,A,A,H,-,A,D,0,,,,,Y,,A,01,0,0,1,0,0,0,0,0,0,"- ","- ",,,"LOS ANGELES",GLENDALE,-118.25669860839844,34.163719177246094
82222654,2023,2023-10-30,1925,2023-10-17,1726,29635,218,2,5,6,1925,0,0,0,,0,002,"WILSON AVENUE","KENILWORTH AVENUE",0.00,,Y,A,-,N,,,,,,,,,,Y,4,0,1,2,A,-,09,21802,A,N,D,C,A,A,H,-,A,A,0,,,,,Y,,A,07,0,0,1,0,0,0,0,0,0,"- ","- ",34.14788818359375,-118.26600646972656,"LOS ANGELES",GLENDALE,-118.26599884033203,34.147979736328125
82222656,2023,2023-10-30,1925,2023-10-18,1326,29635,269,3,5,6,1925,0,0,0,,0,002,"ELK AVENUE","BRAND BOULEVARD",370.00,W,N,A,-,N,,,,,,,,,,Y,3,0,1,2,A,-,21,22106,,N,D,C,A,A,H,-,A,D,0,,,,,Y,,A,01,0,1,0,0,0,0,0,0,0,"- ","- ",,,"LOS ANGELES",GLENDALE,-118.25626373291016,34.141555786132812
82222658,2023,2023-10-30,1925,2023-10-18,1942,22783,210,3,5,6,1925,0,0,0,,0,001,"VICTORY BOULEVARD","IRVING AVENUE",114.00,E,N,A,-,N,,,,,,,,,,N,3,0,1,2,A,-,11,21954,A,F,G,B,D,A,H,-,B,D,0,Y,,,,Y,Y,N,60,0,1,0,0,1,0,0,0,0,"- ","- ",34.16326904296875,-118.3031005859375,"LOS ANGELES",GLENDALE,-118.30283355712891,34.163055419921875
82223777,2023,2023-10-31,1925,2023-10-12,"503 ",29440,204,4,5,6,1925,0,0,0,,0,001,"SAN FERNANDO ROAD","PELANCONI AVENUE",134.00,S,N,A,-,N,,,,,,,,,,N,3,0,1,2,A,-,08,22107,,N,D,G,A,A,H,-,C,D,0,,Y,,,Y,,L,04,0,1,0,0,0,0,1,0,0,"- ","- ",34.1591796875,-118.2796630859375,"LOS ANGELES",GLENDALE,-118.2794189453125,34.158908843994141
82223779,2023,2023-11-01,1925,2023-10-14,1846,27563,200,6,5,6,1925,0,0,0,,0,001,"SONORA AVENUE","SAN FERNANDO ROAD",150.00,S,N,A,-,N,,,,,,,,,,N,3,0,1,2,A,-,11,21955,,N,G,B,D,A,H,-,C,D,0,Y,,,,Y,,N,60,0,1,0,0,1,0,0,0,0,"- ","- ",34.165920257568359,-118.28822326660156,"LOS ANGELES",GLENDALE,-118.28861999511719,34.165645599365234
82224981,2023,2023-11-01,1925,2023-10-15,1900,29270,0220,7,5,6,1925,0,0,0,,0,001,"BRAND BOULEVARD","GOODE AVENUE",0.00,S,Y,A,-,Y,LA,,134," ",R,7.128,H,,L,Y,4,0,1,2,A,-,12,21453,A,N,D,C,A,A,H,-,C,A,0,,,,,Y,,A,01,0,0,1,0,0,0,0,0,0,"- ","- ",34.156658172607422,-118.25507354736328,"LOS ANGELES",GLENDALE,-118.25506591796875,34.156429290771484
82227070,2023,2023-11-03,1925,2023-10-20,1445,28644,,5,5,6,1925,0,0,0,,0,003,"COLORADO STREET","CEDAR STREET",10.00,W,N,A,-,N,,,,,,,,,,N,3,0,1,2,A,-,10,21950,A,N,G,B,B,A,H,-,A,A,0,Y,,,,Y,,I,09,0,1,0,0,1,0,0,0,0,"- ","- ",34.142650604248047,-118.24401092529297,"LOS ANGELES",GLENDALE,-118.24402618408203,34.142650604248047
82227071,2023,2023-11-03,1925,2023-10-21,1650,28644,,6,5,6,1925,0,0,0,,0,002,"COLUMBUS AVENUE","CALIFORNIA AVENUE",0.00,,Y,A,-,N,,,,,,,,,,N,4,0,1,2,A,-,12,22450,A,N,D,C,A,A,H,-,A,A,0,,,,,Y,,-,"- ",0,0,1,0,0,0,0,0,0,"- ","- ",34.149848937988281,-118.2613525390625,"LOS ANGELES",GLENDALE,-118.26139831542969,34.149852752685547
82228472,2023,2023-11-06,1925,2023-10-13,1837,22783,154,5,5,6,1925,0,0,0,,0,004,"GLENOAKS BOULEVARD","SLEEPY HOLLOW DRIVE",109.00,E,N,A,-,N,,,,,,,,,,Y,3,0,1,2,A,-,08,22103,,N,D,C,A,A,H,-,D,D,0,,,Y,,Y,,A,07,0,1,0,0,0,0,0,0,1,"- ","- ",34.149959564208984,-118.21244812011719,"LOS ANGELES",GLENDALE,-118.21212005615234,34.150135040283203
82229624,2023,2023-11-07,1925,2023-10-16,1409,26039,246,1,5,6,1925,0,0,0,,0,003,"ACACIA AVENUE","FISCHER STREET",122.00,E,N,A,-,N,,,,,,,,,,Y,3,0,2,2,A,-,09,21804,A,N,D,C,A,A,H,-,A,D,0,,,,,Y,,A,01,0,1,1,0,0,0,0,0,0,"- ","- ",34.135410308837891,-118.23587036132812,"LOS ANGELES",GLENDALE,-118.23542022705078,34.135646820068359
82229628,2023,2023-11-07,1925,2023-10-23,1218,28595,138,1,5,6,1925,0,0,0,,0,004,"VERDUGO ROAD","WABASSO WAY",0.00,,Y,A,-,N,,,,,,,,,,Y,3,0,2,2,A,-,09,21801,A,N,A,C,A,A,H,-,A,A,0,,,,,Y,,A,07,0,2,0,0,0,0,0,0,0,"- ","- ",34.178440093994141,-118.22554779052734,"LOS ANGELES",GLENDALE,-118.22557067871094,34.178417205810547
82229629,2023,2023-11-07,1925,2023-10-24,1710,28595,195,2,5,6,1925,0,0,0,,0,001,"GLENOAKS BOULEVARD","THOMPSON AVENUE",90.00,E,N,A,-,N,,,,,,,,,,N,4,0,1,4,A,-,03,22350,,N,C,C,A,A,H,-,A,A,0,,,,,Y,,A,07,0,0,1,0,0,0,0,0,0,"- ","- ",,,"LOS ANGELES",GLENDALE,-118.29145812988281,34.172298431396484
82229630,2023,2023-11-07,1925,2023-10-25,1748,21092,214,3,5,6,1925,0,0,0,,0,001,"ARDEN AVENUE","PACIFIC AVENUE (S)",147.00,W,N,A,-,N,,,,,,,,,,N,4,0,1,2,A,-,00,10,,N,A,G,A,A,H,-,A,D,0,,Y,,,Y,,L,04,0,0,1,0,0,0,1,0,0,"- ","- ",,,"LOS ANGELES",GLENDALE,-118.26454162597656,34.158260345458984
82229631,2023,2023-11-07,1925,2023-10-26,1647,28043,145,4,5,6,1925,0,0,0,,0,004,"ROYAL BOULEVARD","ALAMO DRIVE",30.00,S,N,A,-,N,,,,,,,,,,N,2,0,1,1,A,-,03,22350,,N,F,A,A,A,H,-,A,D,0,,,Y,,Y,,C,02,1,0,0,0,0,0,0,0,1,"- ","- ",34.167659759521484,-118.23445892333984,"LOS ANGELES",GLENDALE,-118.23445892333984,34.167728424072266
82233442,2023,2023-11-13,1925,2023-10-25,1225,21092,286,3,5,6,1925,0,0,0,,0,003,"BRAND BOULEVARD","LAUREL STREET",0.00,,Y,A,B,N,,,,,,,,,,N,4,0,1,2,A,-,09,21801,A,M,B,C,A,A,H,-,A,A,0,,,,,Y,,A,01,0,0,1,0,0,0,0,0,0,"- ","- ",,,"LOS ANGELES",GLENDALE,-118.25495910644531,34.127586364746094
82233445,2023,2023-11-13,1925,2023-10-30,2315,28134,283,1,5,6,1925,0,0,0,,0,003,"1224 GLENDALE AVE","CYPRESS STREET (N)",440.00,N,N,A,-,N,,,,,,,,,,N,3,0,1,2,A,-,00,10,,F,D,C,A,A,H,-,C,D,0,,,Y,,Y,Y,-,"- ",0,1,0,0,0,0,0,0,1,"- ","- ",34.130088806152344,-118.25253295898438,"LOS ANGELES",GLENDALE,-118.25238037109375,34.131004333496094
82233644,2023,2023-11-13,1925,2023-10-25,"830 ",26161,163,3,5,6,1925,0,0,0,,0,004,"GLENOAKS BOULEVARD","VERDUGO ROAD",136.00,E,N,C,-,N,,,,,,,,,,N,4,0,1,2,A,-,17,21235,G,N,D,C,A,B,H,-,A,D,0,,,Y,,Y,,C,03,0,0,1,0,0,0,0,0,1,"- ","- ",34.157741546630859,-118.237060546875,"LOS ANGELES",GLENDALE,-118.23663330078125,34.157695770263672
82233647,2023,2023-11-13,1925,2023-10-29,2103,29009,,7,5,6,1925,0,0,0,,0,,"GLENDALE AVENUE","DORAN STREET",458.00,N,N,A,-,N,,,,,,,,,,N,4,0,1,2,A,-,08,22107,,N,C,C,A,A,H,-,C,A,0,,,,,Y,,A,01,0,0,1,0,0,0,0,0,0,"- ","- ",34.153388977050781,-118.24365234375,"LOS ANGELES",GLENDALE,-118.24295043945312,34.154647827148438
82233652,2023,2023-11-13,1925,2023-10-31,2017,28922,234,2,5,6,1925,0,0,0,,0,004,"PIEDMONT AVENUE","LEXINGTON DRIVE",190.00,N,N,A,-,N,,,,,,,,,,N,3,0,1,2,A,-,03,22350,,F,G,B,D,A,H,-,D,D,0,Y,,,,Y,,A,07,0,1,0,0,1,0,0,0,0,"- ","- ",34.151748657226562,-118.24073028564453,"LOS ANGELES",GLENDALE,-118.24081420898438,34.152275085449219
82233843,2023,2023-11-13,1925,2023-10-27,1635,28644,,5,5,6,1925,0,0,0,,0,,"VERDUGO BOULEVARD","PARK PLACE",0.00,,Y,A,-,N,,,,,,,,,,N,3,0,1,2,A,-,12,21453,A,N,D,C,A,A,H,-,A,A,0,,,,,Y,,A,01,0,1,0,0,0,0,0,0,0,"- ","- ",34.204761505126953,-118.22319793701172,"LOS ANGELES",GLENDALE,-118.22318267822266,34.204753875732422
82235228,2023,2023-11-14,1925,2023-11-02,1318,29635,226,4,5,6,1925,0,0,0,,0,002,"WILSON AVENUE","ORANGE STREET",7.00,E,N,A,-,N,,,,,,,,,,N,3,0,1,2,A,-,10,21950,A,N,G,B,B,A,H,-,A,A,0,Y,,,,Y,,A,01,0,1,0,0,1,0,0,0,0,"- ","- ",34.148090362548828,-118.25639343261719,"LOS ANGELES",GLENDALE,-118.25642395019531,34.148117065429688
82238586,2023,2023-11-17,1925,2023-11-03,1347,21995,211,5,5,6,1925,0,0,0,,0,001,"VICTORY BOULEVARD","JUSTIN AVE",0.00,,Y,A,-,N,,,,,,,,,,Y,4,0,1,2,A,-,09,21802,A,M,D,C,A,A,H,-,A,D,0,,,,,Y,,A,01,0,0,1,0,0,0,0,0,0,"- ","- ",,,"LOS ANGELES",GLENDALE,-118.29839324951172,34.159843444824219
82239744,2023,2023-11-20,1925,2023-10-30,1843,28418,269,1,5,6,1925,0,0,0,,0,002,"BRAND BOULEVARD","COLORADO STREET",0.00,,Y,A,-,N,,,,,,,,,,Y,2,0,2,3,A,-,09,21801,A,N,A,C,B,A,H,-,C,A,0,Y,,Y,,Y,,A,01,2,0,0,0,1,0,0,0,1,"- ","- ",34.142589569091797,-118.25498199462891,"LOS ANGELES",GLENDALE,-118.25492858886719,34.142570495605469
82239746,2023,2023-11-20,1925,2023-11-06,1456,28595,212,1,5,6,1925,0,0,0,,0,001,"GLENOAKS BOULEVARD","PELANCONI AVENUE",0.00,,Y,A,-,N,,,,,,,,,,N,3,0,3,2,A,-,03,22350,,N,E,I,F,A,H,-,A,A,0,Y,,,,Y,,A,01,0,2,1,0,1,0,0,0,0,"- ","- ",34.161659240722656,-118.27664184570312,"LOS ANGELES",GLENDALE,-118.27675628662109,34.161685943603516
82240164,2023,2023-11-20,1925,2023-11-01,1822,21092,239,3,5,6,1925,0,0,0,,0,004,"VERDUGO ROAD","WILSON AVENUE",40.00,N,N,A,-,N,,,,,,,,,,Y,3,0,2,2,A,-,01,23152,A,N,C,C,A,A,H,-,C,A,0,,,,,Y,Y,A,01,0,2,0,0,0,0,0,0,0,"- ","- ",,,"LOS ANGELES",GLENDALE,-118.23558807373047,34.148166656494141
82240167,2023,2023-11-20,1925,2023-11-03,1340,28644,216,5,5,6,1925,0,0,0,,0,002,"PACIFIC AVENUE","PIONEER DRIVE (N)",129.00,N,N,A,-,Y,,,,,,,,,,N,4,0,1,2,A,-,03,22350,,N,C,C,A,A,H,-,A,A,0,,,,,Y,,A,01,0,0,1,0,0,0,0,0,0,"- ","- ",34.155220031738281,-118.26455688476562,"LOS ANGELES",GLENDALE,-118.26461029052734,34.155193328857422
82240168,2023,2023-11-20,1925,2023-11-06,1920,28942,,1,5,6,1925,0,0,0,,0,002,"BRAND BOULEVARD","CHEVY CHASE DRIVE",0.00,,Y,A,-,N,,,,,,,,,,N,4,0,2,2,A,-,03,22350,,F,C,C,A,A,H,-,C,A,0,,,,,Y,,-,99,0,0,2,0,0,0,0,0,0,"- ","- ",34.133541107177734,-118.25492858886719,"LOS ANGELES",GLENDALE,-118.25486755371094,34.133506774902344
82240170,2023,2023-11-20,1925,2023-11-08,1556,21092,229,3,5,6,1925,0,0,0,,0,004,"VERDUGO ROAD","GLENOAKS BOULEVARD",0.00,,Y,A,-,N,,,,,,,,,,Y,4,0,1,2,A,-,09,21801,A,N,A,C,A,A,H,-,A,A,0,,,,,Y,,A,01,0,0,1,0,0,0,0,0,0,"- ","- ",,,"LOS ANGELES",GLENDALE,-118.23708343505859,34.157737731933594
82240171,2023,2023-11-20,1925,2023-11-08,1206,28644,,3,5,6,1925,0,0,0,,0,001,"ARDEN AVENUE","CENTRAL AVENUE",41.00,W,N,A,-,N,,,,,,,,,,N,3,0,1,2,A,-,08,22107,,N,G,B,F,A,H,-,A,D,0,Y,,,,Y,,D,23,0,1,0,0,1,0,0,0,0,"- ","- ",34.158378601074219,-118.25797271728516,"LOS ANGELES",GLENDALE,-118.25818634033203,34.158500671386719
82243706,2023,2023-11-24,1925,2023-11-04,1715,28644,178,6,5,6,1925,0,0,0,,0,001,"GRANDVIEW AVENUE","CUMBERLAND ROAD",0.00,,Y,A,-,N,,,,,,,,,,Y,3,0,1,2,A,-,09,21802,A,N,D,C,A,A,H,-,A,A,0,,,,,Y,,A,07,0,1,0,0,0,0,0,0,0,"- ","- ",34.175968170166016,-118.27819061279297,"LOS ANGELES",GLENDALE,-118.27819061279297,34.175952911376953
82243709,2023,2023-11-24,1925,2023-11-06,1738,21055,235,1,5,6,1925,0,0,0,,0,004,"BRAND BOULEVARD",BROADWAY,180.00,N,N,A,-,N,,,,,,,,,,Y,2,0,1,3,A,-,06,21755,A,N,D,C,A,A,H,-,B,D,0,,,Y,,Y,,C,02,1,0,0,0,0,0,0,0,1,"- ","- ",,,"LOS ANGELES",GLENDALE,,
82243710,2023,2023-11-24,1925,2023-11-06,1756,28922,271,1,5,6,1925,0,0,0,,0,002,"SAN FERNANDO ROAD","WINDSOR ROAD",60.00,S,N,A,-,N,,,,,,,,,,Y,3,0,1,4,A,-,08,22107,,N,C,E,A,A,H,-,C,D,0,,,,,Y,,A,01,0,1,0,0,0,0,0,0,0,"- ","- ",34.136348724365234,-118.26400756835938,"LOS ANGELES",GLENDALE,-118.26398468017578,34.1363525390625
82244726,2023,2023-11-27,1925,2023-11-13,"800 ",28922,233,1,5,6,1925,0,0,0,,0,004,"GLENDALE AVENUE","134 FWY E/B OFFRAMP",0.00,,Y,A,-,N,,,,,,,,,,N,4,0,1,2,A,-,10,21950,A,M,A,B,B,A,H,-,A,A,0,Y,,,,Y,Y,A,01,0,0,1,0,1,0,0,0,0,"- ","- ",,,"LOS ANGELES",GLENDALE,,
82244727,2023,2023-11-27,1925,2023-11-13,1451,28922,157,1,5,6,1925,0,0,0,,0,004,"WILSON TERRACE","VALLEJO DRIVE",345.00,W,N,A,-,N,,,,,,,,,,Y,4,0,1,1,B,-,22,,,N,A,I,A,A,H,-,A,D,0,,,,,Y,,A,07,0,0,1,0,0,0,0,0,0,"- ","- ",34.148761749267578,-118.22927093505859,"LOS ANGELES",GLENDALE,-118.23040008544922,34.149169921875
82244730,2023,2023-11-27,1925,2023-11-14,"42  ",25307,282,2,5,6,1925,0,0,0,,0,003,"BRAND BOULEVARD","LOS FELIZ ROAD",0.00,,Y,A,-,N,,,,,,,,,,Y,3,0,3,2,A,-,12,21453,A,N,A,C,A,A,H,-,C,A,0,,,,,Y,,-,"- ",0,1,2,0,0,0,0,0,0,"- ","- ",,,"LOS ANGELES",GLENDALE,-118.25496673583984,34.128692626953125
82248600,2023,2023-12-04,1925,2023-11-15,1513,20871,210,3,5,6,1925,0,0,0,,0,001,"ALLEN AVENUE","RIVERSIDE DRIVE",485.00,N,N,B,C,N,,,,,,,,,,N,3,0,1,2,A,-,11,21954,A,N,G,B,E,B,H,-,A,D,0,Y,,,,Y,,N,60,0,1,0,0,1,0,0,0,0,"- ","- ",34.161640167236328,-118.30648803710938,"LOS ANGELES",GLENDALE,-118.30545806884766,34.162651062011719
82250532,2023,2023-12-04,1925,2023-11-07,2338,27926,,2,5,6,1925,0,0,0,,0,002,"CHEVY CHASE DRIVE","CENTRAL AVENUE",0.00,,Y,A,-,N,,,,,,,,,,Y,4,0,1,2,A,-,12,21453,A,N,D,C,A,A,H,-,C,A,0,,,,,Y,,A,01,0,0,1,0,0,0,0,0,0,"- ","- ",34.133541107177734,-118.25782775878906,"LOS ANGELES",GLENDALE,-118.25782775878906,34.133506774902344
82250534,2023,2023-12-04,1925,2023-11-15,1827,21092,137,3,5,6,1925,0,0,0,,0,005,"VERDUGO ROAD","GLORIETTA AVENUE",446.00,S,N,C,-,N,,,,,,,,,,Y,3,0,1,2,A,-,03,22350,,N,A,C,A,B,H,-,C,D,0,,,,,Y,,A,01,0,1,0,0,0,0,0,0,0,"- ","- ",,,"LOS ANGELES",GLENDALE,-118.22642517089844,34.186382293701172
82250537,2023,2023-12-04,1925,2023-11-17,1345,28644,,5,5,6,1925,0,0,0,,0,002,"LEXINGTON DRIVE","ORANGE STREET",35.00,W,N,A,-,N,,,,,,,,,,N,3,0,1,2,A,-,11,21955,,N,G,B,D,A,H,-,A,A,0,Y,,,,Y,,N,60,0,1,0,0,1,0,0,0,0,"- ","- ",34.151710510253906,-118.25639343261719,"LOS ANGELES",GLENDALE,-118.25652313232422,34.151737213134766
82250538,2023,2023-12-04,1925,2023-11-17,1512,28644,,5,5,6,1925,0,0,0,,0,004,"JACKSON STREET","CALIFORNIA AVENUE",323.00,N,N,A,-,N,,,,,,,,,,Y,3,0,1,2,A,-,03,22350,,N,B,E,A,A,H,-,A,A,0,,,,,Y,,A,01,0,1,0,0,0,0,0,0,0,"- ","- ",34.149829864501953,-118.25012969970703,"LOS ANGELES",GLENDALE,-118.25013732910156,34.150844573974609
82250544,2023,2023-12-04,1925,2023-11-21,1021,28922,237,2,5,6,1925,0,0,0,,0,004,"LEXINGTON DRIVE","JACKSON STREET",170.00,E,N,A,-,N,,,,,,,,,,N,4,0,1,2,A,-,09,21804,A,N,D,C,A,A,H,-,A,D,0,,,,,Y,,A,01,0,0,1,0,0,0,0,0,0,"- ","- ",34.151798248291016,-118.25010681152344,"LOS ANGELES",GLENDALE,-118.24957275390625,34.151798248291016
82250545,2023,2023-12-04,1925,2023-11-21,1321,21092,156,2,5,6,1925,0,0,0,,0,004,"HARVEY DRIVE","WILSON TERRACE",0.00,,Y,A,-,N,,,,,,,,,,N,3,0,1,2,A,-,10,21950,A,N,G,B,B,A,H,-,A,A,0,Y,,,,Y,,A,07,0,1,0,0,1,0,0,0,0,"- ","- ",,,"LOS ANGELES",GLENDALE,-118.22792053222656,34.148872375488281
82251390,2023,2023-12-04,1925,2023-11-15,2320,29635,254,3,5,6,1925,0,0,0,,0,003,"GLENDALE AVENUE","COLORADO STREET",95.00,S,N,C,-,N,,,,,,,,,,Y,4,0,1,2,A,-,08,22107,,N,D,C,A,B,H,-,C,A,0,,,,,Y,,A,01,0,0,1,0,0,0,0,0,0,"- ","- ",,,"LOS ANGELES",GLENDALE,-118.24941253662109,34.142429351806641
82251392,2023,2023-12-04,1925,2023-11-19,1852,27016,157,7,5,6,1925,0,0,0,,0,004,"HARVEY DRIVE","WILSON TERRACE",0.00,,Y,A,-,N,,,,,,,,,,N,4,0,1,2,A,-,08,22107,,M,B,C,A,A,H,-,C,A,0,,,,,Y,,A,01,0,0,1,0,0,0,0,0,0,"- ","- ",34.148651123046875,-118.22799682617188,"LOS ANGELES",GLENDALE,-118.22792053222656,34.148872375488281
82251398,2023,2023-12-04,1925,2023-11-23,"730 ",21092,284,4,5,6,1925,0,0,0,,0,003,"CHEVY CHASE DRIVE","LA BOICE",722.00,W,N,B,-,N,,,,,,,,,,Y,3,0,1,2,A,-,09,21804,A,N,D,C,A,A,H,-,A,D,0,,,,,Y,,A,01,0,1,0,0,0,0,0,0,0,"- ","- ",34.133670806884766,-118.24392700195312,"LOS ANGELES",GLENDALE,-118.24620056152344,34.133800506591797
82252581,2023,2023-12-05,1925,2023-11-22,1618,28525,191,3,5,6,1925,0,0,0,,0,001,"THOMPSON AVENUE","GLENOAKS BOULEVARD",0.00,,Y,A,-,N,,,,,,,,,,N,3,0,2,2,A,-,03,22350,,M,C,C,A,A,H,-,A,D,0,,,,,Y,,A,01,0,1,1,0,0,0,0,0,0,"- ","- ",34.172531127929688,-118.29158020019531,"LOS ANGELES",GLENDALE,-118.29167938232422,34.172458648681641
82256879,2023,2023-12-08,1925,2023-11-26,2245,28942,,7,5,6,1925,0,0,0,,0,002,"PACIFIC AVENUE","SALEM STREET",0.00,,Y,A,-,N,,,,,,,,,,Y,4,0,2,2,A,-,12,22450,A,N,D,C,A,A,H,-,C,A,0,,,,,Y,,A,07,0,0,2,0,0,0,0,0,0,"- ","- ",34.148910522460938,-118.2645263671875,"LOS ANGELES",GLENDALE,-118.26451873779297,34.148906707763672
82258214,2023,2023-12-11,1925,2023-11-28,"413 ",25630,,2,5,6,1925,0,0,0,,0,002,"SAN FERNANDO ROAD","LOS FELIZ ROAD",0.00,,Y,A,-,N,,,,,,,,,,N,4,0,2,2,A,-,12,21453,A,F,D,C,A,A,H,-,C,A,0,,,,,Y,Y,A,01,0,0,2,0,0,0,0,0,0,"- ","- ",,,"LOS ANGELES",GLENDALE,-118.25923919677734,34.128334045410156
82258216,2023,2023-12-11,1925,2023-11-29,1159,29229,155,3,5,6,1925,0,0,0,,0,004,"2941 E GLENOAKS BLVD","COUTIN LN",2816.00,E,N,A,-,N,,,,,,,,,,N,4,0,1,1,A,-,08,22107,,N,E,J,A,A,H,-,A,D,0,,,Y,,Y,,C,02,0,0,1,0,0,0,0,0,1,"- ","- ",,,"LOS ANGELES",GLENDALE,-118.20662689208984,34.156581878662109
82259430,2023,2023-12-12,1925,2023-11-23,1900,25649,142,4,5,6,1925,0,0,0,,0,001,"1433 DWIGHT DR","NOT STATED",0.00,,-,C,-,N,,,,,,,,,,Y,4,0,2,2,A,-,03,22350,,N,A,C,A,D,H,-,C,D,0,,,,,Y,,-,99,0,0,2,0,0,0,0,0,0,"- ","- ",,,"LOS ANGELES",GLENDALE,-118.253207,34.167717000000003
82259432,2023,2023-12-12,1925,2023-11-27,1738,28418,246,1,5,6,1925,0,0,0,,0,003,"ADAMS STREET","WINDSOR ROAD",0.00,,Y,A,-,N,,,,,,,,,,N,4,0,1,2,A,-,09,21802,A,N,D,C,A,A,H,-,C,D,0,,,,,Y,,A,01,0,0,1,0,0,0,0,0,0,"- ","- ",34.137130737304688,-118.24176025390625,"LOS ANGELES",GLENDALE,-118.24179077148438,34.137142181396484
82259434,2023,2023-12-12,1925,2023-11-30,"827 ",28644,,4,5,6,1925,0,0,0,,0,004,"CHEVY CHASE DRIVE","GLENOAKS BOULEVARD",102.00,S,N,A,-,N,,,,,,,,,,N,3,0,1,1,A,-,08,22107,,N,E,I,A,A,H,-,A,A,0,,,,,Y,,A,01,0,1,0,0,0,0,0,0,0,"- ","- ",34.153301239013672,-118.22910308837891,"LOS ANGELES",GLENDALE,-118.22940826416016,34.153366088867188
82259435,2023,2023-12-12,1925,2023-11-30,1039,28644,227,4,5,6,1925,0,0,0,,0,002,"PACIFIC AVENUE","134 FREEWAY OFF RAMP",0.00,,Y,A,-,Y,,,,,,,,,,N,3,0,1,2,D,-,00,,,N,G,B,B,A,H,-,A,A,0,Y,,,,Y,,-,"- ",0,1,0,0,1,0,0,0,0,"- ","- ",,,"LOS ANGELES",GLENDALE,-118.26437,34.156576000000001
82262798,2023,2023-12-15,1925,2023-12-03,1447,29405,280,7,5,6,1925,0,0,0,,0,003,"RALEIGH STREET","GRANADA STREET",11.00,E,N,A,-,N,,,,,,,,,,N,4,0,3,2,A,-,09,21802,A,N,B,C,A,A,H,-,A,D,0,,,,,Y,,A,01,0,0,3,0,0,0,0,0,0,"- ","- ",34.138111114501953,-118.24833679199219,"LOS ANGELES",GLENDALE,-118.24833679199219,34.138099670410156
82263823,2023,2023-12-18,1925,2023-12-02,"812 ",28644,,6,5,6,1925,0,0,0,,0,002,"COLORADO STREET","GALLERIA WAY",0.00,,Y,A,-,N,,,,,,,,,,N,3,0,1,2,A,-,10,21950,A,N,G,B,B,A,H,-,A,A,0,Y,,,,Y,,A,07,0,1,0,0,1,0,0,0,0,"- ","- ",34.142559051513672,-118.25920104980469,"LOS ANGELES",GLENDALE,-118.25917053222656,34.142551422119141
82264106,2023,2023-12-18,1925,2023-12-05,1400,28595,197,2,5,6,1925,0,0,0,,0,001,"GRANDVIEW AVENUE","ZOOK DRIVE",0.00,,Y,A,-,N,,,,,,,,,,Y,3,0,1,2,A,-,09,21802,A,N,D,C,A,A,H,-,A,A,0,,,,,Y,,A,01,0,1,0,0,0,0,0,0,0,"- ","- ",34.162311553955078,-118.28218078613281,"LOS ANGELES",GLENDALE,-118.28206634521484,34.1622314453125
82264108,2023,2023-12-18,1925,2023-12-06,"816 ",27629,239,3,5,6,1925,0,0,0,,0,004,"VERDUGO ROAD","CALIFORNIA AVENUE (N)",60.00,N,N,A,-,N,,,,,,,,,,N,3,0,1,2,A,-,03,22350,,M,C,G,A,A,H,-,A,D,0,,Y,,,Y,,L,04,0,1,0,0,0,0,1,0,0,"- ","- ",34.150379180908203,-118.23622131347656,"LOS ANGELES",GLENDALE,-118.23624420166016,34.150531768798828
82264305,2023,2023-12-18,1925,2023-12-02,1100,28644,,6,5,6,1925,0,0,0,,0,002,"BRAND BOULEVARD","CALIFORNIA AVENUE",63.00,S,N,A,-,N,,,,,,,,,,Y,4,0,3,2,A,-,03,22350,,N,C,C,A,A,H,-,A,A,0,,,,,Y,,A,01,0,0,3,0,0,0,0,0,0,"- ","- ",34.149929046630859,-118.25502014160156,"LOS ANGELES",GLENDALE,-118.25508117675781,34.149726867675781
82264310,2023,2023-12-18,1925,2023-12-07,"700 ",28644,,4,5,6,1925,0,0,0,,0,005,"HONOLULU AVENUE","HONOLULU PLACE",0.00,,Y,A,-,N,,,,,,,,,,N,3,0,1,2,A,-,09,21801,A,N,D,C,A,A,H,-,A,A,0,,,,,Y,,A,01,0,1,0,0,0,0,0,0,0,"- ","- ",34.221248626708984,-118.24993896484375,"LOS ANGELES",GLENDALE,-118.25001525878906,34.2213134765625
82265494,2023,2023-12-19,1925,2023-12-01,1002,26161,220,5,5,6,1925,0,0,0,,0,002,"CENTRAL AVENUE","GOODE AVENUE",5.00,N,N,A,-,N,,,,,,,,,,N,3,0,1,2,A,-,03,22350,,N,C,G,A,A,H,-,A,A,0,,Y,,,Y,,L,04,0,1,0,0,0,0,1,0,0,"- ","- ",,,"LOS ANGELES",GLENDALE,-118.25798034667969,34.156764984130859
82265495,2023,2023-12-19,1925,2023-12-07,1530,28644,,4,5,6,1925,0,0,0,,0,001,"KENNETH ROAD","ALLEN AVENUE",0.00,,Y,A,-,N,,,,,,,,,,N,3,0,4,2,A,-,12,22450,A,F,D,C,A,A,H,-,A,A,0,,,,,Y,,A,07,0,1,3,0,0,0,0,0,0,"- ","- ",34.178581237792969,-118.28868865966797,"LOS ANGELES",GLENDALE,-118.28865051269531,34.178581237792969
82266815,2023,2023-12-20,1925,2023-12-08,"14  ",29635,280,5,5,6,1925,0,0,0,,0,003,"CHEVY CHASE DRIVE","BOYNTON STREET",0.00,,Y,A,-,N,,,,,,,,,,N,3,0,1,2,A,-,10,21950,A,N,G,B,B,A,H,-,C,A,0,Y,,,,Y,,A,01,0,1,0,0,1,0,0,0,0,"- ","- ",34.133678436279297,-118.24906158447266,"LOS ANGELES",GLENDALE,-118.24907684326172,34.133670806884766
82270122,2023,2023-12-25,1925,2023-12-11,"959 ",27629,188,1,5,6,1925,0,0,0,,0,001,"GLENWOOD AVENUE","JUSTIN AVE",41.00,S,N,B,-,N,,,,,,,,,,N,4,0,1,2,A,-,09,21802,A,N,B,C,A,B,H,-,A,D,0,,,,,Y,,D,22,0,0,1,0,0,0,0,0,0,"- ","- ",,,"LOS ANGELES",GLENDALE,-118.28520965576172,34.171943664550781
82270296,2023,2023-12-25,1925,2023-12-11,1522,28418,119,1,5,6,1925,0,0,0,,0,005,"PENNSYLVANIA AVENUE","HONOLULU AVENUE (S)",0.00,,Y,A,-,N,,,,,,,,,,Y,4,0,2,2,D,-,00,,,N,D,C,A,A,H,-,A,A,0,,,,,Y,,-,"- ",0,0,2,0,0,0,0,0,0,"- ","- ",34.217071533203125,-118.24867248535156,"LOS ANGELES",GLENDALE,-118.24875640869141,34.220493316650391
82271808,2023,2023-12-28,1925,2023-12-15,"714 ",29788,220,5,5,6,1925,0,0,0,,0,001,"N CENTRAL AVENUE","GOODE AVENUE",0.00,,Y,A,-,Y,,,,,,,,,,Y,4,0,2,2,A,-,12,21453,A,N,D,C,A,A,H,-,A,A,0,,,,,Y,,A,01,0,0,2,0,0,0,0,0,0,"- ","- ",,,"LOS ANGELES",GLENDALE,-118.25798034667969,34.156745910644531
82273262,2023,2023-12-28,1925,2023-12-17,1201,24111,195,7,5,6,1925,0,0,0,,0,001,"GLENOAKS BOULEVARD","ALLEN AVENUE",0.00,,Y,A,-,N,,,,,,,,,,Y,3,0,2,3,A,-,12,21453,A,N,D,C,A,A,H,-,A,A,0,,,,,Y,,A,01,0,2,0,0,0,0,0,0,0,"- ","- ",34.173931121826172,-118.29355621337891,"LOS ANGELES",GLENDALE,-118.29360198974609,34.173862457275391
82275973,2023,2024-01-01,1925,2023-11-22,"815 ",21092,236,3,5,6,1925,0,0,0,,0,004,"LOUISE STREET","LEXINGTON DRIVE",0.00,,Y,A,-,N,,,,,,,,,,N,3,0,1,2,A,-,12,22450,A,N,D,C,A,A,H,-,A,A,0,,,,,Y,,-,"- ",0,1,0,0,0,0,0,0,0,"- ","- ",,,"LOS ANGELES",GLENDALE,-118.25266265869141,34.151767730712891
82275974,2023,2024-01-01,1925,2023-12-08,"810 ",26161,138,5,5,6,1925,0,0,0,,0,005,"CANADA BOULEVARD","FERNBROOK PLACE",130.00,N,N,A,-,N,,,,,,,,,,Y,4,0,1,2,A,-,08,22107,,N,B,E,A,A,H,-,A,D,0,,,,,Y,,A,01,0,0,1,0,0,0,0,0,0,"- ","- ",,,"LOS ANGELES",GLENDALE,-118.22898101806641,34.175636291503906
82275976,2023,2024-01-01,1925,2023-12-12,1013,21055,204,2,5,6,1925,0,0,0,,0,001,"SAN FERNANDO ROAD","GRANDVIEW AVENUE",536.00,S,N,A,-,N,,,,,,,,,,Y,4,0,1,2,A,-,01,23152,F,N,A,C,A,A,H,-,A,D,0,,,,,Y,Y,A,01,0,0,1,0,0,0,0,0,0,"- ","- ",34.161750793457031,-118.28250122070312,"LOS ANGELES",GLENDALE,-118.2813720703125,34.160655975341797
82275981,2023,2024-01-01,1925,2023-12-20,1714,28595,162,3,5,6,1925,0,0,0,,0,004,"MOUNTAIN STREET","ISABEL STREET",85.00,E,N,B,-,N,,,,,,,,,,N,4,0,1,2,A,-,01,23152,F,N,C,E,A,B,H,-,C,D,0,,,,,Y,,D,22,0,0,1,0,0,0,0,0,0,"- ","- ",34.165660858154297,-118.24797821044922,"LOS ANGELES",GLENDALE,-118.24777221679688,34.165622711181641
82275982,2023,2024-01-01,1925,2023-12-20,1849,29788,251,3,5,6,1925,0,0,0,,0,003,"GLENDALE AVENUE","COLORADO STREET",0.00,,Y,C,-,N,,,,,,,,,,Y,3,0,2,2,A,-,08,22107,,N,D,C,A,B,H,-,C,A,0,,,,,Y,,A,01,0,1,1,0,0,0,0,0,0,"- ","- ",34.142650604248047,-118.24932098388672,"LOS ANGELES",GLENDALE,-118.24927520751953,34.142662048339844
82275983,2023,2024-01-01,1925,2023-12-21,"25  ",25307,142,4,5,6,1925,0,0,0,,0,004,"STARVALE ROAD","CIELITO DRIVE",0.00,,Y,C,-,N,,,,,,,,,,Y,4,0,1,1,A,-,03,22350,,N,E,I,A,B,H,-,C,D,0,,,,,Y,,A,01,0,0,1,0,0,0,0,0,0,"- ","- ",,,"LOS ANGELES",GLENDALE,-118.2493896484375,34.173450469970703
82280042,2023,2024-01-05,1925,2023-12-09,1120,29270,0267,6,5,6,1925,0,0,0,,0,002,"COLORADO STREET","COLUMBUS AVENUE",100.00,W,N,A,-,N,,,,,,,,,,Y,4,0,2,3,A,-,08,22107,,N,B,D,A,A,H,-,A,D,0,,,,,Y,,A,01,0,0,2,0,0,0,0,0,0,"- ","- ",34.142551422119141,-118.26087951660156,"LOS ANGELES",GLENDALE,-118.26123046875,34.142520904541016
82280043,2023,2024-01-05,1925,2023-12-23,2143,30135,,6,5,6,1925,0,0,0,,0,,"MAPLE STREET","GRANADA STREET",300.00,W,N,-,-,N,,,,,,,,,,Y,3,0,1,3,A,-,01,23152,A,N,C,E,A,A,H,-,C,D,0,,,,,Y,Y,A,01,0,1,0,0,0,0,0,0,0,"- ","- ",34.138900756835938,-118.24839782714844,"LOS ANGELES",GLENDALE,-118.24935150146484,34.138996124267578
82280849,2023,2024-01-08,1925,2023-12-18,1934,22783,220,1,5,6,1925,0,0,0,,0,001,"CENTRAL AVENUE","ARDEN AVENUE",0.00,,Y,A,-,N,,,,,,,,,,Y,3,0,1,2,A,-,12,21453,A,N,D,C,A,A,H,-,C,A,0,,,,,Y,,A,01,0,1,0,0,0,0,0,0,0,"- ","- ",34.158481597900391,-118.25798034667969,"LOS ANGELES",GLENDALE,-118.25804901123047,34.158500671386719
82280850,2023,2024-01-08,1925,2023-12-20,1248,26161,281,3,5,6,1925,0,0,0,,0,003,"ADAMS STREET","WINDSOR ROAD",50.00,S,N,C,-,N,,,,,,,,,,N,4,0,1,2,A,-,03,22350,,N,G,B,F,B,H,-,A,D,0,Y,,,,Y,,N,60,0,0,1,0,1,0,0,0,0,"- ","- ",34.137130737304688,-118.24176025390625,"LOS ANGELES",GLENDALE,-118.24178314208984,34.137001037597656
82281077,2023,2024-01-08,1925,2023-12-26,1133,21092,144,2,5,6,1925,0,0,0,,0,004,"MELWOOD DRIVE","CIELITO DRIVE",44.00,N,N,B,-,N,,,,,,,,,,Y,3,0,3,2,A,-,08,22107,,N,B,C,A,A,H,-,A,A,0,,,,,Y,,A,01,0,2,1,0,0,0,0,0,0,"- ","- ",34.170619964599609,-118.24871826171875,"LOS ANGELES",GLENDALE,-118.24877166748047,34.170780181884766
82281078,2023,2024-01-08,1925,2023-12-26,1138,28595,214,2,5,6,1925,0,0,0,,0,001,"PATTERSON AVENUE","KENILWORTH AVENUE",310.00,W,N,A,-,N,,,,,,,,,,N,4,0,2,2,A,-,09,21804,A,N,D,C,A,A,H,-,A,D,0,,,,,Y,,A,01,0,0,2,0,0,0,0,0,0,"- ","- ",34.156459808349609,-118.26670837402344,"LOS ANGELES",GLENDALE,-118.26778411865234,34.156448364257812
82281079,2023,2024-01-08,1925,2023-12-26,1226,28595,214,2,5,6,1925,0,0,0,,0,001,"GLENOAKS BOULEVARD","PACIFIC AVENUE",60.00,E,N,A,-,N,,,,,,,,,,Y,3,0,2,4,A,-,03,22350,,N,C,C,A,A,H,-,A,A,0,,,,,Y,,A,07,0,1,1,0,0,0,0,0,0,"- ","- ",34.159450531005859,-118.26409149169922,"LOS ANGELES",GLENDALE,-118.26402282714844,34.159881591796875
82283467,2023,2024-01-10,1925,2023-12-16,"724 ",29572,148,6,5,6,1925,0,0,0,,0,004,"VERDUGO ROAD","JUNE LANE",27.00,N,N,A,-,N,,,,,,,,,,Y,3,0,1,2,A,-,08,22107,,N,B,E,A,A,H,-,A,D,0,,,,,Y,,A,01,0,1,0,0,0,0,0,0,0,"- ","- ",34.180999755859375,-118.22557067871094,"LOS ANGELES",GLENDALE,-118.22568511962891,34.181171417236328
82285623,2023,2024-01-12,1925,2023-12-31,2230,29008,,7,5,6,1925,0,0,0,,0,005,"1609 WABASSO WAY",BONITA,190.00,W,N,A,-,N,,,,,,,,,,N,3,0,1,2,A,-,21,22106,,N,G,B,E,A,H,-,C,A,0,Y,,,,Y,,A,07,0,1,0,0,1,0,0,0,0,"- ","- ",,,"LOS ANGELES",GLENDALE,-118.23242950439453,34.178474426269531
82286512,2023,2024-01-15,1925,2023-12-25,1250,27016,,1,5,6,1925,0,0,0,,0,003,"VERDUGO ROAD","ROCK GLEN AVENUE",0.00,,Y,A,-,N,,,,,,,,,,N,3,0,1,1,A,-,03,22350,,N,H,A,A,A,H,-,A,A,0,,,Y,,Y,,C,03,0,1,0,0,0,0,0,0,1,"- ","- ",,,"LOS ANGELES",GLENDALE,-118.23359680175781,34.140239715576172
82286515,2023,2024-01-15,1925,2023-12-28,2053,29788,,4,5,6,1925,0,0,0,,0,002,"PIONEER DRIVE","PACIFIC AVENUE (N)",0.00,,Y,A,-,N,,,,,,,,,,N,4,0,3,2,A,-,03,22350,,M,C,C,A,A,H,-,C,A,0,,,,,Y,,A,01,0,0,3,0,0,0,0,0,0,"- ","- ",,,"LOS ANGELES",GLENDALE,-118.26461029052734,34.154838562011719
82286693,2023,2024-01-15,1925,2023-12-21,1430,26161,,4,5,6,1925,0,0,0,,0,003,BROADWAY,"JACKSON STREET",0.00,,Y,B,-,N,,,,,,,,,,N,4,0,1,2,A,-,09,21801,A,N,D,C,A,B,H,-,A,D,0,,,,,Y,,A,07,0,0,1,0,0,0,0,0,0,"- ","- ",,,"LOS ANGELES",GLENDALE,-118.25011444091797,34.146331787109375
82286694,2024,2024-01-15,1925,2024-01-03,1349,22249,,3,5,6,1925,0,0,0,,0,004,"JACKSON STREET","MONTEREY ROAD",139.00,S,N,B,-,N,,,,,,,,,,N,4,0,1,2,A,-,03,22350,,N,C,C,A,A,H,-,A,A,0,,,,,Y,,A,01,0,0,1,0,0,0,0,0,0,"- ","- ",,,"LOS ANGELES",GLENDALE,-118.250244140625,34.157108306884766
82287376,2023,2024-01-16,1925,2023-12-31,1303,27016,,7,5,6,1925,0,0,0,,0,003,"DIXON STREET","LINCOLN AVENUE",60.00,E,N,B,-,N,,,,,,,,,,N,4,0,1,2,A,-,09,21804,A,N,D,C,A,A,H,-,A,D,0,,,,,Y,,A,01,0,0,1,0,0,0,0,0,0,"- ","- ",,,"LOS ANGELES",GLENDALE,,
82287382,2024,2024-01-16,1925,2024-01-04,1505,28644,,4,5,6,1925,0,0,0,,0,,"GLENOAKS BOULEVARD","SONORA AVENUE",0.00,,Y,A,-,N,,,,,,,,,,N,3,0,1,3,A,-,09,21800,A,N,A,C,A,A,H,-,C,A,0,,,,,Y,,A,01,0,1,0,0,0,0,0,0,0,"- ","- ",34.168258666992188,-118.28575134277344,"LOS ANGELES",GLENDALE,-118.28588104248047,34.168239593505859
82287383,2024,2024-01-16,1925,2024-01-05,"950 ",28644,,5,5,6,1925,0,0,0,,0,002,"CENTRAL AVENUE","SANCHEZ DRIVE",0.00,,Y,A,-,Y,,,,,,,,,,N,3,0,1,2,A,-,04,21703,,N,C,C,A,A,H,-,A,A,0,,,Y,,Y,,C,02,0,1,0,0,0,0,0,0,1,"- ","- ",34.155941009521484,-118.25795745849609,"LOS ANGELES",GLENDALE,-118.25794982910156,34.156024932861328
82289920,2024,2024-01-18,1925,2024-01-06,"129 ",22367,,6,5,6,1925,0,0,0,,0,002,"CENTRAL AVENUE","SANCHEZ DRIVE",0.00,,Y,A,-,N,,,,,,,,,,Y,4,0,1,2,A,-,12,21453,A,N,D,C,A,A,H,-,C,A,0,,,,,Y,Y,A,01,0,0,1,0,0,0,0,0,0,"- ","- ",,,"LOS ANGELES",GLENDALE,-118.25794982910156,34.156024932861328
82292346,2023,2024-01-22,1925,2023-12-28,2028,22783,,4,5,6,1925,0,0,0,,0,002,"CHESTER STREET","ALEXANDER STREET",0.00,,Y,B,-,N,,,,,,,,,,N,4,0,1,1,A,-,03,22350,,M,E,I,A,B,H,-,C,D,0,,,,,Y,,A,01,0,0,1,0,0,0,0,0,0,"- ","- ",34.153099060058594,-118.26992797851562,"LOS ANGELES",GLENDALE,-118.26992034912109,34.153190612792969
82292659,2023,2024-01-22,1925,2023-11-20,"134 ",28091,,1,5,6,1925,0,0,0,,0,003,"COLORADO STREET","ADAMS STREET",0.00,,Y,A,-,N,,,,,,,,,,Y,3,0,1,1,A,-,01,23152,F,N,E,J,A,A,H,-,C,D,0,,,,,Y,Y,A,01,0,1,0,0,0,0,0,0,0,"- ","- ",,,"LOS ANGELES",GLENDALE,-118.24179840087891,34.142650604248047
82292660,2023,2024-01-22,1925,2023-12-28,2025,22783,,4,5,6,1925,0,0,0,,0,002,"MILFORD STREET","CHESTER STREET",136.00,W,N,B,-,N,,,,,,,,,,N,4,0,1,2,A,-,03,22350,,M,C,C,A,B,H,-,C,D,0,,,,,Y,,A,01,0,0,1,0,0,0,0,0,0,"- ","- ",34.152130126953125,-118.26992797851562,"LOS ANGELES",GLENDALE,-118.27035522460938,34.152229309082031
82297574,2024,2024-01-26,1925,2024-01-10,1026,28043,,3,5,6,1925,0,0,0,,0,003,"ALLEY SOUTH OF HARVARD ST","KENWOOD STREET",170.00,W,N,A,-,N,,,,,,,,,,N,3,0,1,2,A,-,21,22106,,N,G,B,E,A,H,-,A,D,0,Y,,,,Y,,A,01,0,1,0,0,1,0,0,0,0,"- ","- ",34.14447021484375,-118.2513427734375,"LOS ANGELES",GLENDALE,,
82297576,2024,2024-01-26,1925,2024-01-13,1326,28644,,6,5,6,1925,0,0,0,,0,004,"GLENDALE AVENUE","DORAN STREET",180.00,N,N,A,-,N,,,,,,,,,,N,3,0,1,2,A,-,09,21801,A,N,D,C,A,A,H,-,A,A,0,,,,,Y,,A,01,0,1,0,0,0,0,0,0,0,"- ","- ",34.153530120849609,-118.24362945556641,"LOS ANGELES",GLENDALE,-118.24338531494141,34.153976440429688
82297577,2024,2024-01-26,1925,2024-01-15,"33  ",29459,,1,5,6,1925,0,0,0,,0,004,"CANADA BOULEVARD","TOWNE STREET",742.00,N,N,A,-,N,,,,,,,,,,N,3,0,1,2,A,-,07,21658,A,N,B,D,A,A,H,-,C,A,0,,,,,Y,,A,01,0,1,0,0,0,0,0,0,0,"- ","- ",34.169578552246094,-118.22905731201172,"LOS ANGELES",GLENDALE,-118.22908020019531,34.171619415283203
82297578,2024,2024-01-26,1925,2024-01-14,1438,20871,,7,5,6,1925,0,0,0,,0,004,"BRAND BOULEVARD","SANCHEZ DR",0.00,,Y,A,-,Y,,,,,,,,,,Y,4,0,1,2,A,-,12,21453,A,N,D,C,A,A,H,-,A,A,0,,,,,Y,,-,"- ",0,0,1,0,0,0,0,0,0,"- ","- ",,,"LOS ANGELES",GLENDALE,-118.25514221191406,34.155937194824219
82297579,2024,2024-01-26,1925,2024-01-15,1022,22249,,1,5,6,1925,0,0,0,,0,004,"VERDUGO ROAD","GLENOAKS BOULEVARD",0.00,,Y,A,-,N,,,,,,,,,,Y,4,0,1,2,A,-,12,21453,A,N,D,C,A,A,H,-,A,A,0,,,,,Y,,A,01,0,0,1,0,0,0,0,0,0,"- ","- ",,,"LOS ANGELES",GLENDALE,-118.23708343505859,34.157737731933594
82297581,2024,2024-01-26,1925,2024-01-15,1506,22249,,1,5,6,1925,0,0,0,,0,002,"GALLERIA WAY","COLORADO STREET",235.00,N,N,A,-,N,,,,,,,,,,N,3,0,1,2,A,-,11,21954,A,N,G,B,D,A,H,-,A,D,0,Y,,,,Y,,N,60,0,1,0,0,1,0,0,0,0,"- ","- ",,,"LOS ANGELES",GLENDALE,-118.25916290283203,34.143196105957031
82298564,2024,2024-01-29,1925,2024-01-10,1742,27629,,3,5,6,1925,0,0,0,,0,004,"LOUISE STREET","DRYDEN STREET",250.00,N,N,A,-,N,,,,,,,,,,N,3,0,1,2,A,-,09,21804,A,N,D,C,A,A,H,-,C,D,0,,,,,Y,,A,01,0,1,0,0,0,0,0,0,0,"- ","- ",34.161430358886719,-118.25267791748047,"LOS ANGELES",GLENDALE,-118.25271606445312,34.162124633789062
82298766,2024,2024-01-29,1925,2024-01-15,1232,24810,,1,5,6,1925,0,0,0,,0,001,"SAN FERNANDO ROAD","PACIFIC AVENUE",30.00,W,N,A,-,N,,,,,,,,,,N,4,0,1,2,A,-,03,22350,,N,C,C,A,A,H,-,A,A,0,,,,,Y,,A,01,0,0,1,0,0,0,0,0,0,"- ","- ",34.136371612548828,-118.26412200927734,"LOS ANGELES",GLENDALE,-118.26460266113281,34.136913299560547
82298767,2024,2024-01-29,1925,2024-01-16,"800 ",21092,,2,5,6,1925,0,0,0,,0,003,"VERDUGO ROAD",BROADWAY,0.00,,Y,A,-,N,,,,,,,,,,Y,3,0,2,2,A,-,09,21801,A,N,A,C,A,A,H,-,A,A,0,,,,,Y,,A,07,0,2,0,0,0,0,0,0,0,"- ","- ",,,"LOS ANGELES",GLENDALE,-118.23506164550781,34.146160125732422
82299065,2023,2024-01-29,1925,2023-12-16,1201,29572,,6,5,6,1925,0,0,0,,0,004,"BRAND BOULEVARD","GOODE AVENUE",0.00,,Y,A,-,N,,,,,,,,,,N,3,0,1,2,A,-,12,21453,A,N,D,C,A,A,H,-,A,A,0,,,Y,,Y,,A,07,0,1,0,0,0,0,0,0,1,"- ","- ",34.156761169433594,-118.25507354736328,"LOS ANGELES",GLENDALE,-118.25514984130859,34.156764984130859
82303547,2024,2024-02-02,1925,2024-01-08,2112,26161,287,1,5,6,1925,0,0,0,,0,003,"BRAND BOULEVARD","SAN FERNANDO ROAD",0.00,,Y,A,-,N,,,,,,,,,,Y,4,0,1,2,A,-,09,21801,A,N,A,C,A,A,H,-,C,A,0,,,,,Y,,A,07,0,0,1,0,0,0,0,0,0,"- ","- ",,,"LOS ANGELES",GLENDALE,-118.25517272949219,34.124031066894531
82304489,2024,2024-02-05,1925,2024-01-20,1210,28644,,6,5,6,1925,0,0,0,,0,003,"CHEVY CHASE DRIVE","WINDSOR ROAD",9.00,S,N,C,-,N,,,,,,,,,,N,4,0,1,2,A,-,03,22350,,F,C,C,A,B,H,-,A,A,0,,,,,Y,,A,07,0,0,1,0,0,0,0,0,0,"- ","- ",34.137119293212891,-118.23957061767578,"LOS ANGELES",GLENDALE,-118.23957824707031,34.137104034423828
82304733,2024,2024-02-05,1925,2024-01-12,1129,28043,230,5,5,6,1925,0,0,0,,0,002,"BRAND BOULEVARD","SANCHEZ DRIVE",0.00,,Y,A,-,N,,,,,,,,,,Y,4,0,1,2,A,-,12,21453,A,N,D,C,A,A,H,-,A,A,0,,,,,Y,,A,01,0,0,1,0,0,0,0,0,0,"- ","- ",34.155948638916016,-118.25508117675781,"LOS ANGELES",GLENDALE,-118.25514221191406,34.155937194824219
82304907,2024,2024-02-05,1925,2024-01-22,"728 ",26161,190,1,5,6,1925,0,0,0,,0,001,"GLENOAKS BOULEVARD","ELM AVENUE",0.00,,Y,C,-,N,,,,,,,,,,N,4,0,1,2,A,-,03,22350,,N,C,C,A,A,H,-,A,A,0,,,,,Y,,A,07,0,0,1,0,0,0,0,0,0,"- ","- ",,,"LOS ANGELES",GLENDALE,-118.29554748535156,34.175277709960938
82306298,2024,2024-02-06,1925,2024-01-11,1602,28043,142,4,5,6,1925,0,0,0,,0,001,"MOUNTAIN STREET","BRAND BOULEVARD",0.00,,Y,A,-,N,,,,,,,,,,Y,2,0,2,2,A,-,12,22450,A,N,D,C,A,A,H,-,A,A,0,,,,,Y,,-,"- ",1,1,0,0,0,0,0,0,0,"- ","- ",34.166740417480469,-118.25509643554688,"LOS ANGELES",GLENDALE,-118.25514221191406,34.166725158691406
82308607,2024,2024-02-08,1925,2024-01-07,"600 ",24347,,7,5,6,1925,0,0,0,,0,,"ADAMS STREET","GARFIELD AVENUE",150.00,S,N,A,-,N,,,,,,,,,,Y,3,0,1,4,A,-,08,22107,,N,A,E,A,A,H,-,C,D,0,,,,,Y,,A,01,0,1,0,0,0,0,0,0,0,"- ","- ",34.135871887207031,-118.24182891845703,"LOS ANGELES",GLENDALE,-118.24176025390625,34.135578155517578
82309837,2024,2024-02-09,1925,2024-01-28,1323,27016,196,7,5,6,1925,0,0,0,,0,001,"SAN FERNANDO ROAD","GROVER AVENUE",15.00,N,N,A,-,N,,,,,,,,,,Y,3,0,2,2,A,-,03,22350,,N,C,E,A,A,H,-,A,A,0,,,,,Y,,A,01,0,1,1,0,0,0,0,0,0,"- ","- ",,,"LOS ANGELES",GLENDALE,-118.287353515625,34.165275573730469
82310718,2024,2024-02-12,1925,2024-01-16,1114,26039,212,2,5,6,1925,0,0,0,,0,003,"COLORADO STREET","ADAMS STREET",203.00,W,N,A,-,N,,,,,,,,,,N,4,0,2,2,A,-,09,21804,A,N,D,C,A,A,H,-,A,D,0,,,,,Y,,A,07,0,0,2,0,0,0,0,0,0,"- ","- ",34.14263916015625,-118.24182891845703,"LOS ANGELES",GLENDALE,-118.24246978759766,34.142650604248047
82310721,2024,2024-02-12,1925,2024-01-24,1002,26039,232,3,5,6,1925,0,0,0,,0,004,"LEXINGTON DRIVE","ISABEL STREET",179.00,E,N,A,-,N,,,,,,,,,,N,3,0,1,2,A,-,09,21804,A,N,D,C,A,A,H,-,A,D,0,,,,,Y,,A,01,0,1,0,0,0,0,0,0,0,"- ","- ",34.151668548583984,-118.24887847900391,"LOS ANGELES",GLENDALE,-118.24829864501953,34.151821136474609
82310722,2024,2024-02-12,1925,2024-01-25,1743,21092,158,4,5,6,1925,0,0,0,,0,004,"CHEVY CHASE DRIVE","SINCLAIR AVENUE",0.00,,Y,A,-,N,,,,,,,,,,N,4,0,1,2,A,-,09,21801,A,M,D,C,A,A,G,-,C,A,0,,,,,Y,,A,01,0,0,1,0,0,0,0,0,0,"- ","- ",,,"LOS ANGELES",GLENDALE,-118.23256683349609,34.151958465576172
82310724,2024,2024-02-12,1925,2024-01-29,1540,24810,159,1,5,6,1925,0,0,0,,0,004,"GLENOAKS BOULEVARD","GLENDALE AVENUE",132.00,W,N,A,-,N,,,,,,,,,,N,4,0,1,2,A,-,05,21460,A,N,D,C,A,A,H,-,A,D,0,,,,,Y,,A,01,0,0,1,0,0,0,0,0,0,"- ","- ",34.158821105957031,-118.23992156982422,"LOS ANGELES",GLENDALE,-118.24028015136719,34.159095764160156
82310957,2024,2024-02-12,1925,2024-01-27,1502,21370,217,6,5,6,1925,0,0,0,,0,002,"CONCORD STREET","SALEM STREET",0.00,,Y,A,-,N,,,,,,,,,,Y,4,0,2,2,A,-,12,22450,A,N,D,C,A,A,H,-,A,D,0,,,,,Y,,A,01,0,0,2,0,0,0,0,0,0,"- ","- ",,,"LOS ANGELES",GLENDALE,-118.27119445800781,34.148899078369141
82311202,2024,2024-02-12,1925,2024-01-21,1523,27016,238,7,5,6,1925,0,0,0,,0,004,"WILSON AVENUE","BELMONT STREET",55.00,E,N,B,-,N,,,,,,,,,,Y,3,0,1,4,A,-,09,21804,A,N,D,C,A,A,H,-,A,A,0,,,,,Y,,A,01,0,1,0,0,0,0,0,0,0,"- ","- ",,,"LOS ANGELES",GLENDALE,-118.242919921875,34.148117065429688
82311203,2024,2024-02-12,1925,2024-01-30,1410,21092,159,2,5,6,1925,0,0,0,,0,004,"GLENDALE AVENUE","MONTEREY ROAD",600.00,N,N,B,-,N,,,,,,,,,,Y,4,0,1,3,A,-,08,22107,,N,B,E,A,A,H,-,A,D,0,,,,,Y,,A,07,0,0,1,0,0,0,0,0,0,"- ","- ",,,"LOS ANGELES",GLENDALE,-118.24095916748047,34.157615661621094
82311204,2024,2024-02-12,1925,2024-01-30,1554,28418,218,2,5,6,1925,0,0,0,,0,002,"SAN FERNANDO ROAD","SALEM STREET",275.00,N,N,A,-,N,,,,,,,,,,N,4,0,1,2,A,-,03,22350,,N,C,C,A,A,H,-,A,D,0,,,,Y,Y,,F,21,0,0,1,0,0,0,0,0,0,"- ","- ",34.148880004882812,-118.27285766601562,"LOS ANGELES",GLENDALE,-118.27325439453125,34.149570465087891
82313438,2024,2024-02-14,1925,2024-01-28,"300 ",26160,,7,5,6,1925,0,0,0,,0,002,"CENTRAL AVENUE","SANCHEZ DRIVE",0.00,,Y,A,-,N,,,,,,,,,,N,2,0,1,2,A,-,10,21950,C,F,G,B,B,A,H,-,C,A,0,Y,,,,Y,Y,A,01,1,0,0,0,1,0,0,0,0,"- ","- ",34.156040191650391,-118.25797271728516,"LOS ANGELES",GLENDALE,-118.25794982910156,34.156024932861328
82314475,2024,2024-02-15,1925,2024-01-14,2000,28716,245,7,5,6,1925,0,0,0,,0,003,"LINCOLN AVENUE","DIXON STREET",100.00,N,N,A,-,N,,,,,,,,,,Y,4,0,1,3,A,-,05,21651,B,F,G,B,E,A,H,-,C,D,0,Y,,,,Y,,A,01,0,0,1,0,1,0,0,0,0,"- ","- ",34.141368865966797,-118.22955322265625,"LOS ANGELES",GLENDALE,-118.22952270507812,34.141815185546875
82314477,2024,2024-02-15,1925,2024-01-28,"121 ",28716,,7,5,6,1925,0,0,0,,0,002,"SAN FERNANDO ROAD","CHEVY CHASE DRIVE",0.00,W,Y,A,-,N,,,,,,,,,,Y,4,0,3,2,A,-,12,21453,A,N,D,C,A,A,H,-,C,A,0,,,,,Y,,A,01,0,0,3,0,0,0,0,0,0,"- ","- ",34.133449554443359,-118.26249694824219,"LOS ANGELES",GLENDALE,-118.26248168945312,34.133480072021484
82314478,2024,2024-02-15,1925,2024-02-03,1415,27654,244,6,5,6,1925,0,0,0,,0,003,"VERDUGO ROAD","DIXON STREET",0.00,,Y,B,-,N,,,,,,,,,,N,4,0,1,2,A,-,09,21801,A,N,D,C,A,A,H,-,A,D,0,,,,,Y,,A,07,0,0,1,0,0,0,0,0,0,"- ","- ",,,"LOS ANGELES",GLENDALE,-118.23368835449219,34.141490936279297
82315643,2024,2024-02-16,1925,2024-01-24,1041,26161,,3,5,6,1925,0,0,0,,0,002,"SAN FERNANDO ROAD","LOS ANGELES ST",85.00,E,N,A,-,N,,,,,,,,,,Y,3,0,1,2,A,-,03,22350,,N,C,E,A,A,H,-,A,D,0,,,Y,,Y,,C,02,0,1,0,0,0,0,0,0,1,"- ","- ",,,"LOS ANGELES",GLENDALE,-118.26637268066406,34.137096405029297
82315644,2024,2024-02-16,1925,2024-01-30,1818,27629,,2,5,6,1925,0,0,0,,0,004,"GLENOAKS BOULEVARD","JACKSON STREET",355.00,W,N,A,-,N,,,,,,,,,,N,4,0,1,2,A,-,08,22100,B,N,B,C,A,A,H,-,C,D,0,,,,,Y,,A,07,0,0,1,0,0,0,0,0,0,"- ","- ",34.158279418945312,-118.25022888183594,"LOS ANGELES",GLENDALE,-118.25137329101562,34.158248901367188
82315648,2024,2024-02-16,1925,2024-02-01,1330,28644,,4,5,6,1925,0,0,0,,0,004,"MONTEREY ROAD","CORDOVA AVENUE",0.00,,Y,C,-,Y,,,,,,,,,,Y,3,0,1,2,A,-,12,21453,A,N,D,C,A,B,H,-,A,A,0,,,,,Y,,A,01,0,1,0,0,0,0,0,0,0,"- ","- ",34.156940460205078,-118.24388122558594,"LOS ANGELES",GLENDALE,-118.24392700195312,34.157035827636719
82316532,2024,2024-02-19,1925,2024-02-05,1227,27629,219,1,5,6,1925,0,0,0,,0,001,"PACIFIC AVENUE","BURCHETT STREET",60.00,N,N,C,-,N,,,,,,,,,,N,4,0,1,2,A,-,09,21804,A,N,D,C,A,B,H,-,A,D,0,,,,,Y,,A,01,0,0,1,0,0,0,0,0,0,"- ","- ",,,"LOS ANGELES",GLENDALE,-118.26406860351562,34.1575927734375
82316834,2024,2024-02-19,1925,2024-01-30,"900 ",26039,196,2,5,6,1925,0,0,0,,0,001,"SONORA AVENUE","SAN FERNANDO ROAD",0.00,,Y,A,-,N,,,,,,,,,,N,4,0,1,2,A,-,03,22350,,M,C,C,A,A,H,-,A,D,0,,,,,Y,,A,01,0,0,1,0,0,0,0,0,0,"- ","- ",34.165958404541016,-118.28826904296875,"LOS ANGELES",GLENDALE,-118.28829956054688,34.165962219238281
82316837,2024,2024-02-19,1925,2024-02-06,"859 ",28418,218,2,5,6,1925,0,0,0,,0,002,"PACIFIC AVENUE","WILSON AVENUE",0.00,,Y,C,-,N,,,,,,,,,,N,3,0,1,2,A,-,12,21453,A,N,D,C,A,B,H,-,A,A,0,,,,,Y,,E,22,0,1,0,0,0,0,0,0,0,"- ","- ",34.147991180419922,-118.26451873779297,"LOS ANGELES",GLENDALE,-118.26450347900391,34.148006439208984
82317097,2024,2024-02-19,1925,2024-02-07,"108 ",29405,235,3,5,6,1925,0,0,0,,0,004,"115 N ARTSAKH AVENUE","BROADWAY AV",50.00,N,N,A,-,N,,,,,,,,,,N,4,0,2,2,A,-,21,22106,,M,C,C,A,A,H,-,C,D,0,,,,,Y,,-,99,0,0,2,0,0,0,0,0,0,"- ","- ",,,"LOS ANGELES",GLENDALE,-118.25388336181641,34.146427154541016
82317605,2024,2024-02-20,1925,2024-01-31,2001,22783,286,3,5,6,1925,0,0,0,,0,003,"BRAND BOULEVARD","CERRITOS AVENUE",0.00,,Y,B,-,N,,,,,,,,,,N,4,0,1,2,A,-,05,21650,1,M,D,G,A,A,H,-,C,A,0,,Y,,,Y,Y,L,04,0,0,1,0,0,0,1,0,0,"- ","- ",34.12554931640625,-118.2548828125,"LOS ANGELES",GLENDALE,-118.25482940673828,34.125541687011719
82317606,2024,2024-03-08,1925,2024-02-02,1600,28644,216,5,5,6,1925,0,0,0,,0,002,"MILFORD STREET","KENILWORTH AVENUE",288.00,W,N,B,-,N,,,,,,,,,,N,3,0,2,3,A,-,09,21804,A,N,D,E,A,A,H,-,A,D,0,,,,,Y,,A,01,0,1,1,0,0,0,0,0,0,"- ","- ",34.152389526367188,-118.26670837402344,"LOS ANGELES",GLENDALE,-118.26767730712891,34.152374267578125
82317608,2024,2024-02-20,1925,2024-02-08,"759 ",29788,251,4,5,6,1925,0,0,0,,0,003,"COLORADO STREET","EVERETT STREET",0.00,,Y,A,-,N,,,,,,,,,,N,4,0,3,2,A,-,12,21453,A,N,D,C,A,A,H,-,A,A,0,,,,,Y,,A,01,0,0,3,0,0,0,0,0,0,"- ","- ",34.142658233642578,-118.24559020996094,"LOS ANGELES",GLENDALE,-118.24555969238281,34.142669677734375
82317609,2024,2024-02-20,1925,2024-02-08,1247,27016,128,4,5,6,1925,0,0,0,,0,005,"LA CRESCENTA AVENUE","ROSELAWN AVENUE",60.00,S,N,B,-,N,,,,,,,,,,N,4,0,1,2,A,-,03,22350,,N,C,C,A,A,H,-,A,A,0,,,,,Y,,D,22,0,0,1,0,0,0,0,0,0,"- ","- ",,,"LOS ANGELES",GLENDALE,-118.2354736328125,34.202274322509766
82317611,2024,2024-02-20,1925,2024-02-08,1827,29788,253,4,5,6,1925,0,0,0,,0,003,"LOMITA AVENUE","LOUISE STREET",303.00,E,N,A,-,N,,,,,,,,,,N,4,0,1,2,D,-,00,,,N,B,E,A,A,H,-,A,D,0,,,,,Y,,-,"- ",0,0,1,0,0,0,0,0,0,"- ","- ",,,"LOS ANGELES",GLENDALE,-118.25160217285156,34.140979766845703
82317612,2024,2024-02-20,1925,2024-02-09,1020,28644,231,5,5,6,1925,0,0,0,,0,004,"LEXINGTON DRIVE","JACKSON STREET",0.00,,Y,A,-,N,,,,,,,,,,N,3,0,1,2,A,-,12,21453,A,N,D,C,A,A,H,-,A,A,0,,,,,Y,,A,07,0,1,0,0,0,0,0,0,0,"- ","- ",34.151668548583984,-118.25012969970703,"LOS ANGELES",GLENDALE,-118.25012969970703,34.151786804199219
82317613,2024,2024-02-20,1925,2024-02-09,1249,29788,194,5,5,6,1925,0,0,0,,0,001,"SAN FERNANDO ROAD","ALAMEDA AVENUE",92.00,S,N,A,-,N,,,,,,,,,,N,4,0,1,2,A,-,08,22107,,M,B,C,A,A,H,-,A,A,0,,,,,Y,,-,99,0,0,1,0,0,0,0,0,0,"- ","- ",34.174411773681641,-118.29981994628906,"LOS ANGELES",GLENDALE,-118.29965209960938,34.17425537109375
82319875,2024,2024-02-22,1925,2024-02-10,1936,29326,,6,5,6,1925,0,0,0,,0,003,"CHEVY CHASE DRIVE","ORANGE GROVE AVENUE",0.00,,Y,A,-,N,,,,,,,,,,Y,4,0,1,2,A,-,09,21802,A,N,D,C,A,A,H,-,C,A,0,,,,,Y,,D,22,0,0,1,0,0,0,0,0,0,"- ","- ",,,"LOS ANGELES",GLENDALE,-118.23961639404297,34.143516540527344
82322163,2024,2024-02-26,1925,2024-02-12,1905,28418,169,1,5,6,1925,0,0,0,,0,001,"PACIFIC AVENUE","PALM DRIVE (N)",0.00,,Y,A,-,N,,,,,,,,,,N,3,0,1,2,A,-,10,21950,A,N,G,B,B,A,H,-,C,D,0,Y,,,,Y,,A,01,0,1,0,0,1,0,0,0,0,"- ","- ",34.161628723144531,-118.26457977294922,"LOS ANGELES",GLENDALE,-118.26464080810547,34.16180419921875
82322164,2024,2024-02-26,1925,2024-02-12,2014,22249,227,1,5,6,1925,0,0,0,,0,004,"BRAND BOULEVARD","SANCHEZ DRIVE",0.00,,Y,A,-,N,,,,,,,,,,Y,4,0,1,2,A,-,12,21453,A,N,A,C,A,A,H,-,C,A,0,,,,,Y,,A,07,0,0,1,0,0,0,0,0,0,"- ","- ",,,"LOS ANGELES",GLENDALE,-118.25514221191406,34.155937194824219
82322650,2024,2024-02-27,1925,2024-02-01,1916,22783,,4,5,6,1925,0,0,0,,0,005,"FOOTHILL BOULEVARD","NEW YORK AVENUE",0.00,,Y,B,-,N,,,,,,,,,,N,2,0,1,2,A,-,10,21950,A,N,G,B,B,A,H,-,C,A,0,Y,,,,Y,,A,07,1,0,0,0,1,0,0,0,0,"- ","- ",34.232261657714844,-118.25302124023438,"LOS ANGELES",GLENDALE,-118.25303649902344,34.232284545898438
82322652,2024,2024-02-26,1925,2024-02-08,1921,22783,192,4,5,6,1925,0,0,0,,0,001,"GLENOAKS BOULEVARD","SONORA AVENUE",0.00,,Y,B,C,N,,,,,,,,,,N,4,0,1,2,A,-,10,21950,A,N,G,B,B,B,H,-,C,A,0,Y,,,,Y,,A,01,0,0,1,0,1,0,0,0,0,"- ","- ",34.168300628662109,-118.28581237792969,"LOS ANGELES",GLENDALE,-118.28588104248047,34.168239593505859
82322653,2024,2024-02-26,1925,2024-02-13,"125 ",28134,225,2,5,6,1925,0,0,0,,0,002,"CENTRAL AVENUE",BROADWAY,0.00,,Y,A,-,N,,,,,,,,,,Y,3,0,1,2,A,-,01,23152,F,N,D,C,A,A,H,-,C,A,0,,,Y,,Y,,A,01,0,1,0,0,0,0,0,0,1,"- ","- ",34.146831512451172,-118.25788116455078,"LOS ANGELES",GLENDALE,-118.25791168212891,34.146835327148438
82323782,2024,2024-02-27,1925,2024-02-15,1030,28644,,4,5,6,1925,0,0,0,,0,002,"ARDEN AVENUE","KENILWORTH AVENUE (N)",10.00,E,N,A,-,N,,,,,,,,,,N,3,0,1,5,A,-,08,22107,,N,C,E,A,A,H,-,A,A,0,,,,,Y,,A,01,0,1,0,0,0,0,0,0,0,"- ","- ",34.158821105957031,-118.26687622070312,"LOS ANGELES",GLENDALE,,
82323784,2024,2024-02-27,1925,2024-02-15,1315,28644,,4,5,6,1925,0,0,0,,0,002,"CENTRAL AVENUE","GOODE AVENUE",0.00,,Y,A,-,N,,,,,,,,,,Y,4,0,1,2,A,-,12,21453,A,N,D,C,A,A,H,-,A,A,0,,,,,Y,,A,07,0,0,1,0,0,0,0,0,0,"- ","- ",34.156749725341797,-118.25797271728516,"LOS ANGELES",GLENDALE,-118.25798034667969,34.156745910644531
82323787,2024,2024-02-27,1925,2024-02-16,1824,28922,,5,5,6,1925,0,0,0,,0,003,"VERDUGO ROAD","HARVARD STREET",0.00,,Y,A,-,N,,,,,,,,,,N,3,0,1,2,A,-,10,21950,A,N,G,B,B,A,H,-,C,A,0,Y,,,,Y,,A,08,0,1,0,0,1,0,0,0,0,"- ","- ",,,"LOS ANGELES",GLENDALE,-118.23451995849609,34.144405364990234
82324946,2024,2024-03-01,1925,2024-02-14,1909,30135,175,3,5,6,1925,0,0,0,,0,001,"GLENWOOD ROAD","BRUCE AVENUE (W)",0.00,,Y,A,-,N,,,,,,,,,,N,3,0,1,2,A,-,10,21950,A,F,G,B,B,A,H,-,C,D,0,Y,,,,Y,,-,99,0,1,0,0,1,0,0,0,0,"- ","- ",34.167110443115234,-118.27971649169922,"LOS ANGELES",GLENDALE,-118.27976226806641,34.16717529296875
82326003,2024,2024-02-29,1925,2024-02-12,1328,21055,240,1,5,6,1925,0,0,0,,0,004,"VERDUGO ROAD","CALIFORNIA AVENUE (N)",0.00,,Y,A,-,N,,,,,,,,,,N,3,0,2,2,A,-,08,22100,B,N,D,C,A,A,H,-,A,D,0,,,,,Y,,A,07,0,2,0,0,0,0,0,0,0,"- ","- ",34.150379180908203,-118.23622131347656,"LOS ANGELES",GLENDALE,-118.23619842529297,34.150375366210938
82326004,2024,2024-02-29,1925,2024-02-16,1452,28284,,5,5,6,1925,0,0,0,,0,001,"ALLEN AVENUE","GLENOAKS BOULEVARD",0.00,,Y,A,-,N,,,,,,,,,,N,4,0,1,2,A,-,12,21453,A,N,D,C,A,A,H,-,A,A,0,,,,,Y,,-,"- ",0,0,1,0,0,0,0,0,0,"- ","- ",34.173931121826172,-118.29355621337891,"LOS ANGELES",GLENDALE,-118.29360198974609,34.173862457275391
82328085,2024,2024-03-04,1925,2024-02-19,"911 ",21055,122,1,5,6,1925,0,0,0,,0,005,"PENNSYLVANIA AVENUE","HONOLULU AVENUE (S)",0.00,,Y,C,-,N,,,,,,,,,,N,3,0,1,2,A,-,10,21950,A,N,G,B,B,B,H,-,A,A,0,Y,,,,Y,,A,01,0,1,0,0,1,0,0,0,0,"- ","- ",,,"LOS ANGELES",GLENDALE,-118.24875640869141,34.220493316650391
82328088,2024,2024-03-04,1925,2024-02-19,1844,21055,158,1,5,6,1925,0,0,0,,0,004,"GLENDALE AVENUE","MONTEREY ROAD",0.00,,Y,C,-,N,,,,,,,,,,N,4,0,2,2,A,-,09,21801,A,N,D,C,A,B,H,-,C,A,0,,,,,Y,,A,07,0,0,2,0,0,0,0,0,0,"- ","- ",,,"LOS ANGELES",GLENDALE,-118.24192047119141,34.15618896484375
82328328,2024,2024-03-04,1925,2024-02-19,1052,26039,252,1,5,6,1925,0,0,0,,0,003,"EVERETT STREET","ORANGE GROVE AVENUE",0.00,,Y,C,-,N,,,,,,,,,,N,3,0,1,2,A,-,09,21802,A,M,D,C,A,B,H,-,A,A,0,,,,,Y,Y,A,01,0,1,0,0,0,0,0,0,0,"- ","- ",34.143440246582031,-118.24559783935547,"LOS ANGELES",GLENDALE,-118.24558258056641,34.143550872802734
82328522,2024,2024-03-04,1925,2024-02-16,1426,28922,220,5,5,6,1925,0,0,0,,0,001,"CENTRAL AVENUE","GOODE AVENUE",0.00,,Y,A,-,N,,,,,,,,,,Y,3,0,2,2,A,-,12,21453,A,N,D,C,A,A,H,-,A,A,0,,,,,Y,Y,A,07,0,1,1,0,0,0,0,0,0,"- ","- ",,,"LOS ANGELES",GLENDALE,-118.25798034667969,34.156745910644531
82328526,2024,2024-03-04,1925,2024-02-21,1030,28644,246,3,5,6,1925,0,0,0,,0,003,"GARFIELD AVENUE","CHEVY CHASE DRIVE",0.00,,Y,A,-,N,,,,,,,,,,N,4,0,1,2,A,-,12,21453,A,N,D,C,A,A,H,-,A,A,0,,,,,Y,,A,01,0,0,1,0,0,0,0,0,0,"- ","- ",34.135860443115234,-118.23964691162109,"LOS ANGELES",GLENDALE,-118.23957824707031,34.136001586914062
82333089,2024,2024-03-08,1925,2024-02-22,"825 ",26161,159,4,5,6,1925,0,0,0,,0,004,"MOUNTAIN STREET","COLLEGE DRIVE",40.00,W,N,A,-,N,,,,,,,,,,Y,3,0,2,2,A,-,03,22350,,N,C,C,A,A,H,-,A,A,0,,,,,Y,,A,01,0,1,1,0,0,0,0,0,0,"- ","- ",,,"LOS ANGELES",GLENDALE,,
82333090,2024,2024-03-08,1925,2024-02-22,"922 ",21995,267,4,5,6,1925,0,0,0,,0,002,"PACIFIC AVE","VINE ST",0.00,,Y,A,-,N,,,,,,,,,,N,3,0,1,2,A,-,12,21453,A,M,G,B,B,A,H,-,A,A,0,Y,,,,Y,,A,01,0,1,0,0,1,0,0,0,0,"- ","- ",,,"LOS ANGELES",GLENDALE,-118.26441192626953,34.14080810546875
82333091,2024,2024-03-08,1925,2024-02-23,"955 ",28922,175,5,5,6,1925,0,0,0,,0,001,"KENNETH ROAD","NORTON AVENUE",61.00,E,N,B,-,N,,,,,,,,,,N,3,0,1,2,A,-,00,21760,B,F,B,G,A,A,H,-,A,D,0,,Y,,,Y,,-,99,0,1,0,0,0,0,1,0,0,"- ","- ",,,"LOS ANGELES",GLENDALE,-118.27363586425781,34.171382904052734
82333092,2024,2024-03-08,1925,2024-02-23,1200,28644,248,5,5,6,1925,0,0,0,,0,003,"COLORADO STREET","KENWOOD STREET",107.00,W,N,A,-,N,,,,,,,,,,N,3,0,2,2,A,-,03,22350,,N,C,C,A,A,H,-,A,A,0,,,,,Y,,A,01,0,1,1,0,0,0,0,0,0,"- ","- ",34.142631530761719,-118.2513427734375,"LOS ANGELES",GLENDALE,-118.25167083740234,34.142608642578125
82333947,2024,2024-03-11,1925,2024-02-25,1042,27629,,7,5,6,1925,0,0,0,,0,001,"JUSTIN AVENUE","VICTORY BOULEVARD (W)",65.00,S,N,B,-,N,,,,,,,,,,N,3,0,1,2,A,-,09,21804,A,F,A,G,A,A,H,-,A,C,0,,Y,,,Y,,L,04,0,1,0,0,0,0,1,0,0,"- ","- ",,,"LOS ANGELES",GLENDALE,-118.29853820800781,34.159713745117188
82333949,2024,2024-03-11,1925,2024-02-25,1207,29572,,7,5,6,1925,0,0,0,,0,002,"PIONEER DRIVE","PACIFIC AVENUE (N)",170.00,E,N,A,-,N,,,,,,,,,,N,4,0,2,2,A,-,08,22103,,N,D,C,A,A,H,-,A,D,0,,,,,Y,,A,01,0,0,2,0,0,0,0,0,0,"- ","- ",34.155220031738281,-118.26455688476562,"LOS ANGELES",GLENDALE,,
82333951,2024,2024-03-11,1925,2024-02-27,"821 ",26039,,2,5,6,1925,0,0,0,,0,002,"CHEVY CHASE DRIVE","BRAND BOULEVARD",281.00,W,N,A,-,N,,,,,,,,,,N,3,0,3,2,A,-,09,21804,A,N,D,C,A,A,H,-,A,D,0,,,,,Y,,A,01,0,1,2,0,0,0,0,0,0,"- ","- ",34.133411407470703,-118.25501251220703,"LOS ANGELES",GLENDALE,,
82334229,2024,2024-03-11,1925,2024-02-22,1352,28922,,4,5,6,1925,0,0,0,,0,001,"ELM AVENUE","GLENOAKS BOULEVARD",636.00,N,N,A,-,N,,,,,,,,,,Y,4,0,1,3,A,-,09,21804,A,N,D,E,A,A,H,-,A,D,0,,,,,Y,,A,01,0,0,1,0,0,0,0,0,0,"- ","- ",,,"LOS ANGELES",GLENDALE,,
82335615,2024,2024-03-12,1925,2024-02-23,"958 ",26161,216,5,5,6,1925,0,0,0,,0,002,"PACIFIC AVENUE","PIONEER DRIVE (S)",150.00,N,N,A,-,N,,,,,,,,,,N,3,0,1,2,A,-,10,21950,A,N,G,B,B,A,H,-,A,A,0,Y,,,,Y,,A,01,0,1,0,0,1,0,0,0,0,"- ","- ",,,"LOS ANGELES",GLENDALE,-118.26461029052734,34.155250549316406
82335616,2024,2024-03-14,1925,2024-02-29,"748 ",30341,,4,5,6,1925,0,0,0,,0,001,"GLENOAKS BOULEVARD","CENTRAL AVENUE",0.00,,Y,A,-,N,,,,,,,,,,Y,3,0,1,7,C,-,18,,,N,B,C,A,A,H,-,A,A,0,,,,,Y,,-,"- ",0,1,0,0,0,0,0,0,0,"- ","- ",34.159439086914062,-118.25766754150391,"LOS ANGELES",GLENDALE,-118.25774383544922,34.159381866455078
82335618,2024,2024-03-12,1925,2024-02-29,1057,28922,239,4,5,6,1925,0,0,0,,0,004,"VERDUGO ROAD","CHEVY CHASE DRIVE",0.00,,Y,B,-,N,,,,,,,,,,Y,4,0,2,2,A,-,12,21453,A,N,D,C,A,A,H,-,A,A,0,,,,,Y,,-,"- ",0,0,2,0,0,0,0,0,0,"- ","- ",,,"LOS ANGELES",GLENDALE,-118.23643493652344,34.151237487792969
82336810,2024,2024-03-13,1925,2024-02-20,1858,22783,,2,5,6,1925,0,0,0,,0,002,"CENTRAL AVENUE","AMERICANA WAY",359.00,N,N,B,C,N,,,,,,,,,,Y,3,0,1,2,A,-,01,23152,A,N,C,C,A,B,H,-,C,C,0,,,,,Y,Y,A,01,0,1,0,0,0,0,0,0,0,"- ","- ",34.145229339599609,-118.25788116455078,"LOS ANGELES",GLENDALE,-118.25789642333984,34.145374298095703
82338957,2024,2024-03-15,1925,2024-02-16,1539,22598,,5,5,6,1925,0,0,0,,0,001,"PALM DRIVE","CONCORD STREET",39.00,W,N,A,-,N,,,,,,,,,,N,4,0,1,2,A,-,21,22106,,N,G,B,E,A,H,-,A,D,0,Y,,,,Y,,A,01,0,0,1,0,1,0,0,0,0,"- ","- ",34.161788940429688,-118.27063751220703,"LOS ANGELES",GLENDALE,-118.27076721191406,34.161834716796875
82338958,2024,2024-03-15,1925,2024-02-24,1904,29326,,6,5,6,1925,0,0,0,,0,001,"GLENOAKS BOULEVARD","LINDEN AVENUE",0.00,,Y,A,-,N,,,,,,,,,,Y,4,0,1,1,A,-,08,22107,,N,E,I,A,A,H,-,C,A,0,,,,,Y,,A,01,0,0,1,0,0,0,0,0,0,"- ","- ",34.174640655517578,-118.29453277587891,"LOS ANGELES",GLENDALE,-118.29457855224609,34.174583435058594
82339842,2024,2024-03-18,1925,2024-02-27,1531,21089,196,2,5,6,1925,0,0,0,,0,001,"GLENOAKS BOULEVARD","JUSTIN AVENUE",150.00,E,N,A,-,N,,,,,,,,,,N,3,0,1,2,A,-,03,22350,,N,C,C,A,A,H,-,A,D,0,,,Y,,Y,,C,03,0,1,0,0,0,0,0,0,1,"- ","- ",,,"LOS ANGELES",GLENDALE,-118.28746795654297,34.169399261474609
82339843,2024,2024-03-18,1925,2024-02-28,1644,29788,266,3,5,6,1925,0,0,0,,0,002,"ELK AVENUE","PACIFIC AVENUE",0.00,,Y,A,-,N,,,,,,,,,,N,4,0,1,2,A,-,03,22350,,N,C,C,A,A,H,-,A,D,0,,,,,Y,,A,07,0,0,1,0,0,0,0,0,0,"- ","- ",,,"LOS ANGELES",GLENDALE,-118.26441192626953,34.141643524169922
82340058,2024,2024-03-18,1925,2024-02-27,1731,21089,,2,5,6,1925,0,0,0,,0,002,"GALLERIA WAY",BROADWAY,150.00,S,N,A,-,N,,,,,,,,,,N,3,0,1,1,A,-,21,22106,,N,H,A,A,A,H,-,A,D,0,,,,,Y,,A,01,0,1,0,0,0,0,0,0,0,"- ","- ",34.146831512451172,-118.25924682617188,"LOS ANGELES",GLENDALE,-118.25921630859375,34.146438598632812
82340066,2024,2024-03-18,1925,2024-03-06,1244,21089,130,3,5,6,1925,0,0,0,,0,005,"DOWNING AVENUE","SUNVIEW DRIVE",0.00,,Y,A,-,N,,,,,,,,,,Y,4,0,1,2,A,-,12,22450,A,N,D,C,A,A,H,-,A,A,0,,,,,Y,,A,01,0,0,1,0,0,0,0,0,0,"- ","- ",,,"LOS ANGELES",GLENDALE,-118.229248046875,34.202709197998047
82340274,2024,2024-03-18,1925,2024-03-05,1410,24810,249,2,5,6,1925,0,0,0,,0,004,BROADWAY,"LOUISE STREET",0.00,,Y,A,-,N,,,,,,,,,,Y,3,0,1,2,A,-,17,21451,A,N,D,C,A,A,H,-,A,A,0,,,,,Y,,A,07,0,1,0,0,0,0,0,0,0,"- ","- ",34.146190643310547,-118.25264739990234,"LOS ANGELES",GLENDALE,-118.25263977050781,34.146324157714844
82340276,2024,2024-03-18,1925,2024-03-06,1416,21089,160,3,5,6,1925,0,0,0,,0,004,"ETHEL STREET","DON JOSE DRIVE",50.00,E,N,C,-,N,,,,,,,,,,Y,3,0,1,3,A,-,08,22107,,N,B,C,A,B,H,-,A,D,0,,,,,Y,,A,01,0,1,0,0,0,0,0,0,0,"- ","- ",,,"LOS ANGELES",GLENDALE,-118.23616790771484,34.163166046142578
82341385,2024,2024-03-29,1925,2024-02-28,1439,22783,286,3,5,6,1925,0,0,0,,0,003,"GLENDALE AVENUE","CERRITOS AVENUE",188.00,S,N,B,-,N,,,,,,,,,,Y,4,0,1,2,A,-,09,21804,A,N,D,C,A,A,H,-,A,D,0,,,Y,,Y,,C,02,0,0,1,0,0,0,0,0,1,"- ","- ",34.12554931640625,-118.25322723388672,"LOS ANGELES",GLENDALE,-118.25328063964844,34.125080108642578
82341387,2024,2024-03-19,1925,2024-03-01,1822,28922,,5,5,6,1925,0,0,0,,0,002,"CONCORD STREET","MILFORD STREET",77.00,N,N,C,-,N,,,,,,,,,,N,3,0,1,2,A,-,03,22350,,N,B,E,A,B,H,-,D,D,0,,,Y,,Y,,C,03,0,1,0,0,0,0,0,0,1,"- ","- ",34.152229309082031,-118.27108764648438,"LOS ANGELES",GLENDALE,-118.2711181640625,34.152442932128906
82341388,2024,2024-03-19,1925,2024-03-03,1618,27016,,7,5,6,1925,0,0,0,,0,001,"CONCORD STREET","BURCHETT STREET",0.00,,Y,A,-,N,,,,,,,,,,Y,3,0,2,2,A,-,12,22450,A,N,D,C,A,A,H,-,A,A,0,,,Y,,Y,,A,01,0,2,0,0,0,0,0,0,2,"- ","- ",34.158168792724609,-118.27107238769531,"LOS ANGELES",GLENDALE,-118.27104949951172,34.158214569091797
82341391,2024,2024-03-19,1925,2024-03-07,1424,28644,,4,5,6,1925,0,0,0,,0,001,"GRANDVIEW AVENUE","SAN FERNANDO ROAD",0.00,,Y,A,-,N,,,,,,,,,,N,3,0,1,2,A,-,05,21650,1,N,D,G,A,A,H,-,A,A,0,,Y,,,Y,,L,04,0,1,0,0,0,0,1,0,0,"- ","- ",34.161689758300781,-118.28249359130859,"LOS ANGELES",GLENDALE,-118.28256225585938,34.161739349365234
82345215,2024,2024-03-25,1925,2024-03-03,1702,27016,107,7,5,6,1925,0,0,0,,0,005,"PENNSYLVANIA AVENUE","HENRIETTA AVENUE",8.00,E,N,A,-,N,,,,,,,,,,Y,2,0,2,2,A,-,09,21802,A,N,D,C,A,B,H,-,A,A,0,,,,,Y,,A,01,1,0,1,0,0,0,0,0,0,"- ","- ",34.240409851074219,-118.24859619140625,"LOS ANGELES",GLENDALE,,
82345216,2024,2024-03-25,1925,2024-03-06,"820 ",26161,213,3,5,6,1925,0,0,0,,0,001,"FAIRMONT AVENUE","FLOWER ST",22.00,W,N,A,-,N,,,,,,,,,,Y,4,0,1,2,A,-,03,22350,,N,C,C,A,A,H,-,A,A,0,,,,,Y,,A,01,0,0,1,0,0,0,0,0,0,"- ","- ",,,"LOS ANGELES",GLENDALE,,
82345217,2024,2024-03-25,1925,2024-03-08,1033,26161,196,5,5,6,1925,0,0,0,,0,001,"GLENOAKS BOULEVARD","JUSTIN AVENUE",5.00,W,N,A,-,N,,,,,,,,,,N,3,0,1,2,A,-,12,21453,A,N,G,B,B,A,H,-,A,A,0,Y,,,,Y,,A,07,0,1,0,0,1,0,0,0,0,"- ","- ",,,"LOS ANGELES",GLENDALE,-118.28784942626953,34.169677734375
82345219,2024,2024-03-25,1925,2024-03-10,2033,29326,192,7,5,6,1925,0,0,0,,0,001,"SONORA AVENUE","GLENWOOD ROAD",0.00,,Y,A,-,N,,,,,,,,,,Y,3,0,2,2,A,-,03,22350,,N,C,C,A,A,H,-,C,A,0,,,,,Y,,A,01,0,2,0,0,0,0,0,0,0,"- ","- ",34.170608520507812,-118.28336334228516,"LOS ANGELES",GLENDALE,-118.28339385986328,34.170597076416016
82345480,2024,2024-03-25,1925,2024-02-23,"755 ",28644,237,5,5,6,1925,0,0,0,,0,004,"WILSON AVENUE","JACKSON STREET",0.00,,Y,A,-,N,,,,,,,,,,N,3,0,1,2,A,-,08,22107,,F,G,B,B,A,H,-,A,A,0,Y,,,,Y,,A,01,0,1,0,0,1,0,0,0,0,"- ","- ",34.148151397705078,-118.25010681152344,"LOS ANGELES",GLENDALE,-118.25015258789062,34.148178100585938
82345481,2024,2024-03-25,1925,2024-03-11,1102,30317,193,1,5,6,1925,0,0,0,,0,001,"GLENOAKS BOULEVARD","GRANDVIEW AVENUE",0.00,,Y,A,-,N,,,,,,,,,,Y,3,0,1,2,A,-,12,21453,A,N,D,C,A,A,H,-,A,A,0,,,,,Y,,A,07,0,1,0,0,0,0,0,0,0,"- ","- ",34.165058135986328,-118.28140258789062,"LOS ANGELES",GLENDALE,-118.28138732910156,34.164970397949219
82345757,2024,2024-03-25,1925,2024-03-13,1520,28418,265,3,5,6,1925,0,0,0,,0,002,"CENTRAL AVENUE","COLORADO STREET",705.00,N,N,A,-,N,,,,,,,,,,N,4,0,2,2,A,-,03,22350,,N,C,C,A,A,H,-,A,A,0,,,,,Y,,A,01,0,0,2,0,0,0,0,0,0,"- ","- ",34.142440795898438,-118.25794219970703,"LOS ANGELES",GLENDALE,-118.25789642333984,34.144474029541016
82349085,2024,2024-03-29,1925,2024-03-08,2057,22783,219,5,5,6,1925,0,0,0,,0,001,"PACIFIC AVENUE","GLENOAKS BOULEVARD",132.00,S,N,A,-,N,,,,,,,,,,Y,3,0,1,1,A,-,01,23152,A,M,E,I,A,A,H,-,C,D,0,,,,,Y,Y,A,01,0,1,0,0,0,0,0,0,0,"- ","- ",34.159450531005859,-118.26409149169922,"LOS ANGELES",GLENDALE,-118.26413726806641,34.159523010253906
82349087,2024,2024-03-28,1925,2024-03-16,1620,29572,,6,5,6,1925,0,0,0,,0,004,"LEXINGTON DRIVE","BRAND BOULEVARD",75.00,W,N,A,-,N,,,,,,,,,,N,4,0,1,2,A,-,03,22350,,N,C,C,A,A,H,-,A,A,0,,,,,Y,,D,22,0,0,1,0,0,0,0,0,0,"- ","- ",34.151729583740234,-118.25505065917969,"LOS ANGELES",GLENDALE,-118.25537109375,34.151721954345703
82350175,2024,2024-03-29,1925,2024-03-08,1856,26161,242,5,5,6,1925,0,0,0,,0,004,"CHEVY CHASE DRIVE","ORANGE GROVE AVENUE",0.00,,Y,A,-,N,,,,,,,,,,Y,3,0,4,3,A,-,09,21802,A,N,B,C,A,A,H,-,B,A,0,,,,,Y,,A,01,0,1,3,0,0,0,0,0,0,"- ","- ",,,"LOS ANGELES",GLENDALE,-118.23961639404297,34.143516540527344
82350176,2024,2024-03-29,1925,2024-03-13,1554,27629,270,3,5,6,1925,0,0,0,,0,002,"SAN FERNANDO ROAD","LOS ANGELES STREET",218.00,S,N,A,-,N,,,,,,,,,,N,4,0,1,2,A,-,05,21650,1,N,B,G,A,A,H,-,A,D,0,,Y,,,Y,,L,04,0,0,1,0,0,0,1,0,0,"- ","- ",,,"LOS ANGELES",GLENDALE,-118.26593780517578,34.137054443359375
82351246,2024,2024-04-01,1925,2024-03-19,1546,28595,268,2,5,6,1925,0,0,0,,0,002,"CENTRAL AVENUE","LOMITA AVENUE (S)",0.00,,Y,A,-,N,,,,,,,,,,Y,4,0,1,2,A,-,09,21801,A,N,D,C,A,A,H,-,A,A,0,,,,,Y,,A,07,0,0,1,0,0,0,0,0,0,"- ","- ",34.139930725097656,-118.25787353515625,"LOS ANGELES",GLENDALE,-118.25785827636719,34.139907836914062
82351247,2024,2024-04-01,1925,2024-03-20,"804 ",21089,,3,5,6,1925,0,0,0,,0,,"SANCHEZ DRIVE","CENTRAL AVENUE",0.00,,Y,A,-,N,,,,,,,,,,N,3,0,1,2,A,-,10,21950,A,N,G,B,B,A,H,-,A,A,0,Y,,,,Y,,A,01,0,1,0,0,1,0,0,0,0,"- ","- ",34.156040191650391,-118.25797271728516,"LOS ANGELES",GLENDALE,-118.25794982910156,34.156024932861328
82351248,2024,2024-04-01,1925,2024-03-20,"831 ",21089,,3,5,6,1925,0,0,0,,0,003,"COLORADO STREET","BRAND BOULEVARD",190.00,E,N,A,-,N,,,,,,,,,,N,4,0,1,2,A,-,09,21804,A,N,A,C,A,A,H,-,A,A,0,,,,,Y,,A,01,0,0,1,0,0,0,0,0,0,"- ","- ",,,"LOS ANGELES",GLENDALE,-118.25430297851562,34.142578125
82351447,2024,2024-04-01,1925,2024-03-16,1052,30317,1052,6,5,6,1925,0,0,0,,0,002,"PACIFIC AVENUE","DORAN STREET",0.00,,Y,A,-,N,,,,,,,,,,Y,4,0,1,2,A,-,12,21453,A,N,D,C,A,A,H,-,A,A,0,,,,,Y,,-,"- ",0,0,1,0,0,0,0,0,0,"- ","- ",34.1539306640625,-118.26458740234375,"LOS ANGELES",GLENDALE,-118.26455688476562,34.154010772705078
82353408,2024,2024-04-03,1925,2024-03-23,"821 ",22783,276,6,5,6,1925,0,0,0,,0,002,"BRAND BOULEVARD","MAGNOLIA AVENUE",0.00,,Y,B,C,N,,,,,,,,,,N,3,0,1,2,A,-,09,21801,A,N,D,G,A,B,H,-,A,D,0,,Y,,,Y,,A,01,0,1,0,0,0,0,1,0,0,"- ","- ",34.131229400634766,-118.25489807128906,"LOS ANGELES",GLENDALE,-118.25496673583984,34.131221771240234
82355618,2024,2024-04-04,1925,2024-03-23,1655,24967,,6,5,6,1925,0,0,0,,0,005,"PARK PLACE","BROADVIEW DRIVE",130.00,N,N,A,-,N,,,,,,,,,,N,4,0,1,2,A,-,07,21658,A,N,C,E,A,A,H,-,D,D,0,,,,,Y,,A,08,0,0,1,0,0,0,0,0,0,"- ","- ",34.202850341796875,-118.22334289550781,"LOS ANGELES",GLENDALE,-118.22318267822266,34.20318603515625
82358060,2024,2024-04-08,1925,2024-03-15,1615,26161,,5,5,6,1925,0,0,0,,0,004,"VERDUGO ROAD","HARVARD STREET",220.00,N,N,A,-,N,,,,,,,,,,Y,4,0,1,3,A,-,03,22350,,N,C,C,A,A,H,-,A,D,0,,,,,Y,,A,01,0,0,1,0,0,0,0,0,0,"- ","- ",34.1444091796875,-118.23457336425781,"LOS ANGELES",GLENDALE,-118.23468780517578,34.144996643066406
82358229,2024,2024-04-08,1925,2024-03-23,2213,28766,,6,5,6,1925,0,0,0,,0,003,"COLORADO STREET","LANGLEY STREET",143.00,E,N,B,-,N,,,,,,,,,,N,2,0,1,2,A,-,11,21954,A,N,G,B,E,A,H,-,E,D,0,Y,,,,Y,,N,60,1,0,0,0,1,0,0,0,0,"- ","- ",,,"LOS ANGELES",GLENDALE,-118.232421875,34.142768859863281
82358230,2024,2024-04-08,1925,2024-03-24,1613,21090,,7,5,6,1925,0,0,0,,0,005,"CANADA BOULEVARD","WOODLAND AVENUE",28.00,W,N,B,C,N,,,,,,,,,,N,2,0,1,2,A,-,09,21802,A,N,D,C,A,B,H,-,A,A,0,,,Y,,Y,,A,01,1,0,0,0,0,0,0,0,1,"- ","- ",34.186088562011719,-118.22905731201172,"LOS ANGELES",GLENDALE,,
82358231,2024,2024-04-08,1925,2024-03-25,"856 ",28594,,1,5,6,1925,0,0,0,,0,003,"GLENDALE AVENUE","CYPRESS STREET (S)",41.00,S,N,A,-,N,,,,,,,,,,Y,3,0,1,3,A,-,09,21801,A,N,A,C,A,A,H,-,A,D,0,,,,,Y,,A,01,0,1,0,0,0,0,0,0,0,"- ","- ",,,"LOS ANGELES",GLENDALE,-118.25257873535156,34.12969970703125
82358232,2024,2024-04-08,1925,2024-03-27,"928 ",28594,,3,5,6,1925,0,0,0,,0,001,"ARDEN AVENUE","CONCORD STREET",0.00,,Y,A,-,N,,,,,,,,,,N,4,0,2,2,A,-,09,21802,A,N,D,C,A,A,H,-,A,A,0,,,,,Y,,A,07,0,0,2,0,0,0,0,0,0,"- ","- ",34.159000396728516,-118.27095031738281,"LOS ANGELES",GLENDALE,-118.27096557617188,34.159023284912109
82358233,2024,2024-04-08,1925,2024-03-27,"950 ",28594,,3,5,6,1925,0,0,0,,0,005,"HONOLULU AVENUE","ROSEMONT AVENUE",327.00,W,N,A,-,N,,,,,,,,,,N,4,0,1,2,A,-,07,21658,A,N,B,C,A,A,H,-,A,D,0,,,,,Y,,A,07,0,0,1,0,0,0,0,0,0,"- ","- ",34.208530426025391,-118.2352294921875,"LOS ANGELES",GLENDALE,-118.23611450195312,34.20904541015625
82358235,2024,2024-04-09,1925,2024-03-27,1520,21089,,3,5,6,1925,0,0,0,,0,001,"FLOWER STREET","SONORA AVENUE",0.00,,Y,A,-,N,,,,,,,,,,Y,3,0,1,2,A,-,12,21453,A,M,D,C,A,A,H,-,A,A,0,,,,,Y,,A,07,0,1,0,0,0,0,0,0,0,"- ","- ",,,"LOS ANGELES",GLENDALE,-118.29146575927734,34.162956237792969
82358237,2024,2024-04-08,1925,2024-03-28,"700 ",21089,,4,5,6,1925,0,0,0,,0,002,"PACIFIC AVENUE","VINE STREET",0.00,,Y,A,-,N,,,,,,,,,,Y,4,0,1,2,A,-,12,21453,A,N,D,C,A,A,H,-,A,A,0,,,,,Y,,A,08,0,0,1,0,0,0,0,0,0,"- ","- ",,,"LOS ANGELES",GLENDALE,-118.26441192626953,34.14080810546875
82358238,2024,2024-04-08,1925,2024-03-28,1209,21089,,4,5,6,1925,0,0,0,,0,003,"CHEVY CHASE DRIVE","BOYNTON STREET",0.00,,Y,A,-,N,,,,,,,,,,N,3,0,1,2,A,-,10,21950,A,N,G,B,B,A,H,-,A,A,0,Y,,,,Y,,A,07,0,1,0,0,1,0,0,0,0,"- ","- ",,,"LOS ANGELES",GLENDALE,-118.24907684326172,34.133670806884766
82359450,2024,2024-04-09,1925,2024-03-20,1333,26161,,3,5,6,1925,0,0,0,,0,004,"BRAND BOULEVARD","SANCHEZ DRIVE",0.00,,Y,A,-,N,,,,,,,,,,N,4,0,1,2,A,-,08,22101,D,N,D,C,A,A,H,-,A,A,0,,,,,Y,,A,01,0,0,1,0,0,0,0,0,0,"- ","- ",,,"LOS ANGELES",GLENDALE,-118.25514221191406,34.155937194824219
82359452,2024,2024-04-09,1925,2024-03-28,1743,28922,,4,5,6,1925,0,0,0,,0,004,"VERDUGO ROAD","GLENOAKS BOULEVARD",0.00,,Y,A,-,N,,,,,,,,,,N,4,0,2,2,A,-,12,21453,A,N,D,C,A,A,H,-,A,A,0,,,,,Y,,A,01,0,0,2,0,0,0,0,0,0,"- ","- ",,,"LOS ANGELES",GLENDALE,-118.23708343505859,34.157737731933594
82359456,2024,2024-04-09,1925,2024-03-29,1022,28922,,5,5,6,1925,0,0,0,,0,001,"SAN FERNANDO ROAD","THOMPSON AVENUE",7.00,N,N,A,-,N,,,,,,,,,,Y,4,0,1,2,A,-,08,22100,B,N,D,C,A,A,H,-,A,D,0,,,,,Y,,A,01,0,0,1,0,0,0,0,0,0,"- ","- ",,,"LOS ANGELES",GLENDALE,-118.29409790039062,34.170192718505859
82362739,2024,2024-04-12,1925,2024-04-01,"924 ",22249,250,1,5,6,1925,0,0,0,,0,003,"GLENDALE AVENUE","ORANGE GROVE AVENUE",87.00,S,N,A,-,N,,,,,,,,,,N,4,0,1,2,A,-,09,21804,A,N,D,C,A,A,H,-,A,D,0,,,,,Y,,A,01,0,0,1,0,0,0,0,0,0,"- ","- ",,,"LOS ANGELES",GLENDALE,-118.248779296875,34.143375396728516
82363605,2024,2024-04-15,1925,2024-04-02,"726 ",22249,158,2,5,6,1925,0,0,0,,0,004,"MONTEREY ROAD","ADAMS STREET",124.00,W,N,A,-,N,,,,,,,,,,N,4,0,1,2,A,-,03,22350,,N,C,C,A,A,H,-,A,D,0,,,,,Y,,A,07,0,0,1,0,0,0,0,0,0,"- ","- ",,,"LOS ANGELES",GLENDALE,-118.24085235595703,34.155860900878906
82363767,2024,2024-04-15,1925,2024-03-28,"827 ",26161,281,4,5,6,1925,0,0,0,,0,003,"GARFIELD AVENUE","ADAMS STREET",780.00,W,N,A,-,N,,,,,,,,,,N,4,0,1,2,A,-,09,21804,A,N,D,C,A,A,H,-,A,D,0,,,,,Y,,A,01,0,0,1,0,0,0,0,0,0,"- ","- ",34.136009216308594,-118.24176025390625,"LOS ANGELES",GLENDALE,-118.24433135986328,34.135997772216797
82363771,2024,2024-04-15,1925,2024-04-01,1624,26039,238,1,5,6,1925,0,0,0,,0,003,"GLENDALE AVENUE","WILSON AVENUE",176.00,S,N,A,-,N,,,,,,,,,,N,4,0,1,2,A,-,03,22350,,N,C,C,A,A,H,-,A,D,0,,,,,Y,,A,08,0,0,1,0,0,0,0,0,0,"- ","- ",34.148151397705078,-118.24645233154297,"LOS ANGELES",GLENDALE,-118.24663543701172,34.147693634033203
82368465,2024,2024-04-19,1925,2024-03-30,"34  ",26050,237,6,5,6,1925,0,0,0,,0,004,"GLENDALE AVENUE","CALIFORNIA AVENUE",100.00,S,N,C,-,N,,,,,,,,,,Y,4,0,1,3,A,-,03,22350,,N,A,E,A,B,H,-,C,A,0,,,,Y,Y,,A,01,0,0,1,0,0,0,0,0,0,"- ","- ",34.149829864501953,-118.24571990966797,"LOS ANGELES",GLENDALE,-118.24582672119141,34.149700164794922
82368467,2024,2024-04-19,1925,2024-04-05,1241,26161,156,5,5,6,1925,0,0,0,,0,004,"HARVEY DRIVE","WILSON TERRACE",0.00,,Y,A,-,N,,,,,,,,,,N,4,0,1,2,A,-,21,22106,,N,C,C,A,A,H,-,A,A,0,,,,,Y,,D,22,0,0,1,0,0,0,0,0,0,"- ","- ",34.148799896240234,-118.22801208496094,"LOS ANGELES",GLENDALE,-118.22792053222656,34.148872375488281
82369536,2024,2024-04-22,1925,2024-04-07,"832 ",21090,112,7,5,6,1925,0,0,0,,0,005,"LOWELL AVENUE","ABELLA STREET",392.00,N,N,B,-,N,,,,,,,,,,N,4,0,1,2,A,-,09,21804,A,N,D,C,A,A,H,-,A,D,0,,,,,Y,,A,07,0,0,1,0,0,0,0,0,0,"- ","- ",34.238048553466797,-118.26611328125,"LOS ANGELES",GLENDALE,-118.26614379882812,34.23907470703125
82369538,2024,2024-04-22,1925,2024-04-09,"617 ",30341,131,2,5,6,1925,0,0,0,,0,005,"HONOLULU AVENUE","VERDUGO ROAD",0.00,,Y,A,-,N,,,,,,,,,,Y,4,0,1,2,A,-,12,21453,A,N,D,C,A,A,H,-,A,A,0,,,,,Y,,-,"- ",0,0,1,0,0,0,0,0,0,"- ","- ",34.204860687255859,-118.22505950927734,"LOS ANGELES",GLENDALE,-118.22522735595703,34.205013275146484
82371219,2024,2024-04-22,1925,2024-04-01,1309,28595,,1,5,6,1925,0,0,0,,0,003,"VERDUGO ROAD","MAPLE STREET (S)",0.00,,Y,A,-,N,,,,,,,,,,Y,3,0,2,2,A,-,09,21802,A,N,D,C,A,A,H,-,A,A,0,,,,,Y,,D,22,0,2,0,0,0,0,0,0,0,"- ","- ",34.138980865478516,-118.23362731933594,"LOS ANGELES",GLENDALE,-118.23358917236328,34.138980865478516
82371221,2024,2024-04-22,1925,2024-04-09,1652,22249,231,2,5,6,1925,0,0,0,,0,004,"LOUISE STREET","MARYLAND PLACE",0.00,,Y,A,-,N,,,,,,,,,,Y,4,0,3,2,A,-,09,21802,A,N,D,C,A,A,H,-,A,A,0,,,,,Y,,A,01,0,0,3,0,0,0,0,0,0,"- ","- ",,,"LOS ANGELES",GLENDALE,-118.25267791748047,34.155811309814453
82371425,2024,2024-04-22,1925,2024-04-06,1415,28922,239,6,5,6,1925,0,0,0,,0,004,"CHEVY CHASE DRIVE","VERDUGO ROAD",0.00,,Y,A,-,N,,,,,,,,,,Y,4,0,1,3,A,-,09,21801,A,N,D,C,A,A,H,-,A,A,0,,,,,Y,,A,01,0,0,1,0,0,0,0,0,0,"- ","- ",34.151100158691406,-118.2364501953125,"LOS ANGELES",GLENDALE,-118.23643493652344,34.151237487792969
82371429,2024,2024-04-22,1925,2024-04-11,"750 ",30341,170,4,5,6,1925,0,0,0,,0,001,"STOCKER STREET","PACIFIC AVENUE",0.00,,Y,A,-,N,,,,,,,,,,N,4,0,1,2,A,-,11,21954,A,N,G,B,D,A,H,-,A,D,0,Y,,,,Y,,N,60,0,0,1,0,1,0,0,0,0,"- ","- ",34.163211822509766,-118.26496124267578,"LOS ANGELES",GLENDALE,-118.26493072509766,34.163162231445312
82372615,2024,2024-04-23,1925,2024-04-09,1717,28595,169,2,5,6,1925,0,0,0,,0,001,"DRYDEN STREET","SAN RAFAEL AVENUE",0.00,,Y,A,-,N,,,,,,,,,,Y,4,0,1,2,A,-,09,21802,A,N,D,C,A,A,H,-,A,A,0,,,,,Y,,A,07,0,0,1,0,0,0,0,0,0,"- ","- ",34.161491394042969,-118.26081848144531,"LOS ANGELES",GLENDALE,-118.26084136962891,34.161472320556641
82374673,2024,2024-04-25,1925,2024-04-12,"445 ",26050,,5,5,6,1925,0,0,0,,0,004,"JACKSON STREET","MONTEREY ROAD",15.00,N,N,A,-,N,,,,,,,,,,Y,3,0,1,3,A,-,08,22107,,N,C,E,A,A,H,-,C,A,0,,,,,Y,,A,01,0,1,0,0,0,0,0,0,0,"- ","- ",34.157459259033203,-118.25025939941406,"LOS ANGELES",GLENDALE,-118.25025177001953,34.15753173828125
82374674,2024,2024-04-25,1925,2024-04-13,1626,28823,,6,5,6,1925,0,0,0,,0,001,"BRAND BOULEVARD","GOODE AVENUE",0.00,,Y,C,-,N,,,,,,,,,,N,4,0,2,2,A,-,00,23123,,N,D,C,A,B,H,-,A,A,0,,,,,Y,,-,"- ",0,0,2,0,0,0,0,0,0,"- ","- ",34.156761169433594,-118.25507354736328,"LOS ANGELES",GLENDALE,-118.25514984130859,34.156764984130859
82375613,2024,2024-04-26,1925,2024-04-14,2140,29788,,7,5,6,1925,0,0,0,,0,001,"LAKE STREET","LINDEN COURT",0.00,,Y,A,-,N,,,,,,,,,,Y,4,0,1,8,A,-,03,22350,,N,H,E,A,B,H,-,C,A,0,,,,,Y,,A,07,0,0,1,0,0,0,0,0,0,"- ","- ",,,"LOS ANGELES",GLENDALE,-118.30238342285156,34.166824340820312
82375615,2024,2024-04-26,1925,2024-04-15,1212,22249,,1,5,6,1925,0,0,0,,0,005,"LOWELL AVENUE","ABELLA STREET",225.00,N,N,A,B,N,,,,,,,,,,Y,3,0,1,2,A,-,09,21801,A,N,H,A,A,A,H,-,A,D,0,,,,,Y,,A,07,0,1,0,0,0,0,0,0,0,"- ","- ",,,"LOS ANGELES",GLENDALE,-118.26615142822266,34.238616943359375
82378055,2024,2024-04-30,1925,2024-04-12,1746,29229,240,5,5,6,1925,0,0,0,,0,004,"CALIFORNIA AVENUE","VERDUGO ROAD (N)",219.00,W,N,B,-,N,,,,,,,,,,N,4,0,1,2,A,-,09,21804,A,N,D,C,A,A,H,-,A,D,0,,,,,Y,,A,01,0,0,1,0,0,0,0,0,0,"- ","- ",34.150379180908203,-118.23622131347656,"LOS ANGELES",GLENDALE,,
82378057,2024,2024-04-30,1925,2024-04-17,"900 ",28525,239,3,5,6,1925,0,0,0,,0,004,"VERDUGO ROAD",BROADWAY,190.00,N,N,A,-,N,,,,,,,,,,Y,4,0,1,2,A,-,08,22107,,N,B,C,A,A,H,-,A,D,0,,,,,Y,,A,01,0,0,1,0,0,0,0,0,0,"- ","- ",34.146141052246094,-118.23504638671875,"LOS ANGELES",GLENDALE,,
82378058,2024,2024-04-30,1925,2024-04-18,"738 ",29229,138,4,5,6,1925,0,0,0,,0,005,"CANADA BOULEVARD","WABASSO WAY",0.00,,Y,A,-,N,,,,,,,,,,Y,4,0,3,2,A,-,12,21453,A,N,D,C,A,A,H,-,A,A,0,,,,,Y,,A,01,0,0,3,0,0,0,0,0,0,"- ","- ",34.178230285644531,-118.22891998291016,"LOS ANGELES",GLENDALE,-118.22899627685547,34.178390502929688
82379121,2024,2024-05-01,1925,2024-04-19,2149,26050,148,5,5,6,1925,0,0,0,,0,004,"VERDUGO ROAD","CALAFIA STREET",0.00,,Y,A,-,N,,,,,,,,,,Y,2,0,1,1,A,-,03,22350,,N,E,I,A,A,H,-,C,A,0,,,Y,,Y,,C,02,1,0,0,0,0,0,0,0,1,"- ","- ",34.181510925292969,-118.22564697265625,"LOS ANGELES",GLENDALE,-118.22563171386719,34.181522369384766
82380956,2024,2024-05-03,1925,2024-04-20,1423,29229,,6,5,6,1925,0,0,0,,0,001,"GRANDVIEW AVENUE","GLENOAKS BOULEVARD",288.00,N,N,A,-,N,,,,,,,,,,N,4,0,1,2,A,-,03,22350,,N,C,C,A,A,H,-,A,D,0,,,,,Y,,A,01,0,0,1,0,0,0,0,0,0,"- ","- ",34.165058135986328,-118.28140258789062,"LOS ANGELES",GLENDALE,-118.28118133544922,34.165740966796875
82380957,2024,2024-05-03,1925,2024-04-22,1302,24810,,1,5,6,1925,0,0,0,,0,004,BROADWAY,"KENWOOD STREET",8.00,N,N,A,-,N,,,,,,,,,,N,4,0,1,2,A,-,10,21950,A,M,G,B,B,A,H,-,A,A,0,Y,,,,Y,,A,01,0,0,1,0,1,0,0,0,0,"- ","- ",34.146198272705078,-118.25137329101562,"LOS ANGELES",GLENDALE,,
82381720,2024,2024-05-06,1925,2024-04-21,1729,28380,,7,5,6,1925,0,0,0,,0,001,"SAN FERNANDO ROAD","GRANDVIEW AVENUE",35.00,W,N,-,-,N,,,,,,,,,,N,4,0,1,2,A,-,03,22350,,N,C,C,A,A,H,-,A,A,0,,,,,Y,,A,01,0,0,1,0,0,0,0,0,0,"- ","- ",34.161750793457031,-118.28250122070312,"LOS ANGELES",GLENDALE,-118.28263854980469,34.161808013916016
82382000,2024,2024-05-06,1925,2024-04-22,"751 ",28595,,1,5,6,1925,0,0,0,,0,004,"WILSON AVENUE","BELMONT STREET",75.00,E,N,A,-,N,,,,,,,,,,Y,4,0,1,2,A,-,08,22107,,N,B,E,A,A,H,-,A,D,0,,,,,Y,,A,07,0,0,1,0,0,0,0,0,0,"- ","- ",34.148109436035156,-118.24307250976562,"LOS ANGELES",GLENDALE,-118.24285125732422,34.148113250732422
82382001,2024,2024-05-06,1925,2024-04-23,1834,22249,,2,5,6,1925,0,0,0,,0,004,"VERDUGO ROAD","SHERER LANE",0.00,,Y,B,-,N,,,,,,,,,,Y,4,0,1,2,A,-,09,21802,A,N,D,C,A,A,H,-,A,A,0,,,,,Y,,A,01,0,0,1,0,0,0,0,0,0,"- ","- ",,,"LOS ANGELES",GLENDALE,-118.22640228271484,34.173324584960938
82382154,2024,2024-05-06,1925,2024-04-13,1735,29635,,6,5,6,1925,0,0,0,,0,004,"GENEVA STREET","LEXINGTON DRIVE",0.00,,Y,C,-,N,,,,,,,,,,N,4,0,1,2,A,-,12,22450,A,N,D,C,A,B,H,-,A,A,0,,,,,Y,,A,01,0,0,1,0,0,0,0,0,0,"- ","- ",34.151821136474609,-118.24635314941406,"LOS ANGELES",GLENDALE,-118.24637603759766,34.151821136474609
82382155,2024,2024-05-06,1925,2024-04-19,1700,28525,,5,5,6,1925,0,0,0,,0,004,"LINDA VISTA ROAD","FIGUEROA STREET (E)",1056.00,E,N,A,-,N,,,,,,,,,,N,4,0,1,2,A,-,05,21460,A,N,A,C,A,A,H,-,A,D,0,,,,,Y,,A,01,0,0,1,0,0,0,0,0,0,"- ","- ",34.172050476074219,-118.19164276123047,"LOS ANGELES",GLENDALE,,
82382157,2024,2024-05-06,1925,2024-04-21,1624,25164,,7,5,6,1925,0,0,0,,0,002,BROADWAY,"CENTRAL AVENUE",20.00,E,N,A,-,N,,,,,,,,,,N,4,0,1,2,A,-,08,22100,A,N,A,C,A,A,H,-,A,A,0,,,,,Y,,A,07,0,0,1,0,0,0,0,0,0,"- ","- ",34.146831512451172,-118.25788116455078,"LOS ANGELES",GLENDALE,-118.25784301757812,34.146839141845703
82385498,2024,2024-05-09,1925,2024-04-16,1926,22783,,2,5,6,1925,0,0,0,,0,002,"SAN FERNANDO ROAD",BROADWAY,60.00,N,N,A,-,N,,,,,,,,,,N,3,0,1,2,A,-,03,22350,,N,C,G,A,A,H,-,A,D,0,,Y,,,Y,,L,04,0,1,0,0,0,0,1,0,0,"- ","- ",34.146778106689453,-118.27176666259766,"LOS ANGELES",GLENDALE,-118.27191162109375,34.146930694580078
82385499,2024,2024-05-09,1925,2024-04-18,2246,22783,,4,5,6,1925,0,0,0,,0,002,"SALEM STREET","KENILWORTH AVENUE",299.00,W,N,A,-,N,,,,,,,,,,N,3,0,1,3,A,-,03,22350,,N,A,E,A,A,H,-,C,D,0,,,Y,,Y,,C,02,0,1,0,0,0,0,0,0,1,"- ","- ",34.148899078369141,-118.26598358154297,"LOS ANGELES",GLENDALE,-118.26699829101562,34.148883819580078
82385502,2024,2024-05-09,1925,2024-04-24,1810,28660,,3,5,6,1925,0,0,0,,0,002,"CENTRAL AVENUE","MYRTLE STREET",30.00,N,N,A,-,N,,,,,,,,,,N,4,0,1,2,A,-,03,22350,,N,C,C,A,A,H,-,A,D,0,,,,,Y,,A,01,0,0,1,0,0,0,0,0,0,"- ","- ",34.150798797607422,-118.25791168212891,"LOS ANGELES",GLENDALE,-118.25794219970703,34.150943756103516
82386496,2024,2024-05-10,1925,2024-04-23,1018,26039,,2,5,6,1925,0,0,0,,0,002,"SAN FERNANDO ROAD","DORAN STREET",0.00,,Y,A,-,N,,,,,,,,,,N,3,0,1,2,A,-,06,21755,A,N,B,C,A,A,C,-,A,A,0,,,Y,,Y,,C,02,0,1,0,0,0,0,0,0,1,"- ","- ",34.153228759765625,-118.275146484375,"LOS ANGELES",GLENDALE,-118.27512359619141,34.153263092041016
82387355,2024,2024-05-13,1925,2024-04-21,"245 ",29235,,7,5,6,1925,0,0,0,,0,002,"N/S ALLEY WEST OF 215 N. BRAND BLVD","N. ORANGE ST",164.00,E,N,A,-,N,,,,,,,,,,Y,1,1,0,2,A,-,11,21954,A,N,G,B,E,A,H,-,C,D,0,Y,,,,Y,Y,N,60,0,0,0,1,0,0,0,0,0,"- ","- ",,,"LOS ANGELES",GLENDALE,,
82387356,2024,2024-05-13,1925,2024-04-29,1513,24810,,1,5,6,1925,0,0,0,,0,005,"HONOLULU AVENUE","OCEAN VIEW BOULEVARD",0.00,,Y,A,-,N,,,,,,,,,,N,4,0,1,2,A,-,05,21202,A,N,D,G,A,A,H,-,A,A,0,,Y,,,Y,,L,04,0,0,1,0,0,0,1,0,0,"- ","- ",34.205318450927734,-118.22785186767578,"LOS ANGELES",GLENDALE,-118.22799682617188,34.205490112304688
82387566,2024,2024-05-13,1925,2024-04-23,1723,26039,,2,5,6,1925,0,0,0,,0,002,"WILSON AVENUE","KENILWORTH AVENUE",0.00,,Y,A,-,N,,,,,,,,,,Y,3,0,2,2,A,-,09,21802,A,N,D,C,A,A,H,-,A,A,0,,,,,Y,,A,01,0,1,1,0,0,0,0,0,0,"- ","- ",34.14788818359375,-118.26600646972656,"LOS ANGELES",GLENDALE,-118.26599884033203,34.147979736328125
82387795,2024,2024-05-13,1925,2024-05-01,1618,29987,,3,5,6,1925,0,0,0,,0,001,"FLOWER STREET","THOMPSON AVENUE",0.00,,Y,-,-,N,,,,,,,,,,Y,3,0,1,2,A,-,09,21801,A,N,D,C,A,A,H,-,A,A,0,,,,,Y,,A,01,0,1,0,0,0,0,0,0,0,"- ","- ",,,"LOS ANGELES",GLENDALE,-118.29727935791016,34.16717529296875
82388965,2024,2024-05-14,1925,2024-04-29,1728,29229,,1,5,6,1925,0,0,0,,0,002,BROADWAY,"EVERETT STREET",0.00,,Y,A,-,N,,,,,,,,,,N,3,0,1,3,A,-,12,21453,A,N,D,C,A,A,H,-,A,A,0,,,,,Y,,-,"- ",0,1,0,0,0,0,0,0,0,"- ","- ",,,"LOS ANGELES",GLENDALE,-118.24558258056641,34.146297454833984
82388966,2024,2024-05-14,1925,2024-05-01,1117,29987,,3,5,6,1925,0,0,0,,0,001,"DORAN STREET","COMMERCIAL STREET",136.00,W,N,A,-,N,,,,,,,,,,N,2,0,1,2,A,-,02,22400,A,N,C,C,A,A,H,-,A,A,0,,,Y,,Y,,C,02,1,0,0,0,0,0,0,0,0,"- ","- ",34.153461456298828,-118.27352905273438,"LOS ANGELES",GLENDALE,-118.27397918701172,34.15350341796875
82388970,2024,2024-05-14,1925,2024-05-02,1921,26050,,4,5,6,1925,0,0,0,,0,004,BROADWAY,"KENWOOD STREET",0.00,,Y,A,-,N,,,,,,,,,,N,3,0,1,2,A,-,09,21801,A,N,D,C,A,A,H,-,A,A,0,,,,,Y,,A,01,0,1,0,0,0,0,0,0,0,"- ","- ",34.146339416503906,-118.25135040283203,"LOS ANGELES",GLENDALE,-118.25138092041016,34.146324157714844
82392341,2024,2024-05-17,1925,2024-04-23,1308,28595,,2,5,6,1925,0,0,0,,0,002,"CHEVY CHASE DRIVE","CENTRAL AVENUE",140.00,E,N,A,-,N,,,,,,,,,,N,4,0,2,2,A,-,03,22350,,N,C,C,A,A,H,-,A,D,0,,,,,Y,,A,08,0,0,2,0,0,0,0,0,0,"- ","- ",34.133541107177734,-118.25782775878906,"LOS ANGELES",GLENDALE,-118.25736999511719,34.133510589599609
82392342,2024,2024-05-17,1925,2024-04-24,1135,28595,,3,5,6,1925,0,0,0,,0,001,"GLENOAKS BOULEVARD","ALLEN AVENUE",0.00,,Y,A,-,N,,,,,,,,,,Y,3,0,1,2,A,-,08,22100,B,N,D,C,A,A,H,-,A,A,0,,,,,Y,,A,01,0,1,0,0,0,0,0,0,0,"- ","- ",34.173931121826172,-118.29355621337891,"LOS ANGELES",GLENDALE,-118.29360198974609,34.173862457275391
82392345,2024,2024-05-17,1925,2024-05-05,1340,30317,,7,5,6,1925,0,0,0,,0,003,"PARK AVENUE","TYLER STREET",0.00,,Y,A,-,N,,,,,,,,,,N,4,0,1,2,A,-,09,21801,A,N,D,C,A,A,H,-,A,D,0,,,,,Y,,A,07,0,0,1,0,0,0,0,0,0,"- ","- ",34.13336181640625,-118.239501953125,"LOS ANGELES",GLENDALE,-118.23944091796875,34.133499145507812
82392348,2024,2024-05-17,1925,2024-05-06,1023,22249,,1,5,6,1925,0,0,0,,0,005,"FOOTHILL BOULEVARD","NEW YORK AVENUE",51.00,E,N,A,-,N,,,,,,,,,,N,4,0,1,2,A,-,03,22350,,N,C,C,A,A,H,-,A,A,0,,,,,Y,,D,22,0,0,1,0,0,0,0,0,0,"- ","- ",,,"LOS ANGELES",GLENDALE,-118.25290679931641,34.232196807861328
82392349,2024,2024-05-17,1925,2024-05-06,1211,22249,,1,5,6,1925,0,0,0,,0,005,"SANTA CARLOTTA STREET","FREDERICK AVENUE (E)",0.00,S,Y,A,-,N,,,,,,,,,,Y,3,0,2,2,A,-,09,21802,A,N,D,C,A,A,H,-,A,A,0,,,,,Y,,A,07,0,1,1,0,0,0,0,0,0,"- ","- ",,,"LOS ANGELES",GLENDALE,-118.25556945800781,34.241065979003906
82393182,2024,2024-05-20,1925,2024-05-05,1737,28594,,7,5,6,1925,0,0,0,,0,004,"VERDUGO ROAD","GLORIETTA AVENUE",32.00,S,N,A,-,N,,,,,,,,,,Y,4,0,2,2,A,-,03,22350,,N,C,C,A,A,H,-,A,A,0,,,,,Y,,A,07,0,0,2,0,0,0,0,0,0,"- ","- ",,,"LOS ANGELES",GLENDALE,-118.22573852539062,34.187335968017578
82393183,2024,2024-05-20,1925,2024-05-05,1745,29285,,7,5,6,1925,0,0,0,,0,005,"CANADA BOULEVARD","SANTA BARBARA AVENUE",31.00,N,N,A,-,N,,,,,,,,,,N,3,0,1,1,A,-,03,22350,,N,E,J,A,A,H,-,A,D,0,,,Y,,Y,,C,02,0,1,0,0,0,0,0,0,1,"- ","- ",34.188461303710938,-118.22913360595703,"LOS ANGELES",GLENDALE,-118.22911071777344,34.188503265380859
82393391,2024,2024-05-20,1925,2024-04-28,1652,26161,,7,5,6,1925,0,0,0,,0,003,"ACACIA AVENUE","GLENDALE AVENUE (S)",125.00,E,N,A,-,N,,,,,,,,,,N,3,0,1,2,C,-,18,,,N,B,E,A,A,H,-,A,D,0,,,,,Y,,-,"- ",0,1,0,0,0,0,0,0,0,"- ","- ",,,"LOS ANGELES",GLENDALE,,
82393392,2024,2024-05-20,1925,2024-04-30,1811,21089,,2,5,6,1925,0,0,0,,0,002,"LOMITA AVENUE","CENTRAL AVENUE (S)",265.00,W,N,A,-,N,,,,,,,,,,N,4,0,1,3,A,-,09,21804,A,N,D,C,A,A,H,-,A,D,0,,,,,Y,,A,07,0,0,1,0,0,0,0,0,0,"- ","- ",,,"LOS ANGELES",GLENDALE,-118.25873565673828,34.139907836914062
82393393,2024,2024-05-20,1925,2024-05-06,"827 ",26039,,1,5,6,1925,0,0,0,,0,004,"BRAND BOULEVARD","GOODE AVENUE",0.00,,Y,A,-,Y,,,,,,,,,,Y,4,0,2,2,A,-,12,21453,A,N,D,C,A,A,H,-,A,A,0,,,,,Y,,-,"- ",0,0,2,0,0,0,0,0,0,"- ","- ",34.156761169433594,-118.25507354736328,"LOS ANGELES",GLENDALE,-118.25514984130859,34.156764984130859
82393394,2024,2024-05-20,1925,2024-05-06,1238,27629,,1,5,6,1925,0,0,0,,0,002,"JACKSON STREET","MONTEREY ROAD",0.00,,Y,A,-,N,,,,,,,,,,N,3,0,2,2,A,-,12,21453,A,N,D,C,A,A,H,-,A,A,0,,,,,Y,,A,01,0,1,1,0,0,0,0,0,0,"- ","- ",34.157459259033203,-118.25025939941406,"LOS ANGELES",GLENDALE,-118.25025177001953,34.157493591308594
82393398,2024,2024-05-20,1925,2024-05-08,"122 ",24967,,3,5,6,1925,0,0,0,,0,,"WILSON AVENUE","CEDAR STREET",92.00,W,N,A,-,N,,,,,,,,,,N,4,0,1,3,A,-,07,21658,A,N,B,E,A,A,H,-,C,D,0,,,,,Y,,A,01,0,0,1,0,0,0,0,0,0,"- ","- ",34.148120880126953,-118.24433135986328,"LOS ANGELES",GLENDALE,-118.24465179443359,34.148136138916016
82394638,2024,2024-05-21,1925,2024-05-03,1258,26161,,5,5,6,1925,0,0,0,,0,003,"COLORADO STREET","BRAND BOULEVARD",213.00,W,N,A,-,N,,,,,,,,,,N,4,0,1,2,A,-,08,22107,,N,B,C,A,A,H,-,A,D,0,,,,,Y,,I,11,0,0,1,0,0,0,0,0,0,"- ","- ",,,"LOS ANGELES",GLENDALE,,
82394640,2024,2024-05-21,1925,2024-05-08,1824,28670,,3,5,6,1925,0,0,0,,0,002,"PACIFIC AVENUE","134 ON RAMP",0.00,,Y,A,-,N,,,,,,,,,,Y,3,0,1,2,A,-,12,21453,A,N,D,C,A,A,H,-,A,A,0,,,Y,,Y,,C,02,0,1,0,0,0,0,0,0,1,"- ","- ",,,"LOS ANGELES",GLENDALE,-118.26455799999999,34.155779000000003
82396662,2024,2024-05-23,1925,2024-05-12,"248 ",26160,,7,5,6,1925,0,0,0,,0,001,"MOUNTAIN STREET","WINCHESTER AVENUE",0.00,,Y,A,-,N,,,,,,,,,,Y,2,0,2,1,A,-,03,22350,,N,E,I,A,A,H,-,C,D,0,,,,,Y,,A,01,1,1,0,0,0,0,0,0,0,"- ","- ",34.180820465087891,-118.27774047851562,"LOS ANGELES",GLENDALE,-118.27771759033203,34.180812835693359
82397766,2024,2024-05-24,1925,2024-05-06,1609,28595,,1,5,6,1925,0,0,0,,0,001,"RIVERSIDE DRIVE","IRVING AVENUE",145.00,W,N,A,-,N,,,,,,,,,,Y,4,0,1,2,A,-,09,21804,A,N,D,C,A,A,H,-,A,A,0,,,,,Y,,A,07,0,0,1,0,0,0,0,0,0,"- ","- ",34.161018371582031,-118.30545806884766,"LOS ANGELES",GLENDALE,-118.30579376220703,34.161281585693359
82397767,2024,2024-05-24,1925,2024-05-06,2244,29326,,1,5,6,1925,0,0,0,,0,004,"CHEVY CHASE DRIVE","VERDUGO ROAD",44.00,S,N,A,-,N,,,,,,,,,,Y,4,0,1,1,A,-,08,22107,,N,E,I,A,A,H,-,C,A,0,,,,,Y,,A,01,0,0,1,0,0,0,0,0,0,"- ","- ",,,"LOS ANGELES",GLENDALE,,
82397770,2024,2024-05-24,1925,2024-05-10,1132,29229,,5,5,6,1925,0,0,0,,0,005,"LA CRESCENTA AVENUE","HONOLULU AVENUE",0.00,,Y,A,-,N,,,,,,,,,,N,3,0,1,3,A,-,12,21453,A,N,D,C,A,A,H,-,A,A,0,,,,,Y,,A,07,0,1,0,0,0,0,0,0,0,"- ","- ",,,"LOS ANGELES",GLENDALE,-118.24000549316406,34.211456298828125
82397773,2024,2024-05-27,1925,2024-05-12,1411,28380,,7,5,6,1925,0,0,0,,0,001,"1601 W MOUNTAIN ST","MOUNTAIN ST",125.00,N,N,A,-,N,,,,,,,,,,N,4,0,1,2,A,-,11,21954,A,M,G,B,E,A,H,-,A,D,0,Y,,,,Y,,N,60,0,0,1,0,1,0,0,0,0,"- ","- ",,,"LOS ANGELES",GLENDALE,,
82397774,2024,2024-05-27,1925,2024-05-13,1403,28418,,1,5,6,1925,0,0,0,,0,004,"MONTEREY ROAD","JACKSON STREET",0.00,,Y,A,-,N,,,,,,,,,,Y,3,0,2,3,A,-,12,21453,A,N,D,C,A,A,H,-,A,A,0,,,,,Y,,A,01,0,1,1,0,0,0,0,0,0,"- ","- ",34.157459259033203,-118.25025939941406,"LOS ANGELES",GLENDALE,-118.25025177001953,34.157493591308594
82398655,2024,2024-05-27,1925,2024-05-06,"816 ",28769,,1,5,6,1925,0,0,0,,0,003,"ROCK GLEN AVENUE","VERDUGO ROAD",41.00,E,N,A,-,N,,,,,,,,,,N,4,0,1,2,A,-,03,22350,,N,C,C,A,A,H,-,C,D,0,,,,,Y,,A,01,0,0,1,0,0,0,0,0,0,"- ","- ",34.140220642089844,-118.23361206054688,"LOS ANGELES",GLENDALE,-118.23346710205078,34.140239715576172
82398866,2024,2024-05-27,1925,2024-05-05,2020,28134,,7,5,6,1925,0,0,0,,0,003,"COLORADO STREET","GLENDALE AVENUE",50.00,E,N,A,-,N,,,,,,,,,,Y,4,0,1,2,A,-,01,23152,A,N,C,C,A,A,H,-,C,A,0,,,,,Y,Y,A,01,0,0,1,0,0,0,0,0,0,"- ","- ",34.142650604248047,-118.24932098388672,"LOS ANGELES",GLENDALE,-118.24910736083984,34.142658233642578
82398869,2024,2024-05-27,1925,2024-05-14,1221,27629,,2,5,6,1925,0,0,0,,0,002,"CENTRAL AVENUE",BROADWAY,150.00,N,N,A,-,N,,,,,,,,,,N,4,0,1,2,D,-,00,,,N,D,C,A,A,H,-,A,A,0,,,,,Y,,-,"- ",0,0,1,0,0,0,0,0,0,"- ","- ",,,"LOS ANGELES",GLENDALE,-118.25791931152344,34.147251129150391
82399083,2024,2024-05-27,1925,2024-05-15,1453,29229,,3,5,6,1925,0,0,0,,0,002,"SAN FERNANDO ROAD","MILFORD STREET",0.00,,Y,A,-,N,,,,,,,,,,N,3,0,1,2,A,-,03,22350,,N,G,B,E,A,D,-,A,D,0,Y,,,,Y,,N,60,0,1,0,0,1,0,0,0,0,"- ","- ",,,"LOS ANGELES",GLENDALE,-118.27458953857422,34.152156829833984
82401805,2024,2024-05-30,1925,2024-05-18,"927 ",30317,,6,5,6,1925,0,0,0,,0,002,BROADWAY,"ORANGE STREET",0.00,,Y,A,-,N,,,,,,,,,,N,3,0,1,2,A,-,12,21453,A,N,D,C,A,A,H,-,A,A,0,,,,,Y,,-,"- ",0,1,0,0,0,0,0,0,0,"- ","- ",34.146469116210938,-118.25636291503906,"LOS ANGELES",GLENDALE,-118.25637054443359,34.146430969238281
82402800,2024,2024-05-31,1925,2024-05-15,1106,28595,,3,5,6,1925,0,0,0,,0,003,"COLORADO STREET","GLENDALE AVENUE",0.00,,Y,A,-,N,,,,,,,,,,Y,4,0,1,1,C,-,18,,,N,E,I,A,A,H,-,A,A,0,,,,,Y,,-,"- ",0,0,1,0,0,0,0,0,0,"- ","- ",34.142650604248047,-118.24932098388672,"LOS ANGELES",GLENDALE,-118.24927520751953,34.142662048339844
82402801,2024,2024-05-31,1925,2024-05-16,1327,21089,,4,5,6,1925,0,0,0,,0,005,"PARK PLACE","VERDUGO BOULEVARD",250.00,N,N,A,-,N,,,,,,,,,,Y,4,0,1,3,A,-,09,21804,A,N,D,C,A,A,H,-,A,D,0,,,,,Y,,A,01,0,0,1,0,0,0,0,0,0,"- ","- ",,,"LOS ANGELES",GLENDALE,-118.22336578369141,34.205417633056641
82402804,2024,2024-05-31,1925,2024-05-20,"808 ",21089,,1,5,6,1925,0,0,0,,0,005,"PENNSYLVANIA AVENUE","COMMUNITY AVENUE (N)",0.00,,Y,C,-,N,,,,,,,,,,N,4,0,2,3,A,-,03,22350,,N,C,C,A,B,H,-,A,D,0,,,,,Y,,D,22,0,0,2,0,0,0,0,0,0,"- ","- ",,,"LOS ANGELES",GLENDALE,-118.24867248535156,34.227394104003906
82402805,2024,2024-05-31,1925,2024-05-20,"909 ",28418,,1,5,6,1925,0,0,0,,0,003,"COLORADO STREET","WING STREET",0.00,,Y,B,-,N,,,,,,,,,,N,4,0,1,2,A,-,10,21950,A,N,G,B,B,A,H,-,A,D,0,Y,,,,Y,,A,01,0,0,1,0,1,0,0,0,0,"- ","- ",34.142509460449219,-118.23847198486328,"LOS ANGELES",GLENDALE,-118.23843383789062,34.142662048339844
82403631,2024,2024-06-03,1925,2024-05-18,"306 ",28953,,6,5,6,1925,0,0,0,,0,001,"FAIRMONT AVENUE","SAN FERNANDO ROAD",150.00,E,N,A,-,N,,,,,,,,,,Y,3,0,1,1,A,-,08,22107,,N,E,J,A,A,H,-,C,A,0,,,,,Y,,A,01,0,1,0,0,0,0,0,0,0,"- ","- ",34.154640197753906,-118.27594757080078,"LOS ANGELES",GLENDALE,-118.27555084228516,34.154872894287109
82403632,2024,2024-06-03,1925,2024-05-18,1837,29326,,6,5,6,1925,0,0,0,,0,001,"ARDEN AVENUE","CENTRAL AVENUE",0.00,,Y,A,-,N,,,,,,,,,,Y,4,0,2,2,A,-,12,21453,A,N,D,C,A,A,H,-,A,D,0,,,,,Y,,A,07,0,0,2,0,0,0,0,0,0,"- ","- ",,,"LOS ANGELES",GLENDALE,-118.25804901123047,34.158500671386719
82403633,2024,2024-06-03,1925,2024-05-19,1552,21090,,7,5,6,1925,0,0,0,,0,005,"BROADVIEW DRIVE","VERDUGO ROAD",0.00,,Y,A,-,N,,,,,,,,,,Y,3,0,2,2,A,-,12,21453,A,N,D,C,A,A,H,-,A,A,0,,,,,Y,,A,07,0,1,1,0,0,0,0,0,0,"- ","- ",34.203689575195312,-118.22608184814453,"LOS ANGELES",GLENDALE,-118.22606658935547,34.203697204589844
82403634,2024,2024-06-03,1925,2024-05-19,"101 ",23218,,7,5,6,1925,0,0,0,,0,003,"CENTRAL AVENUE","134 FREEWAY ON RAMP",30.00,N,N,A,-,N,,,,,,,,,,Y,3,0,2,2,A,-,09,21801,A,N,D,C,A,A,H,-,C,A,0,,,,,Y,,A,01,0,2,0,0,0,0,0,0,0,"- ","- ",34.134479522705078,-118.25785827636719,"LOS ANGELES",GLENDALE,-118.25473022460938,33.910793304443359
82403635,2024,2024-06-03,1925,2024-05-20,1419,21995,,1,5,6,1925,0,0,0,,0,003,"EULALIA ST","GLENDALE AVE",15.00,W,N,A,-,N,,,,,,,,,,N,4,0,1,2,A,-,10,21950,A,M,G,B,B,A,H,-,A,D,0,Y,,,,Y,,A,07,0,0,1,0,1,0,0,0,0,"- ","- ",,,"LOS ANGELES",GLENDALE,-118.25308990478516,34.126579284667969
82407365,2024,2024-06-06,1925,2024-05-15,"424 ",28091,,3,5,6,1925,0,0,0,,0,003,"WILSON AVENUE","SINCLAIR AVENUE (E)",270.00,E,N,A,-,N,,,,,,,,,,Y,4,0,1,4,A,-,03,22350,,N,B,E,A,A,H,-,C,D,0,,,,,Y,,A,01,0,0,1,0,0,0,0,0,0,"- ","- ",,,"LOS ANGELES",GLENDALE,-118.23155212402344,34.148002624511719
82407366,2024,2024-06-06,1925,2024-05-16,"554 ",28769,,4,5,6,1925,0,0,0,,0,002,"SAN FERNANDO ROAD","SOUTH CURB LINE OF HARVARD",1.00,S,N,A,-,N,,,,,,,,,,Y,3,0,1,1,A,-,01,23152,A,M,E,I,A,A,D,-,C,A,0,,,,,Y,Y,A,01,0,1,0,0,0,0,0,0,0,"- ","- ",,,"LOS ANGELES",GLENDALE,,
82407371,2024,2024-06-06,1925,2024-05-24,1605,29229,,5,5,6,1925,0,0,0,,0,004,"VERDUGO ROAD","GLENOAKS BOULEVARD",72.00,N,N,B,-,N,,,,,,,,,,N,4,0,1,2,A,-,03,22350,,M,C,C,A,B,H,-,A,A,0,,,,,Y,,-,99,0,0,1,0,0,0,0,0,0,"- ","- ",34.157741546630859,-118.237060546875,"LOS ANGELES",GLENDALE,-118.23704528808594,34.157936096191406
82407374,2024,2024-06-06,1925,2024-05-25,1535,22598,,6,5,6,1925,0,0,0,,0,005,"VERDUGO BOULEVARD","PARK PLACE",82.00,E,N,A,-,N,,,,,,,,,,Y,4,0,1,2,A,-,08,22102,,N,D,C,A,A,H,-,A,D,0,,,,,Y,,A,01,0,0,1,0,0,0,0,0,0,"- ","- ",34.204761505126953,-118.22319793701172,"LOS ANGELES",GLENDALE,-118.22290802001953,34.204730987548828
82408419,2024,2024-06-07,1925,2024-05-23,1433,26161,,4,5,6,1925,0,0,0,,0,004,"CANADA BOULEVARD","COLINA DRIVE",0.00,,Y,A,-,N,,,,,,,,,,Y,4,0,1,2,A,-,09,21801,A,N,D,C,A,A,H,-,A,A,0,,,Y,,Y,,C,02,0,0,1,0,0,0,0,0,1,"- ","- ",,,"LOS ANGELES",GLENDALE,-118.22898864746094,34.174404144287109
82408420,2024,2024-06-07,1925,2024-05-26,"825 ",27629,,7,5,6,1925,0,0,0,,0,001,"DRYDEN STREET","CONCORD STREET",300.00,W,N,B,-,N,,,,,,,,,,N,3,0,2,2,A,-,08,22107,,N,C,E,A,A,H,-,A,D,0,,,,,Y,,A,01,0,1,1,0,0,0,0,0,0,"- ","- ",34.160930633544922,-118.27071380615234,"LOS ANGELES",GLENDALE,-118.27170562744141,34.161094665527344
82409484,2024,2024-06-10,1925,2024-05-27,1431,27629,,1,5,6,1925,0,0,0,,0,002,"BRAND BOULEVARD","SANCHEZ DRIVE",10.00,S,N,A,-,N,,,,,,,,,,N,4,0,2,2,A,-,08,22107,,N,B,C,A,A,H,-,A,A,0,,,,,Y,,A,01,0,0,2,0,0,0,0,0,0,"- ","- ",34.155849456787109,-118.25507354736328,"LOS ANGELES",GLENDALE,-118.25514221191406,34.155914306640625
82409485,2024,2024-06-10,1925,2024-05-27,1817,22249,,1,5,6,1925,0,0,0,,0,002,"PACIFIC AVENUE","CALIFORNIA AVENUE",0.00,,Y,A,-,N,,,,,,,,,,Y,4,0,2,2,A,-,12,21453,A,N,D,C,A,A,H,-,A,A,0,,,,,Y,,A,01,0,0,2,0,0,0,0,0,0,"- ","- ",,,"LOS ANGELES",GLENDALE,-118.26454162597656,34.149806976318359
82409651,2024,2024-06-10,1925,2024-05-21,1238,28595,,2,5,6,1925,0,0,0,,0,002,"DORAN STREET","KENILWORTH AVENUE",245.00,W,N,A,-,N,,,,,,,,,,N,3,0,1,3,A,-,08,22107,,N,B,E,A,A,H,-,A,D,0,,,,,Y,,A,01,0,1,0,0,0,0,0,0,0,"- ","- ",34.154029846191406,-118.2667236328125,"LOS ANGELES",GLENDALE,-118.26757049560547,34.154018402099609
82409654,2024,2024-06-10,1925,2024-05-27,1354,26039,,1,5,6,1925,0,0,0,,0,002,"COLORADO STREET","COLUMBUS AVENUE",0.00,,Y,A,-,N,,,,,,,,,,Y,3,0,2,2,A,-,09,21801,A,N,D,C,A,A,H,-,A,A,0,,,,,Y,,D,22,0,1,1,0,0,0,0,0,0,"- ","- ",34.142551422119141,-118.26087951660156,"LOS ANGELES",GLENDALE,-118.26090240478516,34.14251708984375
82409656,2024,2024-06-10,1925,2024-05-27,1814,26039,,1,5,6,1925,0,0,0,,0,002,"CENTRAL AVENUE",BROADWAY,38.00,S,N,A,-,N,,,,,,,,,,N,4,0,1,2,A,-,07,21658,A,N,B,C,A,A,H,-,A,A,0,,,,,Y,,A,01,0,0,1,0,0,0,0,0,0,"- ","- ",34.146728515625,-118.25791931152344,"LOS ANGELES",GLENDALE,,
82409658,2024,2024-06-10,1925,2024-05-28,1000,24810,,2,5,6,1925,0,0,0,,0,002,"COLUMBUS AVENUE","WINDSOR ROAD",0.00,,Y,A,-,N,,,,,,,,,,Y,3,0,1,2,A,-,10,21950,A,F,G,B,B,A,H,-,A,A,0,Y,,,,Y,,-,99,0,1,0,0,1,0,0,0,0,"- ","- ",34.136539459228516,-118.26084899902344,"LOS ANGELES",GLENDALE,-118.26075744628906,34.136531829833984
82409659,2024,2024-06-10,1925,2024-05-28,1443,22249,,2,5,6,1925,0,0,0,,0,002,"BRAND BOULEVARD","AMERICANA WAY",290.00,N,N,A,-,N,,,,,,,,,,N,4,0,1,2,A,-,00,21650,A,N,D,G,A,A,H,-,A,A,0,,Y,,,Y,,-,"- ",0,0,1,0,0,0,1,0,0,"- ","- ",34.144309997558594,-118.25504302978516,"LOS ANGELES",GLENDALE,-118.25507354736328,34.145214080810547
82409880,2024,2024-06-10,1925,2024-05-30,1428,29229,,4,5,6,1925,0,0,0,,0,002,"COLUMBUS AVENUE","OAK STREET",95.00,N,N,A,-,N,,,,,,,,,,N,4,0,1,2,A,-,09,21804,A,N,D,C,A,A,H,-,A,D,0,,,,,Y,,A,01,0,0,1,0,0,0,0,0,0,"- ","- ",34.143390655517578,-118.26084136962891,"LOS ANGELES",GLENDALE,-118.26095581054688,34.143711090087891
82414615,2024,2024-06-14,1925,2024-05-24,2046,27610,,5,5,6,1925,0,0,0,,0,003,"VERDUGO ROAD","MAPLE STREET (N)",0.00,,Y,A,-,N,,,,,,,,,,N,2,0,1,2,A,-,10,21950,A,N,G,B,B,A,H,-,A,A,0,Y,,,,Y,,A,07,1,0,0,0,1,0,0,0,0,"- ","- ",34.139820098876953,-118.23361968994141,"LOS ANGELES",GLENDALE,-118.23358917236328,34.138980865478516
82414616,2024,2024-06-14,1925,2024-05-27,1848,26039,,1,5,6,1925,0,0,0,,0,002,"CENTRAL AVENUE","MILFORD STREET (N)",168.00,N,N,A,-,N,,,,,,,,,,N,3,0,1,2,A,-,17,21235,G,N,G,B,F,A,A,-,A,D,0,Y,,,,Y,,N,60,0,1,0,0,1,0,0,0,0,"- ","- ",34.152778625488281,-118.25794982910156,"LOS ANGELES",GLENDALE,-118.25792694091797,34.153209686279297
82414617,2024,2024-06-14,1925,2024-05-28,"646 ",26039,,2,5,6,1925,0,0,0,,0,002,"HARVARD STREET","BELMONT STREET",0.00,,Y,A,-,N,,,,,,,,,,N,4,0,3,2,A,-,08,22107,,M,B,C,A,A,H,-,A,D,0,,,,,Y,Y,A,01,0,0,3,0,0,0,0,0,0,"- ","- ",34.144451141357422,-118.24310302734375,"LOS ANGELES",GLENDALE,-118.24307250976562,34.144451141357422
82415333,2024,2024-06-17,1925,2024-05-28,1549,28595,,2,5,6,1925,0,0,0,,0,001,"GLENOAKS BOULEVARD","LOUISE STREET",345.00,W,N,-,-,N,,,,,,,,,,Y,4,0,1,2,A,-,09,21804,A,N,D,C,A,A,H,-,A,D,0,,,,,Y,,A,01,0,0,1,0,0,0,0,0,0,"- ","- ",,,"LOS ANGELES",GLENDALE,-118.25372314453125,34.158740997314453
82415335,2024,2024-06-17,1925,2024-06-02,1245,21055,,7,5,6,1925,0,0,0,,0,003,"CHEVY CHASE DRIVE","BOYNTON STREET",610.00,E,N,B,-,N,,,,,,,,,,Y,4,0,2,2,A,-,08,22102,,N,D,C,A,A,H,-,A,D,0,,,,,Y,,A,01,0,0,2,0,0,0,0,0,0,"- ","- ",34.133678436279297,-118.24906158447266,"LOS ANGELES",GLENDALE,-118.24708557128906,34.133796691894531
82415336,2024,2024-06-17,1925,2024-06-02,1450,21055,,7,5,6,1925,0,0,0,,0,004,"BRAND BOULEVARD","STOCKER STREET",250.00,N,N,B,-,N,,,,,,,,,,N,3,0,1,2,A,-,17,21208,A,N,B,G,A,A,H,-,A,D,0,,Y,,,Y,,L,04,0,1,0,0,0,0,1,0,0,"- ","- ",34.163658142089844,-118.25507354736328,"LOS ANGELES",GLENDALE,-118.25506591796875,34.164394378662109
82415337,2024,2024-06-17,1925,2024-06-02,1536,21055,,7,5,6,1925,0,0,0,,0,003,"CHEVY CHASE DRIVE","HARVARD STREET",0.00,,Y,A,-,N,,,,,,,,,,N,4,0,1,4,A,-,12,21453,A,N,D,C,A,A,H,-,A,A,0,,,,,Y,,A,01,0,0,1,0,0,0,0,0,0,"- ","- ",,,"LOS ANGELES",GLENDALE,-118.23961639404297,34.144435882568359
82415341,2024,2024-06-17,1925,2024-06-03,2026,28418,,1,5,6,1925,0,0,0,,0,002,"SAN FERNANDO ROAD",BROADWAY,250.00,N,N,A,-,N,,,,,,,,,,Y,2,0,1,1,A,-,03,22350,,N,E,I,A,A,D,-,C,D,0,,,Y,,Y,,C,02,1,0,0,0,0,0,0,0,1,"- ","- ",34.146678924560547,-118.27181243896484,"LOS ANGELES",GLENDALE,-118.27215576171875,34.147407531738281
82415569,2024,2024-06-17,1925,2024-05-30,1338,26161,,4,5,6,1925,0,0,0,,0,001,"SONORA AVENUE","RANDALL STREET",0.00,,Y,A,-,N,,,,,,,,,,N,4,0,2,2,A,-,09,21802,A,N,D,C,A,A,H,-,A,A,0,,,,,Y,,A,07,0,0,2,0,0,0,0,0,0,"- ","- ",,,"LOS ANGELES",GLENDALE,-118.29509735107422,34.159500122070312
82415768,2024,2024-06-17,1925,2024-06-03,1457,26039,,1,5,6,1925,0,0,0,,0,003,"BRAND BOULEVARD",BROADWAY,336.00,N,N,A,-,N,,,,,,,,,,N,4,0,1,2,A,-,03,22350,,N,C,C,A,A,H,-,A,A,0,,,,,Y,,A,01,0,0,1,0,0,0,0,0,0,"- ","- ",34.146308898925781,-118.25501251220703,"LOS ANGELES",GLENDALE,,
82415769,2024,2024-06-17,1925,2024-06-04,1059,27629,,2,5,6,1925,0,0,0,,0,004,"GLENDALE AVENUE","MONTEREY ROAD",50.00,N,N,A,-,N,,,,,,,,,,N,4,0,3,2,A,-,12,21453,A,N,D,C,A,A,H,-,A,A,0,,,,,Y,,A,01,0,0,3,0,0,0,0,0,0,"- ","- ",,,"LOS ANGELES",GLENDALE,-118.24187469482422,34.156322479248047
82415771,2024,2024-06-17,1925,2024-06-05,1333,21089,,3,5,6,1925,0,0,0,,0,001,"HIGHLAND AVENUE","GLENOAKS BOULEVARD",0.00,,Y,A,-,N,,,,,,,,,,Y,4,0,2,2,A,-,09,21801,A,N,A,C,A,A,H,-,A,A,0,,,,,Y,,A,01,0,0,2,0,0,0,0,0,0,"- ","- ",,,"LOS ANGELES",GLENDALE,-118.27486419677734,34.160778045654297
82420820,2024,2024-06-24,1925,2024-06-04,1624,21055,,2,5,6,1925,0,0,0,,0,001,"GRANDVIEW AVENUE","GLENOAKS BOULEVARD",0.00,,Y,A,-,N,,,,,,,,,,N,3,0,1,2,A,-,09,21801,A,N,D,C,A,A,H,-,A,A,0,,,Y,,Y,,A,01,0,1,0,0,0,0,0,0,1,"- ","- ",,,"LOS ANGELES",GLENDALE,-118.28138732910156,34.164970397949219
82420821,2024,2024-06-24,1925,2024-06-06,"307 ",26050,,4,5,6,1925,0,0,0,,0,004,"MOUNT CARMEL DRIVE","HOLLY DRIVE",90.00,N,N,A,-,N,,,,,,,,,,Y,4,0,1,3,A,-,08,22107,,N,C,E,A,A,H,-,C,A,0,,,,,Y,,A,07,0,0,1,0,0,0,0,0,0,"- ","- ",,,"LOS ANGELES",GLENDALE,-118.22480010986328,34.150135040283203
82420822,2024,2024-06-24,1925,2024-06-07,1110,21089,,5,5,6,1925,0,0,0,,0,002,"PACIFIC AVENUE","LEXINGTON DRIVE",0.00,,Y,A,-,N,,,,,,,,,,N,4,0,1,2,A,-,12,21453,A,N,D,C,A,A,H,-,A,A,0,,,,,Y,,A,01,0,0,1,0,0,0,0,0,0,"- ","- ",,,"LOS ANGELES",GLENDALE,-118.26454925537109,34.151599884033203
82420823,2024,2024-06-24,1925,2024-06-10,1711,27629,,1,5,6,1925,0,0,0,,0,003,"LOUISE STREET","COLORADO ST",15.00,N,N,A,-,N,,,,,,,,,,N,4,0,1,2,A,-,11,21954,A,F,G,B,E,A,H,-,A,A,0,Y,,,,Y,Y,N,60,0,0,1,0,1,0,0,0,0,"- ","- ",,,"LOS ANGELES",GLENDALE,-118.25260162353516,34.142642974853516
82421050,2024,2024-06-24,1925,2024-05-31,2004,22783,,5,5,6,1925,0,0,0,,0,002,"COLORADO STREET","GALLERIA WAY",0.00,,Y,A,-,N,,,,,,,,,,Y,4,0,2,2,A,-,09,21801,A,N,D,C,A,A,H,-,A,A,0,,,Y,,Y,,A,01,0,0,2,0,0,0,0,0,2,"- ","- ",34.142559051513672,-118.25920104980469,"LOS ANGELES",GLENDALE,-118.25917053222656,34.142551422119141
82421346,2024,2024-06-24,1925,2024-06-11,1857,21055,,2,5,6,1925,0,0,0,,0,001,"RIVERSIDE DRIVE","RANCHO AVENUE (W)",0.00,,Y,A,-,N,,,,,,,,,,N,3,0,1,2,A,-,05,21650,,N,D,G,A,A,H,-,A,D,0,,Y,,,Y,,L,04,0,1,0,0,0,0,1,0,0,"- ","- ",34.159290313720703,-118.30214691162109,"LOS ANGELES",GLENDALE,-118.29792785644531,34.158618927001953
82425674,2024,2024-06-28,1925,2024-06-13,"839 ",21055,,4,5,6,1925,0,0,0,,0,001,"SAN FERNANDO ROAD","WESTERN AVENUE",0.00,,Y,B,-,N,,,,,,,,,,N,3,0,1,2,A,-,08,22107,,N,D,G,A,A,H,-,A,A,0,,Y,,,Y,,A,01,0,1,0,0,0,0,1,0,0,"- ","- ",,,"LOS ANGELES",GLENDALE,-118.29218292236328,34.168788909912109
82425676,2024,2024-06-28,1925,2024-06-13,1758,29229,,4,5,6,1925,0,0,0,,0,002,"COLORADO STREET","KENILWORTH AVENUE",116.00,E,N,A,-,N,,,,,,,,,,N,4,0,4,2,A,-,08,22107,,N,B,C,A,A,H,-,A,A,0,,,,,Y,,A,01,0,0,4,0,0,0,0,0,0,"- ","- ",,,"LOS ANGELES",GLENDALE,-118.26711273193359,34.142360687255859
82425678,2024,2024-06-28,1925,2024-06-13,1712,21370,,4,5,6,1925,0,0,0,,0,002,"COLUMBUS AVENUE","LOMITA AVENUE",0.00,,Y,A,-,N,,,,,,,,,,N,2,0,1,2,A,-,01,23152,F,N,G,B,D,A,H,-,A,D,0,Y,,,,Y,,A,01,1,0,0,0,1,0,0,0,0,"- ","- ",34.139930725097656,-118.26081085205078,"LOS ANGELES",GLENDALE,-118.26085662841797,34.139934539794922
82425685,2024,2024-06-28,1925,2024-06-17,"736 ",30156,,1,5,6,1925,0,0,0,,0,003,"WILSON AVENUE","VERDUGO ROAD",0.00,,Y,A,-,N,,,,,,,,,,Y,4,0,2,2,A,-,12,21453,A,N,D,C,A,A,H,-,A,A,0,,,,,Y,,A,01,0,0,2,0,0,0,0,0,0,"- ","- ",,,"LOS ANGELES",GLENDALE,-118.23555755615234,34.148059844970703
82426507,2024,2024-07-01,1925,2024-06-18,1004,30156,,2,5,6,1925,0,0,0,,0,003,"CHEVY CHASE DRIVE","BOYNTON STREET",478.00,E,N,B,-,N,,,,,,,,,,Y,2,0,1,3,A,-,09,21804,A,N,D,C,A,A,H,-,A,D,0,,,,,Y,,A,07,1,0,0,0,0,0,0,0,0,"- ","- ",34.133678436279297,-118.24906158447266,"LOS ANGELES",GLENDALE,-118.24751281738281,34.133747100830078
82426770,2024,2024-07-01,1925,2024-06-14,2229,22783,,5,5,6,1925,0,0,0,,0,001,"GLENOAKS BOULEVARD","GRAYNOLD AVENUE",49.00,E,N,A,-,N,,,,,,,,,,N,3,0,1,2,A,-,11,21954,A,N,G,B,D,A,H,-,C,D,0,Y,,,,Y,,N,60,0,1,0,0,1,0,0,0,0,"- ","- ",34.1627197265625,-118.27822875976562,"LOS ANGELES",GLENDALE,-118.27817535400391,34.162612915039062
82426771,2024,2024-07-01,1925,2024-06-15,1600,29285,,6,5,6,1925,0,0,0,,0,003,"VERDUGO ROAD","ORANGE GROVE AVENUE",30.00,S,N,A,-,N,,,,,,,,,,N,3,0,2,2,A,-,09,21804,A,N,B,C,A,A,H,-,A,D,0,,,,,Y,,I,11,0,2,0,0,0,0,0,0,0,"- ","- ",34.143558502197266,-118.23432922363281,"LOS ANGELES",GLENDALE,-118.23426818847656,34.143508911132812
82426980,2024,2024-07-01,1925,2024-06-14,1814,25163,,5,5,6,1925,0,0,0,,0,003,"HARVARD STREET","CHEVY CHASE DRIVE",240.00,E,N,A,-,N,,,,,,,,,,N,4,0,2,2,D,-,00,,,N,C,C,A,A,H,-,A,D,0,,,,,Y,,-,"- ",0,0,2,0,0,0,0,0,0,"- ","- ",34.144428253173828,-118.23963928222656,"LOS ANGELES",GLENDALE,-118.23883056640625,34.144428253173828
82428090,2024,2024-07-02,1925,2024-06-13,1846,26160,,4,5,6,1925,0,0,0,,0,,"HIGHLAND AVENUE","OLMSTED DRIVE",229.00,N,N,A,-,N,,,,,,,,,,Y,3,0,1,4,A,-,01,23152,A,N,A,E,A,A,H,-,A,D,0,,,,,Y,Y,A,01,0,1,0,0,0,0,0,0,0,"- ","- ",34.168491363525391,-118.27300262451172,"LOS ANGELES",GLENDALE,-118.27288055419922,34.169189453125
82428092,2024,2024-07-02,1925,2024-06-15,1947,28823,,6,5,6,1925,0,0,0,,0,002,"CENTRAL AVENUE","134 FREEWAY",0.00,,Y,A,-,N,,,,,,,,,,Y,3,0,1,2,A,-,08,22101,D,N,-,C,A,A,H,-,A,A,0,,,,,Y,,-,"- ",0,1,0,0,0,0,0,0,0,"- ","- ",,,"LOS ANGELES",GLENDALE,-118.25473022460938,33.910713195800781
82428099,2024,2024-07-02,1925,2024-06-20,1631,29229,,4,5,6,1925,0,0,0,,0,002,"CALIFORNIA AVENUE","CENTRAL AVENUE",102.00,E,N,A,-,N,,,,,,,,,,N,4,0,3,2,A,-,03,22350,,M,C,C,A,A,H,-,A,A,0,,,,,Y,,A,01,0,0,3,0,0,0,0,0,0,"- ","- ",34.149871826171875,-118.25791168212891,"LOS ANGELES",GLENDALE,-118.25757598876953,34.149929046630859
82429474,2024,2024-07-03,1925,2024-06-14,1825,29788,,5,5,6,1925,0,0,0,,0,002,"COLUMBUS AVENUE","RIVERDALE DRIVE",0.00,,Y,A,-,N,,,,,,,,,,Y,4,0,1,2,A,-,08,22107,,N,C,C,A,A,H,-,A,A,0,,,,,Y,,A,01,0,0,1,0,0,0,0,0,0,"- ","- ",,,"LOS ANGELES",GLENDALE,-118.26079559326172,34.138690948486328
82431963,2024,2024-07-08,1925,2024-06-18,1726,21055,,2,5,6,1925,0,0,0,,0,002,"COLORADO STREET","CENTRAL AVENUE",152.00,E,N,A,-,N,,,,,,,,,,N,4,0,1,2,A,-,09,21804,A,M,G,B,F,A,H,-,A,D,0,Y,,,,Y,Y,A,01,0,0,1,0,1,0,0,0,0,"- ","- ",,,"LOS ANGELES",GLENDALE,-118.25736999511719,34.142539978027344
82431966,2024,2024-07-08,1925,2024-06-24,1313,28769,,1,5,6,1925,0,0,0,,0,001,"GLENOAKS BOULEVARD","EAST CURBLINE OF CENTRAL AVE",13.00,E,N,A,-,N,,,,,,,,,,N,3,0,1,2,A,-,05,21650,,N,D,J,A,A,H,-,A,A,0,,,Y,,Y,,C,03,0,1,0,0,0,0,0,0,1,"- ","- ",34.159439086914062,-118.25766754150391,"LOS ANGELES",GLENDALE,-118.31681823730469,34.190925598144531
82432431,2024,2024-07-08,1925,2024-06-26,1859,29635,,3,5,6,1925,0,0,0,,0,001,"SONORA AVENUE","FLOWER STREET",0.00,,Y,A,-,N,,,,,,,,,,N,4,0,1,2,A,-,12,21453,A,N,D,D,A,A,H,-,A,A,0,,,,,Y,,A,01,0,0,1,0,0,0,0,0,0,"- ","- ",34.162910461425781,-118.29141998291016,"LOS ANGELES",GLENDALE,-118.29146575927734,34.162956237792969
82432432,2024,2024-07-08,1925,2024-06-26,1411,28769,,3,5,6,1925,0,0,0,,0,004,"WILSON AVENUE","JACKSON STREET",0.00,,Y,A,-,N,,,,,,,,,,Y,4,0,1,2,A,-,12,21453,A,N,D,C,A,A,H,-,A,A,0,,,,,Y,,A,01,0,0,1,0,0,0,0,0,0,"- ","- ",34.148151397705078,-118.25010681152344,"LOS ANGELES",GLENDALE,-118.25015258789062,34.148178100585938
82433578,2024,2024-07-09,1925,2024-06-28,1830,28525,,5,5,6,1925,0,0,0,,0,001,"GLENOAKS BOULEVARD","JACKSON STREET",276.00,W,N,A,-,N,,,,,,,,,,N,3,0,1,2,A,-,08,22107,,N,C,E,A,A,H,-,A,D,0,,,,,Y,,A,01,0,1,0,0,0,0,0,0,0,"- ","- ",34.158279418945312,-118.25022888183594,"LOS ANGELES",GLENDALE,-118.25111389160156,34.158256530761719
82435674,2024,2024-07-11,1925,2024-06-18,1841,22783,,2,5,6,1925,0,0,0,,0,002,"SAN FERNANDO ROAD","PALMER AVENUE (S)",43.00,S,N,A,-,N,,,,,,,,,,N,3,0,1,2,A,-,03,22350,,N,C,C,A,A,H,-,A,D,0,,,,,Y,,A,01,0,1,0,0,0,0,0,0,0,"- ","- ",34.131671905517578,-118.26154327392578,"LOS ANGELES",GLENDALE,-118.26168823242188,34.131961822509766
82435678,2024,2024-07-11,1925,2024-06-29,"757 ",29572,,6,5,6,1925,0,0,0,,0,003,"LOUISE STREET","COLORADO STREET",0.00,,Y,A,-,N,,,,,,,,,,N,3,0,1,2,A,-,10,21950,A,N,G,B,B,A,H,-,A,A,0,Y,,,,Y,,A,01,0,1,0,0,1,0,0,0,0,"- ","- ",34.142620086669922,-118.25260925292969,"LOS ANGELES",GLENDALE,-118.25260162353516,34.142597198486328
82435680,2024,2024-07-11,1925,2024-06-29,2148,27563,,6,5,6,1925,0,0,0,,0,005,"LOWELL AVENUE","HONOLULU AVENUE",10.00,N,N,A,-,N,,,,,,,,,,Y,3,0,1,2,A,-,05,21460,A,N,A,C,A,A,H,-,C,D,0,,,,,Y,,A,01,0,1,0,0,0,0,0,0,0,"- ","- ",34.23175048828125,-118.26618194580078,"LOS ANGELES",GLENDALE,-118.26618957519531,34.231746673583984
82437395,2024,2024-07-12,1925,2024-06-30,1518,22249,,7,5,6,1925,0,0,0,,0,002,BROADWAY,"KENILWORTH AVENUE",0.00,,Y,A,-,N,,,,,,,,,,Y,4,0,1,4,A,-,09,21802,A,N,D,C,A,A,H,-,A,A,0,,,,,Y,,A,01,0,0,1,0,0,0,0,0,0,"- ","- ",,,"LOS ANGELES",GLENDALE,-118.2659912109375,34.146808624267578
82439969,2024,2024-07-16,1925,2024-07-01,1802,28418,,1,5,6,1925,0,0,0,,0,,"GLENDALE AVENUE","CHEVY CHASE DRIVE",0.00,,Y,A,-,N,,,,,,,,,,N,4,0,2,3,A,-,10,21950,A,N,G,B,B,A,H,-,A,A,0,Y,,,,Y,,A,01,0,0,2,0,2,0,0,0,0,"- ","- ",34.133411407470703,-118.25205993652344,"LOS ANGELES",GLENDALE,-118.25199127197266,34.133518218994141
82439970,2024,2024-07-16,1925,2024-07-02,2321,25307,,2,5,6,1925,0,0,0,,0,003,"HARVARD STREET","HARVARD ST",7.00,S,N,A,-,N,,,,,,,,,,N,3,0,1,2,A,-,08,22107,,N,A,E,A,A,H,-,C,A,0,,,Y,,Y,,C,02,0,1,0,0,0,0,0,0,1,"- ","- ",34.14447021484375,-118.2513427734375,"LOS ANGELES",GLENDALE,,
82443244,2024,2024-07-19,1925,2024-06-20,2009,25630,,4,5,6,1925,0,0,0,,0,003,"CHEVY CHASE DRIVE","LA BOICE",0.00,,Y,A,-,N,,,,,,,,,,Y,3,0,1,2,A,-,01,23152,A,N,D,C,A,A,H,-,A,A,0,,,,,Y,,A,01,0,1,0,0,0,0,0,0,0,"- ","- ",,,"LOS ANGELES",GLENDALE,-118.24382019042969,34.133815765380859
82443246,2024,2024-07-19,1925,2024-06-30,1938,28769,,7,5,6,1925,0,0,0,,0,001,"GLENOAKS BOULEVARD","WCL OF N KENILWORTH",7.00,E,N,A,-,N,,,,,,,,,,N,3,0,1,2,A,-,10,21950,A,N,G,B,B,A,H,-,A,A,0,Y,,,,Y,,A,01,0,1,0,0,1,0,0,0,0,"- ","- ",34.159641265869141,-118.26698303222656,"LOS ANGELES",GLENDALE,-118.26707458496094,34.159778594970703
82443247,2024,2024-07-19,1925,2024-07-03,1403,26039,,3,5,6,1925,0,0,0,,0,003,"GLENDALE AVENUE","PALMER AVENUE (N)",0.00,,Y,A,-,N,,,,,,,,,,N,4,0,1,2,A,-,03,22350,,N,C,C,A,A,H,-,A,A,0,,,,,Y,,A,07,0,0,1,0,0,0,0,0,0,"- ","- ",34.132671356201172,-118.25212097167969,"LOS ANGELES",GLENDALE,-118.25218963623047,34.132247924804688
82443249,2024,2024-07-19,1925,2024-07-06,1524,29229,,6,5,6,1925,0,0,0,,0,002,"CHESTNUT STREET","EVERETT STREET",0.00,,Y,A,-,N,,,,,,,,,,Y,3,0,2,2,A,-,09,21801,A,N,D,C,A,A,H,-,A,D,0,,,,,Y,,A,01,0,1,1,0,0,0,0,0,0,"- ","- ",,,"LOS ANGELES",GLENDALE,-118.24617767333984,34.139896392822266
82444022,2024,2024-07-22,1925,2024-07-02,2152,22783,,2,5,6,1925,0,0,0,,0,002,"SAN FERNANDO ROAD",BROADWAY,257.00,N,N,A,-,N,,,,,,,,,,Y,3,0,1,1,A,-,01,23152,A,N,E,I,A,A,H,-,C,D,0,,,,,Y,Y,A,01,0,1,0,0,0,0,0,0,0,"- ","- ",34.146778106689453,-118.27176666259766,"LOS ANGELES",GLENDALE,-118.27216339111328,34.147426605224609
82444025,2024,2024-07-22,1925,2024-07-08,1644,26039,,1,5,6,1925,0,0,0,,0,002,"CENTRAL AVENUE","SANCHEZ DRIVE",0.00,,Y,A,-,N,,,,,,,,,,Y,4,0,1,2,A,-,12,21453,A,N,D,C,A,A,H,-,A,A,0,,,,,Y,,-,"- ",0,0,1,0,0,0,0,0,0,"- ","- ",34.156040191650391,-118.25797271728516,"LOS ANGELES",GLENDALE,-118.25794982910156,34.156024932861328
82444453,2024,2024-07-22,1925,2024-07-05,2056,22783,,5,5,6,1925,0,0,0,,0,004,"DRYDEN STREET","LOUISE STREET",0.00,,Y,A,-,N,,,,,,,,,,N,2,0,1,2,A,-,10,21950,A,F,G,B,B,A,H,-,C,A,0,Y,,,,Y,Y,A,01,1,0,0,0,1,0,0,0,0,"- ","- ",34.161430358886719,-118.25267791748047,"LOS ANGELES",GLENDALE,-118.25270843505859,34.161445617675781
82595863,2024,2024-07-24,1925,2024-07-11,"36  ",30120,,4,5,6,1925,0,0,0,,0,004,"BRAND BOULEVARD","SANCHEZ DRIVE",0.00,,Y,A,-,N,,,,,,,,,,Y,3,0,2,2,A,-,12,21453,A,N,D,C,A,A,H,-,C,A,0,,,,,Y,,-,"- ",0,2,0,0,0,0,0,0,0,"- ","- ",34.155849456787109,-118.25507354736328,"LOS ANGELES",GLENDALE,-118.25514221191406,34.155937194824219
82700116,2024,2024-07-26,1925,2024-07-12,1648,28525,,5,5,6,1925,0,0,0,,0,001,"KENNETH ROAD","ARDMORE AVENUE",0.00,,Y,A,-,N,,,,,,,,,,N,3,0,1,2,B,-,22,,,N,G,B,B,A,H,-,A,D,0,Y,,,,Y,,A,07,0,1,0,0,1,0,0,0,0,"- ","- ",34.170520782470703,-118.26972198486328,"LOS ANGELES",GLENDALE,-118.26964569091797,34.170490264892578
82700117,2024,2024-07-26,1925,2024-07-15,1056,28418,,1,5,6,1925,0,0,0,,0,003,"GLENDALE AVENUE","PALMER AVENUE (N)",0.00,,Y,A,-,N,,,,,,,,,,N,4,0,1,3,D,-,00,,,N,G,B,B,A,H,-,A,D,0,Y,,,,Y,,-,"- ",0,0,1,0,1,0,0,0,0,"- ","- ",34.132671356201172,-118.25212097167969,"LOS ANGELES",GLENDALE,-118.25218963623047,34.132247924804688
82800338,2024,2024-07-29,1925,2024-07-03,1052,28043,,3,5,6,1925,0,0,0,,0,002,BROADWAY,"CENTRAL AVENUE",90.00,W,N,A,-,N,,,,,,,,,,N,3,0,1,2,A,-,11,21954,A,N,G,B,D,A,H,-,A,A,0,Y,,,,Y,,N,60,0,1,0,0,1,0,0,0,0,"- ","- ",34.146831512451172,-118.25788116455078,"LOS ANGELES",GLENDALE,-118.25820922851562,34.146839141845703
82800340,2024,2024-07-29,1925,2024-07-12,1257,28043,,5,5,6,1925,0,0,0,,0,,BROADWAY,ARTSAKH,0.00,,Y,A,-,N,,,,,,,,,,N,3,0,4,3,D,-,00,,,N,D,C,A,A,H,-,A,A,0,,,,,Y,,-,"- ",0,4,0,0,0,0,0,0,0,"- ","- ",,,"LOS ANGELES",GLENDALE,-118.25389099121094,34.146289825439453
82800342,2024,2024-07-29,1925,2024-07-15,1826,21055,,1,5,6,1925,0,0,0,,0,005,"FOOTHILL BOULEVARD","FREDERICK STREET",332.00,W,N,A,-,N,,,,,,,,,,N,4,0,1,2,A,-,08,22107,,N,D,C,A,A,H,-,A,D,0,,,,,Y,,A,07,0,0,1,0,0,0,0,0,0,"- ","- ",34.233291625976562,-118.25467681884766,"LOS ANGELES",GLENDALE,-118.25556945800781,34.233852386474609
82800633,2024,2024-07-29,1925,2024-07-18,"901 ",29229,,4,5,6,1925,0,0,0,,0,004,"WILSON AVENUE","VERDUGO ROAD",151.00,W,N,A,-,N,,,,,,,,,,N,4,0,1,2,A,-,09,21804,A,N,D,C,A,A,H,-,A,D,0,,,,,Y,,A,01,0,0,1,0,0,0,0,0,0,"- ","- ",,,"LOS ANGELES",GLENDALE,-118.23606109619141,34.148059844970703
83097339,2024,2024-08-02,1925,2024-07-20,1707,26171,,6,5,6,1925,0,0,0,,0,002,"PACIFIC AVENUE","MYRTLE STREET",0.00,,Y,A,-,N,,,,,,,,,,Y,4,0,1,2,A,-,09,21801,B,N,D,C,A,A,H,-,A,D,0,,,,,Y,,A,01,0,0,1,0,0,0,0,0,0,"- ","- ",34.150791168212891,-118.2645263671875,"LOS ANGELES",GLENDALE,-118.26454162597656,34.150768280029297
83280767,2024,2024-08-02,1925,2024-07-15,1247,21055,,1,5,6,1925,0,0,0,,0,003,"COLORADO STREET","JACKSON STREET",10.00,W,N,A,-,N,,,,,,,,,,N,3,0,1,2,A,-,10,21950,A,N,G,B,B,A,H,-,A,A,0,Y,,,,Y,,A,01,0,1,0,0,1,0,0,0,0,"- ","- ",,,"LOS ANGELES",GLENDALE,-118.25012969970703,34.14263916015625
83280771,2024,2024-08-02,1925,2024-07-22,1026,30157,,1,5,6,1925,0,0,0,,0,001,"WESTERN AVENUE","LAKE STREET",149.00,N,N,A,-,N,,,,,,,,,,Y,4,0,1,2,A,-,08,22102,,N,D,C,A,A,H,-,A,D,0,,,,,Y,,A,01,0,0,1,0,0,0,0,0,0,"- ","- ",34.163440704345703,-118.29773712158203,"LOS ANGELES",GLENDALE,-118.29743194580078,34.163738250732422
83491215,2024,2024-08-05,1925,2024-07-23,2108,22249,,2,5,6,1925,0,0,0,,0,002,"BRAND BOULEVARD","WINDSOR ROAD (N)",27.00,N,N,A,B,N,,,,,,,,,,Y,3,0,1,3,A,-,08,22107,,N,E,I,A,A,H,-,C,D,0,,,,,Y,,J,48,0,1,0,0,0,0,0,0,0,"- ","- ",,,"LOS ANGELES",GLENDALE,-118.25501251220703,34.136745452880859
83686328,2024,2024-08-06,1925,2024-07-19,1641,29229,,5,5,6,1925,0,0,0,,0,001,"SAN FERNANDO ROAD","SONORA AVENUE",91.00,W,N,A,-,N,,,,,,,,,,N,4,0,1,2,A,-,08,22107,,M,B,C,A,A,H,-,A,A,0,,,,,Y,,-,99,0,0,1,0,0,0,0,0,0,"- ","- ",34.165958404541016,-118.28826904296875,"LOS ANGELES",GLENDALE,-118.28852081298828,34.166126251220703
83983207,2024,2024-08-09,1925,2024-07-19,1845,27016,,5,5,6,1925,0,0,0,,0,002,"SAN FERNANDO ROAD","PALMER AVENUE (N)",35.00,N,N,A,-,N,,,,,,,,,,Y,3,0,1,2,A,-,08,22107,,N,D,C,A,A,H,-,A,A,0,,,,,Y,,A,01,0,1,0,0,0,0,0,0,0,"- ","- ",,,"LOS ANGELES",GLENDALE,-118.26178741455078,34.132160186767578
83983211,2024,2024-08-09,1925,2024-07-27,1412,29229,,6,5,6,1925,0,0,0,,0,005,"PENNSYLVANIA AVENUE","HERMOSA AVENUE",71.00,W,N,A,-,N,,,,,,,,,,Y,4,0,1,2,A,-,08,22100,B,N,D,C,A,A,H,-,A,D,0,,,,,Y,,A,01,0,0,1,0,0,0,0,0,0,"- ","- ",,,"LOS ANGELES",GLENDALE,,
84019891,2024,2024-08-12,1925,2024-07-25,2340,29440,,4,5,6,1925,0,0,0,,0,002,"BRAND BOULEVARD","CERRITOS AVENUE",55.00,N,N,A,-,N,,,,,,,,,,N,3,0,1,2,A,-,08,22107,,N,D,E,A,A,H,-,C,D,0,,,,,Y,,A,01,0,1,0,0,0,0,0,0,0,"- ","- ",34.12554931640625,-118.2548828125,"LOS ANGELES",GLENDALE,-118.25482940673828,34.125690460205078
84019896,2024,2024-08-12,1925,2024-07-29,1158,21055,,1,5,6,1925,0,0,0,,0,004,"CALIFORNIA AVENUE","LOUISE STREET",0.00,,Y,A,-,N,,,,,,,,,,N,4,0,2,2,A,-,12,22450,A,N,D,C,A,A,H,-,A,A,0,,,,,Y,,-,"- ",0,0,2,0,0,0,0,0,0,"- ","- ",,,"LOS ANGELES",GLENDALE,-118.25267028808594,34.149925231933594
84020135,2024,2024-08-12,1925,2024-07-29,1222,21055,,1,5,6,1925,0,0,0,,0,002,"LEXINGTON DRIVE","KENILWORTH AVENUE",214.00,W,N,A,-,N,,,,,,,,,,N,4,0,2,2,A,-,09,21804,A,N,D,C,A,A,H,-,A,D,0,,,,,Y,,D,22,0,0,2,0,0,0,0,0,0,"- ","- ",,,"LOS ANGELES",GLENDALE,-118.26742553710938,34.151576995849609
84176309,2024,2024-08-13,1925,2024-08-01,"900 ",28043,,4,5,6,1925,0,0,0,,0,002,"CENTRAL AVENUE","DORAN STREET (S)",0.00,,Y,A,-,N,,,,,,,,,,N,3,0,1,2,A,-,09,21804,A,N,D,C,A,A,H,-,A,D,0,,,,,Y,,A,01,0,1,0,0,0,0,0,0,0,"- ","- ",34.153671264648438,-118.25794982910156,"LOS ANGELES",GLENDALE,-118.25794219970703,34.153774261474609
84353302,2024,2024-08-14,1925,2024-07-24,2126,22783,,3,5,6,1925,0,0,0,,0,002,"CENTRAL AVENUE","CHEVY CHASE DRIVE",0.00,,Y,A,-,N,,,,,,,,,,Y,4,0,2,2,A,-,12,21453,A,N,D,C,A,A,H,-,C,A,0,,,,,Y,,-,"- ",0,0,2,0,0,0,0,0,0,"- ","- ",34.133541107177734,-118.25782775878906,"LOS ANGELES",GLENDALE,-118.25782775878906,34.133506774902344
84354809,2024,2024-08-15,1925,2024-07-27,2329,30120,,6,5,6,1925,0,0,0,,0,004,"E BROADWAY","SINCLAIR AVENUE",120.00,E,N,A,-,N,,,,,,,,,,Y,4,0,2,2,A,-,03,22350,,F,C,C,A,A,H,-,C,A,0,,,,,Y,,A,01,0,0,2,0,0,0,0,0,0,"- ","- ",,,"LOS ANGELES",GLENDALE,-118.23183441162109,34.14617919921875
84354810,2024,2024-08-15,1925,2024-07-30,"457 ",29235,,2,5,6,1925,0,0,0,,0,001,"FLOWER STREET","RAYMOND AVENUE",20.00,W,N,A,-,N,,,,,,,,,,Y,3,0,1,2,A,-,08,22107,,N,A,C,A,A,H,-,B,D,0,,,,,Y,,A,01,0,1,0,0,0,0,0,0,0,"- ","- ",,,"LOS ANGELES",GLENDALE,-118.29636383056641,34.166515350341797
84356514,2024,2024-08-16,1925,2024-08-02,1848,29229,,5,5,6,1925,0,0,0,,0,004,"PACIFIC AVENUE","COLORADO STREET",22.00,S,N,A,-,N,,,,,,,,,,N,3,0,3,2,A,-,09,21453,B,N,C,C,A,A,H,-,A,A,0,,,,,Y,,A,01,0,1,2,0,0,0,0,0,0,"- ","- ",34.142551422119141,-118.26439666748047,"LOS ANGELES",GLENDALE,-118.26441955566406,34.142459869384766
84356516,2024,2024-08-16,1925,2024-08-03,"847 ",29229,,6,5,6,1925,0,0,0,,0,003,"COLORADO STREET","CHEVY CHASE DRIVE",0.00,,Y,A,-,N,,,,,,,,,,N,3,0,2,2,A,-,09,21801,A,N,A,C,A,A,H,-,A,A,0,,,,,Y,,A,01,0,1,1,0,0,0,0,0,0,"- ","- ",,,"LOS ANGELES",GLENDALE,-118.23960876464844,34.142635345458984
84356517,2024,2024-08-16,1925,2024-08-03,1419,29229,,6,5,6,1925,0,0,0,,0,002,"ORANGE STREET","CALIFORNIA AVENUE",214.00,N,N,A,-,N,,,,,,,,,,N,4,0,3,2,A,-,03,22350,,M,B,C,A,A,H,-,A,D,0,,,,,Y,,A,01,0,0,3,0,0,0,0,0,0,"- ","- ",34.149879455566406,-118.25639343261719,"LOS ANGELES",GLENDALE,-118.25640869140625,34.150527954101562
84358876,2024,2024-08-19,1925,2024-08-01,2117,30157,,4,5,6,1925,0,0,0,,0,004,"VERDUGO ROAD","KIRKBY ROAD",16.00,N,N,A,-,N,,,,,,,,,,N,3,0,1,2,A,-,10,21950,A,N,G,B,B,A,H,-,C,A,0,Y,,,,Y,,A,01,0,1,0,0,1,0,0,0,0,"- ","- ",34.171630859375,-118.22685241699219,"LOS ANGELES",GLENDALE,-118.22684478759766,34.17169189453125
84359101,2024,2024-08-19,1925,2024-08-02,2218,30157,,5,5,6,1925,0,0,0,,0,002,"PACIFIC AVENUE","COLORADO STREET",0.00,,Y,A,-,N,,,,,,,,,,Y,4,0,1,2,B,-,22,,,N,D,C,A,A,H,-,C,A,0,,,,,Y,,J,48,0,0,1,0,0,0,0,0,0,"- ","- ",,,"LOS ANGELES",GLENDALE,-118.26441955566406,34.14251708984375
84359102,2024,2024-08-19,1925,2024-08-05,1239,24810,,1,5,6,1925,0,0,0,,0,005,"VERDUGO BOULEVARD","LA TOUR WAY",25.00,W,N,A,-,N,,,,,,,,,,N,3,0,1,2,A,-,03,22350,,N,F,A,A,A,H,-,A,B,0,,,Y,,Y,,C,02,0,1,0,0,0,0,0,0,1,"- ","- ",34.205619812011719,-118.21501922607422,"LOS ANGELES",GLENDALE,-118.21506500244141,34.205665588378906
84359104,2024,2024-08-19,1925,2024-08-06,1316,27629,,2,5,6,1925,0,0,0,,0,003,"GLENDALE AVENUE","LOMITA AVENUE (N)",197.00,S,N,A,-,N,,,,,,,,,,N,4,0,2,4,A,-,03,22350,,N,C,E,A,A,H,-,A,D,0,,,,,Y,,A,01,0,0,2,0,0,0,0,0,0,"- ","- ",34.141029357910156,-118.25003051757812,"LOS ANGELES",GLENDALE,-118.25035095214844,34.140369415283203
84359269,2024,2024-08-19,1925,2024-07-23,2055,28091,,2,5,6,1925,0,0,0,,0,003,ARTSAKH,BROADWAY,231.00,S,N,A,-,N,,,,,,,,,,Y,3,0,1,2,A,-,08,22107,,N,B,C,A,A,H,-,C,D,0,,,Y,,Y,,A,01,0,1,0,0,0,0,0,0,1,"- ","- ",,,"LOS ANGELES",GLENDALE,,
84359274,2024,2024-08-19,1925,2024-08-08,1150,21089,,4,5,6,1925,0,0,0,,0,,"KENNETH ROAD","GRANDVIEW AVENUE",0.00,,Y,A,-,N,,,,,,,,,,N,4,0,1,2,A,-,10,21950,A,N,G,B,B,A,H,-,A,A,0,Y,,,,Y,,A,07,0,0,1,0,1,0,0,0,0,"- ","- ",,,"LOS ANGELES",GLENDALE,-118.27919769287109,34.172523498535156
84366814,2024,2024-08-23,1925,2024-08-09,1509,26161,,5,5,6,1925,0,0,0,,0,001,"SAN FERNANDO ROAD","SONORA AVENUE",205.00,W,N,A,-,N,,,,,,,,,,N,4,0,1,2,A,-,07,21658,A,N,B,C,A,A,H,-,A,D,0,,,,,Y,,A,01,0,0,1,0,0,0,0,0,0,"- ","- ",,,"LOS ANGELES",GLENDALE,-118.28880310058594,34.166336059570312
84366815,2024,2024-08-23,1925,2024-08-12,"835 ",30063,,1,5,6,1925,0,0,0,,0,004,"HARVEY DRIVE","WILSON AVENUE",184.00,E,N,A,-,N,,,,,,,,,,N,4,0,1,3,A,-,03,22350,,N,C,C,A,A,H,-,A,D,0,,,,,Y,,A,01,0,0,1,0,0,0,0,0,0,"- ","- ",34.146591186523438,-118.22960662841797,"LOS ANGELES",GLENDALE,-118.22925567626953,34.1470947265625
84366816,2024,2024-08-23,1925,2024-08-12,"906 ",30063,,1,5,6,1925,0,0,0,,0,002,"SAN FERNANDO ROAD","LOS FELIZ ROAD",107.00,N,N,A,-,N,,,,,,,,,,N,4,0,1,2,A,-,03,22350,,N,C,C,A,A,H,-,A,D,0,,,,,Y,,A,01,0,0,1,0,0,0,0,0,0,"- ","- ",34.128261566162109,-118.25933837890625,"LOS ANGELES",GLENDALE,-118.25944519042969,34.128566741943359
84368389,2024,2024-08-26,1925,2024-08-12,2104,27016,,1,5,6,1925,0,0,0,,0,003,"COLORADO STREET","FISCHER STREET",0.00,,Y,A,-,N,,,,,,,,,,N,3,0,1,2,A,-,10,21950,A,N,G,B,B,A,H,-,C,A,0,Y,,,,Y,,A,01,0,1,0,0,1,0,0,0,0,"- ","- ",,,"LOS ANGELES",GLENDALE,-118.23613739013672,34.142707824707031
84368390,2024,2024-08-26,1925,2024-08-13,1207,30063,,2,5,6,1925,0,0,0,,0,003,"HARVEY DRIVE","WILSON TERRACE",457.00,S,N,A,-,N,,,,,,,,,,Y,3,0,1,2,A,-,03,22350,,N,C,C,A,A,H,-,A,A,0,,,,,Y,,A,01,0,1,0,0,0,0,0,0,0,"- ","- ",34.148651123046875,-118.22799682617188,"LOS ANGELES",GLENDALE,-118.22871398925781,34.147804260253906
84368764,2024,2024-08-26,1925,2024-08-12,1834,30063,,1,5,6,1925,0,0,0,,0,004,BROADWAY,"CHEVY CHASE DRIVE",16.00,E,N,A,-,N,,,,,,,,,,N,3,0,1,2,A,-,10,21950,A,F,G,B,B,A,H,-,A,A,0,Y,,,,Y,,-,99,0,1,0,0,1,0,0,0,0,"- ","- ",34.146209716796875,-118.23963928222656,"LOS ANGELES",GLENDALE,-118.23957061767578,34.146198272705078
84370471,2024,2024-08-27,1925,2024-08-13,1900,25649,,2,5,6,1925,0,0,0,,0,004,"100 BLK OF CHEVY CHASE DR",BROADWAY,50.00,N,N,A,-,N,,,,,,,,,,N,4,0,2,3,A,-,07,21658,A,N,B,E,A,A,H,-,C,A,0,,,,,Y,,A,07,0,0,2,0,0,0,0,0,0,"- ","- ",,,"LOS ANGELES",GLENDALE,,
84370472,2024,2024-08-27,1925,2024-08-14,"749 ",30120,,3,5,6,1925,0,0,0,,0,004,"CHEVY CHASE DRIVE","VERDUGO ROAD",0.00,,Y,A,-,N,,,,,,,,,,N,4,0,1,2,A,-,09,21801,A,N,D,C,A,A,H,-,A,A,0,,,,,Y,,A,01,0,0,1,0,0,0,0,0,0,"- ","- ",34.151229858398438,-118.2364501953125,"LOS ANGELES",GLENDALE,-118.23643493652344,34.151237487792969
84370474,2024,2024-08-27,1925,2024-08-14,1807,29229,,3,5,6,1925,0,0,0,,0,002,"BRAND BOULEVARD","GOODE AVENUE",0.00,,Y,A,-,N,,,,,,,,,,Y,4,0,1,2,A,-,12,21453,A,N,D,C,A,A,H,-,A,A,0,,,,,Y,,A,01,0,0,1,0,0,0,0,0,0,"- ","- ",,,"LOS ANGELES",GLENDALE,-118.25514984130859,34.156764984130859
84372629,2024,2024-08-28,1925,2024-08-06,2332,29572,,2,5,6,1925,0,0,0,,0,001,"KENNETH ROAD","HILLCREST AVENUE (W)",128.00,W,N,A,-,N,,,,,,,,,,N,4,0,3,2,A,-,08,22107,,N,B,E,A,A,H,-,D,D,0,,,,,Y,,A,07,0,0,3,0,0,0,0,0,0,"- ","- ",34.170070648193359,-118.26866912841797,"LOS ANGELES",GLENDALE,-118.26899719238281,34.170219421386719
84372630,2024,2024-08-28,1925,2024-08-08,1958,22783,,4,5,6,1925,0,0,0,,0,004,"KAREN LYNN DRIVE","SAN AUGUSTINE DRIVE (1)",726.00,N,N,A,-,N,,,,,,,,,,N,3,0,1,2,A,-,21,22106,,N,A,E,A,A,H,-,C,D,0,,Y,,,Y,,L,04,0,1,0,0,0,0,1,0,0,"- ","- ",34.17694091796875,-118.19313812255859,"LOS ANGELES",GLENDALE,-118.19178009033203,34.178466796875
84374442,2024,2024-08-29,1925,2024-08-10,"141 ",29405,,6,5,6,1925,0,0,0,,0,004,"2 SOUTH OFF RAMP","HOLLY DR",0.00,,Y,A,-,N,,,,,,,,,,Y,3,0,2,1,A,-,03,22350,,N,E,I,A,A,H,-,C,D,0,,,,,Y,,A,01,0,1,1,0,0,0,0,0,0,"- ","- ",34.150459289550781,-118.22676849365234,"LOS ANGELES",GLENDALE,,
84374443,2024,2024-08-29,1925,2024-08-16,"818 ",28043,,5,5,6,1925,0,0,0,,0,004,"VERDUGO ROAD","CIVIC AUDITORIUM ENTRANCE",0.00,,Y,A,-,N,,,,,,,,,,N,3,0,2,2,A,-,12,21453,A,N,D,C,A,A,H,-,A,A,0,,,,,Y,,A,01,0,2,0,0,0,0,0,0,0,"- ","- ",34.166488647460938,-118.23075866699219,"LOS ANGELES",GLENDALE,,
84376272,2024,2024-08-30,1925,2024-08-11,1531,21055,,7,5,6,1925,0,0,0,,0,003,"CHEVY CHASE DRIVE","ADAMS STREET",474.00,E,N,A,-,N,,,,,,,,,,N,3,0,2,2,A,-,03,22350,,N,C,C,A,A,H,-,A,D,0,,,,,Y,,A,01,0,2,0,0,0,0,0,0,0,"- ","- ",,,"LOS ANGELES",GLENDALE,-118.2403564453125,34.134410858154297
84378081,2024,2024-09-02,1925,2024-08-20,"722 ",21089,,2,5,6,1925,0,0,0,,0,003,"CHEVY CHASE DRIVE","WINDSOR ROAD",0.00,,Y,A,-,N,,,,,,,,,,Y,4,0,1,2,A,-,12,21453,A,N,D,C,A,A,H,-,A,A,0,,,,,Y,,A,07,0,0,1,0,0,0,0,0,0,"- ","- ",,,"LOS ANGELES",GLENDALE,-118.23957824707031,34.137126922607422
84378636,2024,2024-09-03,1925,2024-08-13,1821,26039,,2,5,6,1925,0,0,0,,0,005,"PENNSYLVANIA AVENUE","FOOTHILL BOULEVARD",306.00,N,N,A,-,N,,,,,,,,,,N,4,0,3,2,A,-,09,21804,A,N,D,C,A,A,H,-,A,D,0,,,,,Y,,D,22,0,0,3,0,0,0,0,0,0,"- ","- ",34.229568481445312,-118.24868011474609,"LOS ANGELES",GLENDALE,-118.24867248535156,34.230419158935547
84380481,2024,2024-09-04,1925,2024-08-17,1437,28284,,6,5,6,1925,0,0,0,,0,001,"SAN FERNANDO ROAD","SONORA AVENUE",225.00,W,N,A,-,N,,,,,,,,,,Y,3,0,1,2,A,-,17,22517,,N,B,E,A,A,H,-,A,D,0,,,,,Y,,D,22,0,1,0,0,0,0,0,0,0,"- ","- ",34.165958404541016,-118.28826904296875,"LOS ANGELES",GLENDALE,-118.28885650634766,34.166370391845703
84380483,2024,2024-09-04,1925,2024-08-23,2048,24967,,5,5,6,1925,0,0,0,,0,002,"CERRITOS AVENUE","BRAND BOULEVARD",160.00,W,N,A,-,N,,,,,,,,,,N,4,0,2,2,A,-,09,21804,A,N,D,C,A,A,H,-,C,D,0,,,,,Y,,A,01,0,0,2,0,0,0,0,0,0,"- ","- ",,,"LOS ANGELES",GLENDALE,,
84380484,2024,2024-09-04,1925,2024-08-24,"227 ",28953,,6,5,6,1925,0,0,0,,0,001,"KENNETH ROAD","CENTRAL AVENUE",0.00,,Y,A,-,N,,,,,,,,,,Y,4,0,1,1,A,-,03,22350,,N,E,J,A,A,H,-,C,D,0,,,,,Y,,A,01,0,0,1,0,0,0,0,0,0,"- ","- ",34.168479919433594,-118.25681304931641,"LOS ANGELES",GLENDALE,-118.25685119628906,34.168483734130859
84383425,2024,2024-09-06,1925,2024-07-12,"25  ",29405,,5,5,6,1925,0,0,0,,0,284,"CHEVY CHASE DRIVE","LA BOICE",11.00,W,N,A,-,N,,,,,,,,,,N,3,0,1,3,A,-,07,21658,A,F,D,E,A,A,H,-,C,D,0,,,,,Y,,A,01,0,1,0,0,0,0,0,0,0,"- ","- ",34.133800506591797,-118.24385070800781,"LOS ANGELES",GLENDALE,-118.24385833740234,34.133808135986328
84383427,2024,2024-09-06,1925,2024-08-16,1757,28922,,5,5,6,1925,0,0,0,,0,002,"COLUMBUS AVENUE","COLORADO STREET",195.00,N,N,A,-,N,,,,,,,,,,N,3,0,2,2,A,-,09,21804,A,N,A,C,A,A,H,-,A,D,0,,,,,Y,,A,01,0,1,1,0,0,0,0,0,0,"- ","- ",34.142551422119141,-118.26087951660156,"LOS ANGELES",GLENDALE,-118.26094818115234,34.143054962158203
84383429,2024,2024-09-06,1925,2024-08-21,"801 ",26039,,3,5,6,1925,0,0,0,,0,004,"SAN FERNANDO ROAD","GRANDVIEW AVENUE",108.00,E,N,A,-,N,,,,,,,,,,N,4,0,1,2,A,-,03,22350,,N,C,C,A,A,H,-,A,A,0,,,,,Y,,A,01,0,0,1,0,0,0,0,0,0,"- ","- ",34.161750793457031,-118.28250122070312,"LOS ANGELES",GLENDALE,-118.28233337402344,34.161514282226562
84383432,2024,2024-09-06,1925,2024-08-24,1609,29229,,6,5,6,1925,0,0,0,,0,004,"VERDUGO ROAD","GLENDALE AVENUE",108.00,S,N,A,-,N,,,,,,,,,,N,3,0,1,2,A,-,09,21804,A,N,D,C,A,A,H,-,A,D,0,,,,,Y,,A,01,0,1,0,0,0,0,0,0,0,"- ","- ",34.161430358886719,-118.23609924316406,"LOS ANGELES",GLENDALE,,
84383433,2024,2024-09-06,1925,2024-08-25,1149,26050,,7,5,6,1925,0,0,0,,0,004,"BRAND BOULEVARD","GOODE AVENUE",0.00,,Y,A,-,N,,,,,,,,,,Y,4,0,1,2,A,-,12,21453,A,N,D,C,A,A,H,-,A,A,0,,,,,Y,,A,01,0,0,1,0,0,0,0,0,0,"- ","- ",,,"LOS ANGELES",GLENDALE,-118.25514984130859,34.156764984130859
84383435,2024,2024-09-06,1925,2024-08-26,"828 ",30155,,1,5,6,1925,0,0,0,,0,002,"CENTRAL AVENUE","LOS FELIZ ROAD",0.00,,Y,A,-,N,,,,,,,,,,Y,4,0,1,2,A,-,09,21801,A,N,D,C,A,A,H,-,A,A,0,,,,,Y,,A,01,0,0,1,0,0,0,0,0,0,"- ","- ",,,"LOS ANGELES",GLENDALE,-118.25780487060547,34.128646850585938
84383436,2024,2024-09-06,1925,2024-08-26,1318,30155,,1,5,6,1925,0,0,0,,0,003,"COLORADO STREET","PORTER STREET",0.00,,Y,A,-,N,,,,,,,,,,N,4,0,1,2,A,-,10,21950,A,M,G,B,B,A,H,-,A,A,0,Y,,,,Y,,A,07,0,0,1,0,1,0,0,0,0,"- ","- ",34.142658233642578,-118.23731994628906,"LOS ANGELES",GLENDALE,-118.23735046386719,34.142677307128906
84383437,2024,2024-09-06,1925,2024-08-26,1334,30155,,1,5,6,1925,0,0,0,,0,005,"HONOLULU AVENUE","LOWELL AVENUE",0.00,,Y,A,-,N,,,,,,,,,,Y,4,0,1,2,A,-,12,21453,A,N,D,C,A,A,H,-,A,A,0,,,,,Y,,A,01,0,0,1,0,0,0,0,0,0,"- ","- ",,,"LOS ANGELES",GLENDALE,-118.26618957519531,34.231716156005859
84385166,2024,2024-09-09,1925,2024-08-07,1436,21089,,3,5,6,1925,0,0,0,,0,005,"LOWELL AVENUE","ALTURA AVENUE (N)",0.00,,Y,A,-,N,,,,,,,,,,N,4,0,1,2,A,-,03,22350,,N,C,C,A,A,H,-,A,A,0,,,,,Y,,D,22,0,0,1,0,0,0,0,0,0,"- ","- ",,,"LOS ANGELES",GLENDALE,-118.26618194580078,34.235530853271484
84385360,2024,2024-09-09,1925,2024-08-27,"617 ",26039,,2,5,6,1925,0,0,0,,0,001,"FLOWER STREET","WESTERN AVENUE",48.00,W,N,A,-,N,,,,,,,,,,N,4,0,2,2,A,-,08,22102,,N,D,C,A,A,H,-,A,A,0,,,,,Y,,A,01,0,0,2,0,0,0,0,0,0,"- ","- ",34.165748596191406,-118.29530334472656,"LOS ANGELES",GLENDALE,-118.29541015625,34.165863037109375
84385621,2024,2024-09-09,1925,2024-08-22,1637,28043,,4,5,6,1925,0,0,0,,0,001,"CENTRAL AVENUE","STOCKER STREET",0.00,,Y,A,-,N,,,,,,,,,,N,4,0,1,2,A,-,12,21453,A,N,E,I,A,A,H,-,A,A,0,,,,,Y,,A,01,0,0,1,0,0,0,0,0,0,"- ","- ",34.163581848144531,-118.25682067871094,"LOS ANGELES",GLENDALE,-118.25689697265625,34.163719177246094
84385622,2024,2024-09-09,1925,2024-08-28,1450,30155,,3,5,6,1925,0,0,0,,0,001,"BRAND BOULEVARD","GOODE AVENUE",0.00,,Y,A,-,N,,,,,,,,,,Y,3,0,2,2,A,-,12,21453,A,N,D,C,A,A,H,-,A,A,0,,,,,Y,,-,"- ",0,1,1,0,0,0,0,0,0,"- ","- ",34.156761169433594,-118.25507354736328,"LOS ANGELES",GLENDALE,-118.25514984130859,34.156764984130859
84385623,2024,2024-09-09,1925,2024-08-28,1512,28043,,3,5,6,1925,0,0,0,,0,001,"BRAND BOULEVARD","SANCHEZ DRIVE",0.00,,Y,A,-,N,,,,,,,,,,N,3,0,2,2,A,-,12,21453,A,N,D,C,A,A,H,-,A,A,0,,,,,Y,,A,01,0,2,0,0,0,0,0,0,0,"- ","- ",34.155849456787109,-118.25507354736328,"LOS ANGELES",GLENDALE,-118.25514221191406,34.155937194824219
84385624,2024,2024-09-09,1925,2024-08-28,1654,30155,,3,5,6,1925,0,0,0,,0,003,"GARFIELD AVENUE","ADAMS STREET",708.00,W,N,A,-,N,,,,,,,,,,Y,3,0,1,2,A,-,09,21804,A,N,D,C,A,A,H,-,A,D,0,,,,,Y,,A,01,0,1,0,0,0,0,0,0,0,"- ","- ",34.136009216308594,-118.24176025390625,"LOS ANGELES",GLENDALE,-118.24409484863281,34.135997772216797
84390916,2024,2024-09-12,1925,2024-08-18,2020,29326,,7,5,6,1925,0,0,0,,0,004,"CANADA BOULEVARD","VERDUGO PARK",37.00,S,N,A,-,N,,,,,,,,,,Y,4,0,1,2,A,-,03,22350,,N,C,C,A,A,H,-,B,A,0,,,,,Y,,A,07,0,0,1,0,0,0,0,0,0,"- ","- ",,,"LOS ANGELES",GLENDALE,,
84390917,2024,2024-09-12,1925,2024-08-28,1904,26159,,3,5,6,1925,0,0,0,,0,001,"DRYDEN STREET","PITMAN AVENUE",68.00,W,N,A,-,N,,,,,,,,,,N,3,0,1,2,A,-,03,22350,,N,G,B,E,A,H,-,A,D,0,Y,,,,Y,,A,01,0,1,0,0,1,0,0,0,0,"- ","- ",34.160831451416016,-118.26640319824219,"LOS ANGELES",GLENDALE,-118.26663208007812,34.160854339599609
84392601,2024,2024-09-13,1925,2024-08-14,2039,22783,,3,5,6,1925,0,0,0,,0,002,"CENTRAL AVENUE","CHESTNUT STREET",35.00,N,N,A,-,N,,,,,,,,,,N,3,0,1,2,B,-,22,,,N,B,G,A,A,H,-,C,D,0,,Y,,,Y,,A,01,0,1,0,0,0,0,1,0,0,"- ","- ",34.139190673828125,-118.25787353515625,"LOS ANGELES",GLENDALE,-118.25785827636719,34.139266967773438
84392603,2024,2024-09-13,1925,2024-08-29,1411,27016,,4,5,6,1925,0,0,0,,0,004,"BRAND BOULEVARD","DRYDEN STREET",125.00,N,N,A,-,N,,,,,,,,,,N,4,0,1,2,A,-,08,22107,,N,D,G,A,A,H,-,A,A,0,,Y,,,Y,,A,01,0,0,1,0,0,0,1,0,0,"- ","- ",34.161331176757812,-118.25505828857422,"LOS ANGELES",GLENDALE,-118.25505828857422,34.161792755126953
84392609,2024,2024-09-13,1925,2024-08-31,1130,29229,,6,5,6,1925,0,0,0,,0,005,"PLEASURE WAY","HONOLULU AVENUE",0.00,,Y,A,-,N,,,,,,,,,,Y,4,0,1,2,A,-,01,23152,F,N,D,C,A,A,H,-,A,D,0,,,,,Y,,A,01,0,0,1,0,0,0,0,0,0,"- ","- ",,,"LOS ANGELES",GLENDALE,-118.23816680908203,34.210315704345703
84392610,2024,2024-09-13,1925,2024-08-31,1430,29229,,6,5,6,1925,0,0,0,,0,005,"FOOTHILL BOULEVARD","FREDERICK STREET",238.00,W,N,A,-,N,,,,,,,,,,N,4,0,2,3,A,-,21,22106,,N,C,E,F,A,H,-,A,D,0,Y,,,,Y,,A,01,0,0,2,0,1,0,0,0,0,"- ","- ",34.233200073242188,-118.25440979003906,"LOS ANGELES",GLENDALE,-118.25532531738281,34.233695983886719
84392611,2024,2024-09-13,1925,2024-08-31,1551,29229,,6,5,6,1925,0,0,0,,0,002,"SAN FERNANDO ROAD","CYPRESS STREET",50.00,N,N,A,-,N,,,,,,,,,,N,4,0,2,2,A,-,08,22107,,N,B,C,A,A,H,-,A,D,0,,,,,Y,,A,01,0,0,2,0,0,0,0,0,0,"- ","- ",34.12969970703125,-118.26055145263672,"LOS ANGELES",GLENDALE,-118.26065063476562,34.129993438720703
84394421,2024,2024-09-16,1925,2024-09-01,1724,30135,,7,5,6,1925,0,0,0,,0,002,"COLORADO STREET","BRAND BOULEVARD",100.00,W,N,A,-,N,,,,,,,,,,Y,4,0,1,2,A,-,01,23152,B,N,C,C,A,A,H,-,A,D,0,,,,,Y,Y,A,01,0,0,1,0,0,0,0,0,0,"- ","- ",,,"LOS ANGELES",GLENDALE,,
84394422,2024,2024-09-16,1925,2024-09-03,"823 ",21089,,2,5,6,1925,0,0,0,,0,003,"BRAND BOULEVARD","MAPLE STREET",0.00,,Y,A,-,N,,,,,,,,,,N,3,0,1,2,A,-,10,21950,A,N,G,B,B,A,H,-,A,A,0,Y,,,,Y,,A,01,0,1,0,0,1,0,0,0,0,"- ","- ",,,"LOS ANGELES",GLENDALE,-118.25502014160156,34.138351440429688
84394423,2024,2024-09-16,1925,2024-09-03,1701,21089,,2,5,6,1925,0,0,0,,0,001,"CENTRAL AVENUE","GLENOAKS BOULEVARD",0.00,,Y,-,-,N,,,,,,,,,,N,3,0,1,2,A,-,09,21802,A,N,D,C,A,A,H,-,A,A,0,,,Y,,Y,,A,01,0,1,0,0,0,0,0,0,1,"- ","- ",,,"LOS ANGELES",GLENDALE,-118.25774383544922,34.159381866455078
84394652,2024,2024-09-16,1925,2024-09-04,1958,21089,,3,5,6,1925,0,0,0,,0,002,"COLORADO STREET","PACIFIC AVENUE",60.00,W,N,A,-,N,,,,,,,,,,N,3,0,1,2,A,-,09,21801,A,M,H,A,A,A,H,-,C,A,0,,,Y,,Y,,A,01,0,1,0,0,0,0,0,0,1,"- ","- ",,,"LOS ANGELES",GLENDALE,-118.26461791992188,34.142520904541016
84396432,2024,2024-09-17,1925,2024-09-01,1512,26050,,7,5,6,1925,0,0,0,,0,004,"WILSON AVENUE","BELMONT STREET",0.00,,Y,A,-,N,,,,,,,,,,Y,3,0,2,2,A,-,09,21802,A,N,D,C,A,A,H,-,A,A,0,,,,,Y,,A,07,0,1,1,0,0,0,0,0,0,"- ","- ",,,"LOS ANGELES",GLENDALE,-118.24309539794922,34.148124694824219
84398326,2024,2024-09-18,1925,2024-08-31,"31  ",29440,,6,5,6,1925,0,0,0,,0,002,"BRAND BOULEVARD","MAGNOLIA AVENUE",124.00,N,N,A,-,N,,,,,,,,,,Y,2,0,1,1,A,-,08,22107,,N,E,I,A,A,H,-,C,D,0,,,Y,,Y,,C,02,1,0,0,0,0,0,0,0,1,"- ","- ",34.131229400634766,-118.25489807128906,"LOS ANGELES",GLENDALE,-118.25496673583984,34.131561279296875
84401291,2024,2024-09-20,1925,2024-09-09,1444,28595,,1,5,6,1925,0,0,0,,0,005,"VERDUGO ROAD","ALPHA ROAD",50.00,N,N,-,-,N,,,,,,,,,,Y,3,0,3,2,A,-,01,23152,A,N,A,C,A,A,H,-,A,A,0,,,,,Y,Y,A,01,0,3,0,0,0,0,0,0,0,"- ","- ",34.188648223876953,-118.22631072998047,"LOS ANGELES",GLENDALE,-118.22630310058594,34.188694000244141
84403211,2024,2024-09-23,1925,2024-09-07,2211,27654,,6,5,6,1925,0,0,0,,0,001,"GLENOAKS BOULEVARD","NORTON AVENUE",22.00,E,N,A,-,N,,,,,,,,,,N,4,0,2,2,A,-,09,21804,A,N,A,C,A,A,H,-,C,A,0,,,,,Y,Y,A,01,0,0,2,0,0,0,0,0,0,"- ","- ",34.162189483642578,-118.27741241455078,"LOS ANGELES",GLENDALE,-118.27751922607422,34.162155151367188
84403574,2024,2024-09-23,1925,2024-09-06,2316,27563,,5,5,6,1925,0,0,0,,0,001,"GENEVA STREET","GLENOAKS BOULEVARD",350.00,N,N,A,-,N,,,,,,,,,,N,4,0,1,2,A,-,03,22350,,N,C,C,A,A,H,-,C,D,0,,,,,Y,,A,01,0,0,1,0,0,0,0,0,0,"- ","- ",34.158161163330078,-118.24684143066406,"LOS ANGELES",GLENDALE,-118.24693298339844,34.159248352050781
84403575,2024,2024-09-23,1925,2024-09-07,1200,29285,,6,5,6,1925,0,0,0,,0,003,"GARFIELD AVENUE","ADAMS STREET",291.00,W,N,A,-,N,,,,,,,,,,N,3,0,1,2,A,-,09,21804,A,N,D,C,A,A,H,-,A,D,0,,,,,Y,,A,01,0,1,0,0,0,0,0,0,0,"- ","- ",34.136009216308594,-118.24176025390625,"LOS ANGELES",GLENDALE,-118.24272155761719,34.135993957519531
84405344,2024,2024-09-24,1925,2024-09-05,"848 ",21055,,4,5,6,1925,0,0,0,,0,002,"PACIFIC AVENUE","LEXINGTON DRIVE",109.00,S,N,A,-,N,,,,,,,,,,N,3,0,1,2,A,-,08,22107,,F,G,B,F,A,H,-,A,D,0,Y,,,,Y,,D,72,0,1,0,0,1,0,0,0,0,"- ","- ",34.151588439941406,-118.26454162597656,"LOS ANGELES",GLENDALE,-118.26454925537109,34.151302337646484
84405347,2024,2024-09-24,1925,2024-09-10,1530,21089,,2,5,6,1925,0,0,0,,0,004,"CALIFORNIA AVENUE","JACKSON STREET",0.00,,Y,A,-,N,,,,,,,,,,N,4,0,1,2,A,-,03,22350,,N,C,C,A,A,H,-,A,A,0,,,,,Y,,A,01,0,0,1,0,0,0,0,0,0,"- ","- ",,,"LOS ANGELES",GLENDALE,-118.25013732910156,34.149959564208984
84405348,2024,2024-09-24,1925,2024-09-11,"951 ",21055,,3,5,6,1925,0,0,0,,0,001,"WESTERN AVENUE","FLOWER STREET",58.00,N,N,A,-,N,,,,,,,,,,N,4,0,1,2,A,-,03,22350,,N,C,C,A,A,H,-,A,A,0,,,,,Y,Y,A,01,0,0,1,0,0,0,0,0,0,"- ","- ",34.165748596191406,-118.29530334472656,"LOS ANGELES",GLENDALE,-118.29517364501953,34.165904998779297
84405350,2024,2024-09-24,1925,2024-09-11,1423,28670,,3,5,6,1925,0,0,0,,0,005,"FOOTHILL BOULEVARD","LOWELL AVENUE",0.00,,Y,A,-,N,,,,,,,,,,Y,3,0,3,2,A,-,12,21453,A,N,D,C,A,A,H,-,A,A,0,,,,,Y,,A,07,0,3,0,0,0,0,0,0,0,"- ","- ",34.240428924560547,-118.26605987548828,"LOS ANGELES",GLENDALE,-118.26608276367188,34.240375518798828
84410366,2024,2024-09-27,1925,2024-09-06,1737,26161,,5,5,6,1925,0,0,0,,0,002,"LEXINGTON DRIVE","KENILWORTH AVENUE",0.00,,Y,A,-,N,,,,,,,,,,N,4,0,1,3,A,-,12,22450,A,N,D,C,A,A,H,-,A,A,0,,,,,Y,,A,01,0,0,1,0,0,0,0,0,0,"- ","- ",,,"LOS ANGELES",GLENDALE,-118.26671600341797,34.151580810546875
84410367,2024,2024-09-27,1925,2024-09-12,2030,28525,,4,5,6,1925,0,0,0,,0,,"GLENDALE AVENUE","CALIFORNIA AVENUE",259.00,N,N,A,-,N,,,,,,,,,,N,4,0,1,2,A,-,08,22107,,F,B,C,A,A,H,-,C,D,0,,,,,Y,Y,-,99,0,0,1,0,0,0,0,0,0,"- ","- ",34.149829864501953,-118.24571990966797,"LOS ANGELES",GLENDALE,-118.24543762207031,34.150630950927734
84410368,2024,2024-09-27,1925,2024-09-15,1322,22249,,7,5,6,1925,0,0,0,,0,001,"GLENOAKS BOULEVARD","BRAND BOULEVARD",75.00,W,N,B,-,N,,,,,,,,,,N,4,0,1,2,A,-,08,22102,,N,D,C,A,A,H,-,A,D,0,,,,,Y,,A,07,0,0,1,0,0,0,0,0,0,"- ","- ",,,"LOS ANGELES",GLENDALE,-118.25539398193359,34.159263610839844
84411677,2024,2024-09-30,1925,2024-09-14,1202,27629,,6,5,6,1925,0,0,0,,0,002,"NORTH/SOUTH ALLEY REAR OF 229 N. CENTRAL","SALEM ST",37.00,N,N,A,-,Y,,,,,,,,,,N,3,0,1,2,A,-,21,22106,,N,G,B,D,A,H,-,A,D,0,Y,,,,Y,,A,07,0,1,0,0,1,0,0,0,0,"- ","- ",,,"LOS ANGELES",GLENDALE,,
84411679,2024,2024-09-30,1925,2024-09-15,1855,22249,,7,5,6,1925,0,0,0,,0,002,"SAN FERNANDO ROAD","FERNANDO COURT",0.00,,Y,B,-,N,,,,,,,,,,Y,4,0,1,2,A,-,09,21802,A,N,D,C,A,A,H,-,B,D,0,,,,,Y,,A,01,0,0,1,0,0,0,0,0,0,"- ","- ",,,"LOS ANGELES",GLENDALE,-118.25985717773438,34.129043579101562
84411680,2024,2024-09-30,1925,2024-09-15,1832,21055,,7,5,6,1925,0,0,0,,0,001,"GLENOAKS BOULEVARD","PACIFIC AVENUE",314.00,E,N,B,-,N,,,,,,,,,,N,3,0,3,2,A,-,08,22107,,N,D,C,A,A,H,-,B,D,0,,,,,Y,,A,01,0,1,2,0,0,0,0,0,0,"- ","- ",34.159450531005859,-118.26409149169922,"LOS ANGELES",GLENDALE,-118.26318359375,34.159858703613281
84411681,2024,2024-09-30,1925,2024-09-16,1921,30591,,1,5,6,1925,0,0,0,,0,001,"GLENOAKS BOULEVARD","GRANDVIEW AVENUE",0.00,,Y,A,-,N,,,,,,,,,,Y,3,0,1,2,A,-,09,21801,B,N,A,C,A,A,H,-,B,A,0,,,,,Y,,A,07,0,1,0,0,0,0,0,0,0,"- ","- ",34.165058135986328,-118.28140258789062,"LOS ANGELES",GLENDALE,-118.28138732910156,34.164970397949219
84411682,2024,2024-09-30,1925,2024-09-17,1201,27629,,2,5,6,1925,0,0,0,,0,003,"WILSON AVENUE","OLIVE STREET",115.00,W,N,B,-,N,,,,,,,,,,N,3,0,2,3,A,-,21,22106,,N,C,E,A,A,H,-,A,D,0,,,,,Y,,A,01,0,1,1,0,0,0,0,0,0,"- ","- ",34.148048400878906,-118.23776245117188,"LOS ANGELES",GLENDALE,-118.2381591796875,34.1480712890625
84412084,2024,2024-09-30,1925,2024-09-18,1209,28043,,3,5,6,1925,0,0,0,,0,,"VERDUGO ROAD","CALIFORNIA AVENUE (N)",0.00,,Y,A,-,N,,,,,,,,,,N,3,0,1,2,A,-,09,21802,A,N,D,C,A,A,H,-,A,A,0,,,,,Y,,A,01,0,1,0,0,0,0,0,0,0,"- ","- ",34.150379180908203,-118.23622131347656,"LOS ANGELES",GLENDALE,-118.23619842529297,34.150375366210938
84413934,2024,2024-10-01,1925,2024-09-19,"445 ",30223,,4,5,6,1925,0,0,0,,0,004,"GENEVA STREET","MAURITA PLACE",176.00,N,N,A,-,N,,,,,,,,,,N,4,0,1,2,B,-,22,,,N,B,D,A,A,H,-,C,D,0,,,,,Y,Y,A,01,0,0,1,0,0,0,0,0,0,"- ","- ",34.155811309814453,-118.24681854248047,"LOS ANGELES",GLENDALE,-118.24681091308594,34.156414031982422
84415725,2024,2024-10-02,1925,2024-09-21,1546,24967,,6,5,6,1925,0,0,0,,0,003,"GLENDALE AVENUE","CHESTNUT STREET",0.00,,Y,A,-,N,,,,,,,,,,N,4,0,1,2,A,-,09,21801,A,N,D,C,A,A,H,-,A,D,0,,,,,Y,,A,01,0,0,1,0,0,0,0,0,0,"- ","- ",34.139900207519531,-118.25048828125,"LOS ANGELES",GLENDALE,-118.25054931640625,34.139881134033203
84417313,2024,2024-10-03,1925,2024-09-21,2102,25163,,6,5,6,1925,0,0,0,,0,002,"HARVARD STREET","PACIFIC AVENUE",25.00,E,N,A,-,N,,,,,,,,,,N,4,0,2,2,A,-,03,22350,,N,C,C,A,A,H,-,C,A,0,,,,,Y,,A,01,0,0,2,0,0,0,0,0,0,"- ","- ",34.148910522460938,-118.2645263671875,"LOS ANGELES",GLENDALE,-118.26399993896484,34.144260406494141
84418935,2024,2024-10-04,1925,2024-09-22,"830 ",27629,,7,5,6,1925,0,0,0,,0,005,"HONOLULU AVENUE","LOWELL AVENUE",44.00,S,N,A,-,N,,,,,,,,,,N,4,0,2,2,A,-,12,21453,A,N,B,C,A,A,H,-,A,A,0,,,,,Y,,-,"- ",0,0,2,0,0,0,0,0,0,"- ","- ",,,"LOS ANGELES",GLENDALE,-118.26604461669922,34.231697082519531
84420345,2024,2024-10-07,1925,2024-09-17,1032,21055,,2,5,6,1925,0,0,0,,0,004,"CANADA BOULEVARD","HILLSIDE DRIVE",139.00,N,N,A,-,N,,,,,,,,,,N,3,0,5,2,A,-,08,22103,,N,D,C,A,A,H,-,A,D,0,,,,,Y,,D,22,0,5,0,0,0,0,0,0,0,"- ","- ",34.177238464355469,-118.22898101806641,"LOS ANGELES",GLENDALE,-118.22898864746094,34.177619934082031
84420348,2024,2024-10-07,1925,2024-09-23,1422,21089,,1,5,6,1925,0,0,0,,0,001,"STOCKER STREET","MELROSE AVENUE",80.00,W,N,A,-,N,,,,,,,,,,N,3,0,2,2,A,-,03,22350,,N,C,E,A,A,H,-,A,D,0,,,Y,,Y,,C,06,0,2,0,0,0,0,0,0,2,"- ","- ",,,"LOS ANGELES",GLENDALE,-118.25973510742188,34.163730621337891
84420571,2024,2024-10-07,1925,2024-09-20,1929,26159,,5,5,6,1925,0,0,0,,0,001,"GLENOAKS BOULEVARD","LINDEN AVENUE",80.00,W,N,A,-,N,,,,,,,,,,Y,3,0,1,3,A,-,03,22350,,N,C,C,A,A,H,-,C,D,0,,,,,Y,,A,01,0,1,0,0,0,0,0,0,0,"- ","- ",34.174640655517578,-118.29453277587891,"LOS ANGELES",GLENDALE,-118.29477691650391,34.174724578857422
84420572,2024,2024-10-07,1925,2024-09-22,1545,29285,,7,5,6,1925,0,0,0,,0,004,"BRAND BOULEVARD","DORAN STREET",36.00,S,N,A,-,N,,,,,,,,,,N,3,0,2,2,A,-,09,21801,B,N,A,C,A,A,H,-,A,D,0,,,,,Y,,A,01,0,2,0,0,0,0,0,0,0,"- ","- ",34.154659271240234,-118.25507354736328,"LOS ANGELES",GLENDALE,-118.25511169433594,34.154552459716797
84420573,2024,2024-10-07,1925,2024-09-22,1939,25649,,7,5,6,1925,0,0,0,,0,002,"600 BLK W COLORADO ST","SAN FERNANDO RD",10.00,E,N,A,-,N,,,,,,,,,,Y,3,0,1,2,A,-,08,22102,,N,D,C,A,A,H,-,C,A,0,,,,,Y,,A,07,0,1,0,0,0,0,0,0,0,"- ","- ",,,"LOS ANGELES",GLENDALE,-118.26957702636719,34.142482757568359
84420574,2024,2024-10-07,1925,2024-09-23,2003,22783,,1,5,6,1925,0,0,0,,0,001,"PACIFIC AVENUE","KENNETH ROAD",273.00,N,N,A,-,N,,,,,,,,,,N,3,0,1,2,A,-,21,22106,,N,D,C,A,A,H,-,C,D,0,,,,,Y,,A,07,0,1,0,0,0,0,0,0,0,"- ","- ",34.169609069824219,-118.26624298095703,"LOS ANGELES",GLENDALE,-118.26593780517578,34.170299530029297
84422315,2024,2024-10-08,1925,2024-09-23,1829,30223,,1,5,6,1925,0,0,0,,0,001,"SAN FERNANDO ROAD","WINCHESTER AVENUE",70.00,E,N,A,-,N,,,,,,,,,,Y,4,0,3,2,A,-,09,21804,A,N,D,C,A,A,H,-,B,D,0,,,,,Y,,A,01,0,0,3,0,0,0,0,0,0,"- ","- ",34.168098449707031,-118.29119873046875,"LOS ANGELES",GLENDALE,-118.29100036621094,34.167934417724609
84422316,2024,2024-10-08,1925,2024-09-26,1951,28043,,4,5,6,1925,0,0,0,,0,002,"COLORADO STREET","PACIFIC AVENUE",0.00,,Y,A,-,N,,,,,,,,,,Y,3,0,1,2,A,-,09,21801,A,N,A,C,A,A,H,-,C,A,0,,,,,Y,,A,08,0,1,0,0,0,0,0,0,0,"- ","- ",34.142421722412109,-118.26445770263672,"LOS ANGELES",GLENDALE,-118.26441955566406,34.14251708984375
84423993,2024,2024-10-09,1925,2024-09-27,2237,30157,,5,5,6,1925,0,0,0,,0,001,"SONORA AVENUE","KENNETH ROAD",52.00,S,N,A,-,N,,,,,,,,,,Y,4,0,1,3,A,-,00,22352,B,N,B,E,A,A,H,-,C,D,0,,,,,Y,,A,01,0,0,1,0,0,0,0,0,0,"- ","- ",34.172901153564453,-118.28092193603516,"LOS ANGELES",GLENDALE,-118.28104400634766,34.172813415527344
84427148,2024,2024-10-11,1925,2024-09-27,1140,28922,,5,5,6,1925,0,0,0,,0,001,"KENNETH ROAD","GRANDVIEW AVENUE",117.00,W,N,A,-,N,,,,,,,,,,N,4,0,1,3,A,-,09,21804,A,N,D,C,A,A,H,-,A,D,0,,,,,Y,,A,01,0,0,1,0,0,0,0,0,0,"- ","- ",34.172538757324219,-118.27921295166016,"LOS ANGELES",GLENDALE,-118.27957916259766,34.172592163085938
84427151,2024,2024-10-11,1925,2024-09-27,2154,28043,,5,5,6,1925,0,0,0,,0,002,"CALIFORNIA AVENUE","ORANGE STREET",0.00,,Y,A,-,N,,,,,,,,,,Y,3,0,3,2,A,-,12,21453,A,F,D,C,A,A,H,-,C,A,0,,,,,Y,,D,22,0,3,0,0,0,0,0,0,0,"- ","- ",34.149879455566406,-118.25639343261719,"LOS ANGELES",GLENDALE,-118.25640869140625,34.149940490722656
84428838,2024,2024-10-14,1925,2024-09-20,1521,27016,,5,5,6,1925,0,0,0,,0,005,"FOOTHILL BOULEVARD","NEW YORK AVENUE",0.00,,Y,B,-,N,,,,,,,,,,Y,3,0,2,2,A,-,09,21801,A,N,A,C,A,A,H,-,A,A,0,,,,,Y,,A,08,0,2,0,0,0,0,0,0,0,"- ","- ",,,"LOS ANGELES",GLENDALE,-118.25303649902344,34.232284545898438
84428841,2024,2024-10-14,1925,2024-09-30,1307,27629,,1,5,6,1925,0,0,0,,0,002,"COLORADO STREET","KENILWORTH AVENUE",165.00,E,N,A,-,N,,,,,,,,,,N,4,0,3,2,A,-,08,22107,,N,D,C,A,A,H,-,A,D,0,,,,,Y,,-,"- ",0,0,3,0,0,0,0,0,0,"- ","- ",34.142528533935547,-118.26717376708984,"LOS ANGELES",GLENDALE,-118.26718139648438,34.142238616943359
84428845,2024,2024-10-14,1925,2024-10-02,"943 ",21055,,3,5,6,1925,0,0,0,,0,004,"MONTEREY ROAD","GENEVA STREET",11.00,E,N,A,-,N,,,,,,,,,,N,4,0,1,2,A,-,10,21950,A,N,G,B,B,A,H,-,A,A,0,Y,,,,Y,,A,01,0,0,1,0,1,0,0,0,0,"- ","- ",34.157489776611328,-118.24681091308594,"LOS ANGELES",GLENDALE,-118.24678039550781,34.157524108886719
84429059,2024,2024-10-14,1925,2024-09-27,1443,26161,,5,5,6,1925,0,0,0,,0,004,"LEXINGTON DRIVE","GROVE PLACE",0.00,,Y,A,-,N,,,,,,,,,,Y,4,0,1,2,A,-,09,21802,A,N,D,C,A,A,H,-,A,A,0,,,,,Y,,A,01,0,0,1,0,0,0,0,0,0,"- ","- ",,,"LOS ANGELES",GLENDALE,-118.23766326904297,34.151706695556641
84429061,2024,2024-10-14,1925,2024-10-02,1331,21055,,3,5,6,1925,0,0,0,,0,001,"ALMA STREET","SAN FERNANDO ROAD",24.00,N,N,A,-,N,,,,,,,,,,N,3,0,1,1,A,-,03,22350,,N,E,I,A,A,H,-,A,D,0,,,,,Y,,A,01,0,1,0,0,0,0,0,0,0,"- ","- ",34.158561706542969,-118.27903747558594,"LOS ANGELES",GLENDALE,-118.27902221679688,34.158607482910156
84435952,2024,2024-10-18,1925,2024-09-29,1513,22882,,7,5,6,1925,0,0,0,,0,004,"CHEVY CHASE DRIVE","HARVEY DRIVE",15.00,N,N,A,-,N,,,,,,,,,,N,3,0,1,2,D,-,00,,,N,D,G,A,A,H,-,A,A,0,,Y,,,Y,,-,"- ",0,1,0,0,0,0,1,0,0,"- ","- ",34.155071258544922,-118.22531890869141,"LOS ANGELES",GLENDALE,-118.22526550292969,34.155105590820312
84435954,2024,2024-10-18,1925,2024-10-02,1743,21055,,3,5,6,1925,0,0,0,,0,003,"COLORADO STREET","CHEVY CHASE DRIVE",0.00,,Y,A,-,N,,,,,,,,,,N,4,0,2,2,A,-,09,21801,A,N,D,C,A,A,H,-,A,A,0,,,,,Y,,A,01,0,0,2,0,0,0,0,0,0,"- ","- ",,,"LOS ANGELES",GLENDALE,-118.23960876464844,34.142635345458984
84437396,2024,2024-10-21,1925,2024-09-27,1515,27016,,5,5,6,1925,0,0,0,,0,001,"KENNETH ROAD","ALLEN AVENUE",0.00,,Y,A,-,N,,,,,,,,,,N,4,0,1,2,A,-,03,22350,,M,C,C,A,A,H,-,A,A,0,,,,,Y,,A,07,0,0,1,0,0,0,0,0,0,"- ","- ",34.178581237792969,-118.28868865966797,"LOS ANGELES",GLENDALE,-118.28865051269531,34.178581237792969
84437708,2024,2024-10-21,1925,2024-08-31,2021,29440,,6,5,6,1925,0,0,0,,0,002,"COLORADO STREET","GALLERIA WAY",0.00,,Y,A,-,N,,,,,,,,,,Y,3,0,1,2,B,-,22,,,N,B,C,A,A,H,-,C,A,0,,,,,Y,,A,07,0,1,0,0,0,0,0,0,0,"- ","- ",34.142559051513672,-118.25920104980469,"LOS ANGELES",GLENDALE,-118.25917053222656,34.142551422119141
84437711,2024,2024-10-21,1925,2024-09-30,2150,29572,,1,5,6,1925,0,0,0,,0,002,"CENTRAL AVENUE","PIONEER DRIVE",38.00,S,N,A,-,N,,,,,,,,,,N,4,0,1,2,A,-,03,22350,,N,C,C,A,A,H,-,C,A,0,,,,,Y,,A,01,0,0,1,0,0,0,0,0,0,"- ","- ",,,"LOS ANGELES",GLENDALE,-118.25794219970703,34.155166625976562
84437714,2024,2024-10-21,1925,2024-10-08,1605,30223,,2,5,6,1925,0,0,0,,0,001,"KENNETH ROAD","CLEVELAND ROAD",25.00,W,N,A,-,N,,,,,,,,,,N,3,0,2,3,A,-,10,21950,A,N,G,B,B,A,H,-,A,D,0,Y,,,,Y,,A,07,0,2,0,0,2,0,0,0,0,"- ","- ",34.172111511230469,-118.27710723876953,"LOS ANGELES",GLENDALE,-118.27716827392578,34.172088623046875
84443367,2024,2024-10-24,1925,2024-10-04,"845 ",26161,,5,5,6,1925,0,0,0,,0,004,"LEXINGTON DRIVE","VERDUGO ROAD",2.00,W,N,A,-,N,,,,,,,,,,N,3,0,1,2,A,-,17,21235,G,N,D,C,A,A,H,-,A,A,0,,,Y,,Y,,C,03,0,1,0,0,0,0,0,0,1,"- ","- ",34.151538848876953,-118.236572265625,"LOS ANGELES",GLENDALE,-118.23654937744141,34.151710510253906
84443368,2024,2024-10-24,1925,2024-10-04,1010,28922,,5,5,6,1925,0,0,0,,0,004,"GLENDALE AVENUE","LEXINGTON DRIVE",20.00,N,N,A,-,N,,,,,,,,,,N,4,0,1,2,A,-,03,22350,,N,C,C,A,A,H,-,A,A,0,,,,,Y,,A,01,0,0,1,0,0,0,0,0,0,"- ","- ",34.151660919189453,-118.24475860595703,"LOS ANGELES",GLENDALE,-118.24474334716797,34.151840209960938
84443372,2024,2024-10-24,1925,2024-10-11,1257,28922,,5,5,6,1925,0,0,0,,0,001,"GLENOAKS BOULEVARD","GRAYNOLD AVENUE",133.00,W,N,A,-,N,,,,,,,,,,N,3,0,1,2,A,-,03,22350,,N,C,C,A,A,H,-,A,D,0,,,Y,,Y,,A,01,0,1,0,0,0,0,0,0,1,"- ","- ",34.16278076171875,-118.27823638916016,"LOS ANGELES",GLENDALE,-118.27862548828125,34.162944793701172
84443375,2024,2024-10-24,1925,2024-10-13,1044,29229,,7,5,6,1925,0,0,0,,0,002,"LOMITA AVENUE","GRANADA STREET",20.00,N,N,-,-,N,,,,,,,,,,Y,4,0,2,2,A,-,09,21802,A,N,D,C,A,A,H,-,A,D,0,,,,,Y,,A,01,0,0,2,0,0,0,0,0,0,"- ","- ",34.140869140625,-118.24835968017578,"LOS ANGELES",GLENDALE,,
84446476,2024,2024-10-28,1925,2024-09-30,2258,26161,,1,5,6,1925,0,0,0,,0,002,"SAN FERNANDO ROAD","HARVARD STREET",136.00,N,N,A,-,N,,,,,,,,,,Y,1,1,3,2,A,-,03,22350,,N,D,C,A,A,H,-,C,D,0,,,,,Y,,A,01,2,0,1,0,0,0,0,0,0,"- ","- ",34.144340515136719,-118.27053833007812,"LOS ANGELES",GLENDALE,-118.27074432373047,34.144672393798828
84446477,2024,2024-10-28,1925,2024-10-13,1716,29229,,7,5,6,1925,0,0,0,,0,002,"SAN FERNANDO ROAD","CYPRESS STREET",15.00,W,N,A,-,N,,,,,,,,,,N,3,0,3,2,A,-,09,21801,A,N,D,C,A,A,H,-,A,D,0,,,,,Y,,A,01,0,3,0,0,0,0,0,0,0,"- ","- ",34.12969970703125,-118.26055145263672,"LOS ANGELES",GLENDALE,-118.26058959960938,34.129913330078125
84446679,2024,2024-10-28,1925,2024-10-06,2133,22783,,7,5,6,1925,0,0,0,,0,001,"WESTERN AVENUE","GLENOAKS BOULEVARD",359.00,S,N,A,-,N,,,,,,,,,,N,4,0,2,2,A,-,09,21804,A,N,D,C,A,A,H,-,C,D,0,,,,,Y,,A,07,0,0,2,0,0,0,0,0,0,"- ","- ",34.171131134033203,-118.28965759277344,"LOS ANGELES",GLENDALE,-118.29053497314453,34.170295715332031
84446680,2024,2024-10-28,1925,2024-10-10,1953,22783,,4,5,6,1925,0,0,0,,0,003,"GLENDALE AVENUE","ELK AVENUE (N)",0.00,,Y,A,-,N,,,,,,,,,,N,2,0,1,2,A,-,10,21950,A,N,G,B,B,A,H,-,C,A,0,Y,,,,Y,,A,07,1,0,0,0,1,0,0,0,0,"- ","- ",34.141788482666016,-118.24974060058594,"LOS ANGELES",GLENDALE,-118.24977874755859,34.141616821289062
84448424,2024,2024-10-29,1925,2024-10-16,1758,21089,,3,5,6,1925,0,0,0,,0,002,"COLUMBUS AVENUE","WINDSOR ROAD",0.00,,Y,A,-,N,,,,,,,,,,N,4,0,1,2,A,-,09,21802,A,N,D,C,A,A,H,-,A,A,0,,,,,Y,,A,01,0,0,1,0,0,0,0,0,0,"- ","- ",,,"LOS ANGELES",GLENDALE,-118.26075744628906,34.136531829833984
84450097,2024,2024-11-11,1925,2024-10-13,2145,29326,,7,5,6,1925,0,0,0,,0,004,"DORAN STREET","HOWARD STREET (E)",0.00,,Y,A,-,N,,,,,,,,,,Y,4,0,1,2,A,-,08,22107,,N,C,E,A,A,H,-,C,D,0,,,,,Y,,A,01,0,0,1,0,0,0,0,0,0,"- ","- ",34.154750823974609,-118.24762725830078,"LOS ANGELES",GLENDALE,-118.24800109863281,34.154739379882812
84450098,2024,2024-10-30,1925,2024-10-16,"654 ",29195,,3,5,6,1925,0,0,0,,0,003,"SAN FERNANDO ROAD","PRINCETON STREET",20.00,N,N,A,-,N,,,,,,,,,,N,4,0,2,2,A,-,08,22107,,N,B,E,A,A,H,-,C,D,0,,,,,Y,,A,01,0,0,2,0,0,0,0,0,0,"- ","- ",,,"LOS ANGELES",GLENDALE,-118.25323486328125,34.122142791748047
84453379,2024,2024-11-01,1925,2024-10-17,1652,28525,,4,5,6,1925,0,0,0,,0,004,"MOUNTAIN STREET","DON JOSE DRIVE",0.00,,Y,A,-,N,,,,,,,,,,N,3,0,2,3,A,-,10,21950,A,N,G,B,B,A,H,-,A,A,0,Y,,,,Y,,A,01,0,1,1,0,2,0,0,0,0,"- ","- ",34.164020538330078,-118.23783111572266,"LOS ANGELES",GLENDALE,-118.23793029785156,34.164028167724609
84453380,2024,2024-11-01,1925,2024-10-17,2132,22783,,4,5,6,1925,0,0,0,,0,002,"WILSON AVENUE","ORANGE STREET",0.00,,Y,A,-,N,,,,,,,,,,N,3,0,1,2,A,-,10,21950,A,N,G,B,B,A,H,-,C,A,0,Y,,,,Y,,A,07,0,1,0,0,1,0,0,0,0,"- ","- ",34.148090362548828,-118.25639343261719,"LOS ANGELES",GLENDALE,-118.25644683837891,34.148124694824219
84453382,2024,2024-11-01,1925,2024-10-18,2125,28043,,5,5,6,1925,0,0,0,,0,003,"GLENDALE AVENUE","CHESTNUT STREET",0.00,,Y,A,-,N,,,,,,,,,,Y,3,0,1,2,A,-,09,21802,A,F,D,C,A,A,H,-,A,A,0,,,,,Y,,A,01,0,1,0,0,0,0,0,0,0,"- ","- ",,,"LOS ANGELES",GLENDALE,-118.25054931640625,34.139881134033203
84456169,2024,2024-11-04,1925,2024-10-17,1542,27016,,4,5,6,1925,0,0,0,,0,002,BROADWAY,"COLUMBUS AVENUE",125.00,W,N,A,-,N,,,,,,,,,,Y,3,0,3,3,A,-,09,21804,A,N,D,C,A,A,H,-,A,A,0,,,,,Y,,A,01,0,1,2,0,0,0,0,0,0,"- ","- ",34.146728515625,-118.26136016845703,"LOS ANGELES",GLENDALE,-118.26174163818359,34.146846771240234
84456173,2024,2024-11-04,1925,2024-10-21,1447,24810,,1,5,6,1925,0,0,0,,0,003,"CHEVY CHASE DRIVE","HARVARD STREET",0.00,,Y,A,-,N,,,,,,,,,,N,4,0,1,2,A,-,03,22350,,N,D,C,A,A,H,-,A,A,0,,,,,Y,,M,94,0,0,1,0,0,0,0,0,0,"- ","- ",34.144428253173828,-118.23963928222656,"LOS ANGELES",GLENDALE,-118.23961639404297,34.144435882568359
84456178,2024,2024-11-04,1925,2024-10-23,1013,21089,,3,5,6,1925,0,0,0,,0,002,"SAN FERNANDO ROAD","CHEVY CHASE DRIVE",0.00,,Y,A,-,N,,,,,,,,,,Y,3,0,1,2,A,-,09,21801,A,N,D,C,A,A,H,-,A,A,0,,,,,Y,,A,01,0,1,0,0,0,0,0,0,0,"- ","- ",,,"LOS ANGELES",GLENDALE,-118.26248168945312,34.133480072021484
84461140,2024,2024-11-07,1925,2024-10-24,"745 ",22783,,4,5,6,1925,0,0,0,,0,001,"KENNETH ROAD","WESTERN AVENUE",0.00,,Y,A,-,N,,,,,,,,,,N,3,0,1,2,A,-,10,21950,A,N,G,B,B,A,H,-,A,A,0,Y,,,,Y,,A,01,0,1,0,0,1,0,0,0,0,"- ","- ",34.175739288330078,-118.28482818603516,"LOS ANGELES",GLENDALE,-118.28479766845703,34.175727844238281
84464407,2024,2024-11-11,1925,2024-10-17,"808 ",26161,,4,5,6,1925,0,0,0,,0,004,"VERDUGO ROAD","GLENDALE AVENUE",60.00,N,N,B,-,N,,,,,,,,,,N,4,0,1,2,A,-,03,22350,,N,C,C,A,A,H,-,A,A,0,,,,,Y,,A,01,0,0,1,0,0,0,0,0,0,"- ","- ",34.161430358886719,-118.23609924316406,"LOS ANGELES",GLENDALE,-118.23622131347656,34.161525726318359
84464411,2024,2024-11-11,1925,2024-10-29,1339,22249,,2,5,6,1925,0,0,0,,0,003,"EVERETT STREET","COLORADO STREET",0.00,,Y,A,-,N,,,,,,,,,,N,4,0,1,2,A,-,10,21950,A,N,G,B,B,A,H,-,A,A,0,Y,,,,Y,,A,01,0,0,1,0,1,0,0,0,0,"- ","- ",,,"LOS ANGELES",GLENDALE,-118.24555969238281,34.142669677734375
84464583,2024,2024-11-11,1925,2024-10-18,1342,26161,,5,5,6,1925,0,0,0,,0,001,"PACIFIC AVENUE","BURCHETT STREET",252.00,S,Y,A,-,N,,,,,,,,,,N,4,0,4,4,A,-,12,21453,A,N,D,C,A,A,H,-,A,A,0,,,,,Y,,-,"- ",0,0,4,0,0,0,0,0,0,"- ","- ",34.157360076904297,-118.26423645019531,"LOS ANGELES",GLENDALE,-118.26429748535156,34.156761169433594
84464584,2024,2024-11-11,1925,2024-10-18,1713,27016,,5,5,6,1925,0,0,0,,0,002,"BRAND BOULEVARD","LOMITA AVENUE",0.00,,Y,A,-,N,,,,,,,,,,N,4,0,2,2,A,-,09,21801,A,N,D,C,A,A,H,-,A,A,0,,,,,Y,,A,01,0,0,2,0,0,0,0,0,0,"- ","- ",,,"LOS ANGELES",GLENDALE,-118.25504302978516,34.140598297119141
84464588,2024,2024-11-11,1925,2024-10-29,1217,24810,,2,5,6,1925,0,0,0,,0,003,"COLORADO STREET","LINCOLN AVENUE",50.00,W,N,-,-,N,,,,,,,,,,N,3,0,1,2,A,-,17,22517,,N,H,E,A,A,H,-,A,D,0,,Y,,,Y,,-,99,0,1,0,0,0,0,1,0,0,"- ","- ",34.142730712890625,-118.22955322265625,"LOS ANGELES",GLENDALE,-118.22968292236328,34.14276123046875
84464589,2024,2024-11-11,1925,2024-10-29,1539,28418,,2,5,6,1925,0,0,0,,0,002,"ORANGE STREET","LEXINGTON DRIVE",0.00,,Y,A,-,N,,,,,,,,,,N,4,0,1,2,A,-,00,21456,3,N,G,B,B,A,H,-,A,A,0,Y,,,,Y,,N,60,0,0,1,0,1,0,0,0,0,"- ","- ",34.151611328125,-118.25641632080078,"LOS ANGELES",GLENDALE,-118.25640869140625,34.151741027832031
84464591,2024,2024-11-11,1925,2024-10-30,1215,28595,,3,5,6,1925,0,0,0,,0,005,"HONOLULU AVENUE","VERDUGO ROAD",80.00,W,N,A,-,N,,,,,,,,,,N,4,0,1,2,A,-,03,22350,,N,C,C,A,A,H,-,A,A,0,,,,,Y,,A,01,0,0,1,0,0,0,0,0,0,"- ","- ",34.205020904541016,-118.22522735595703,"LOS ANGELES",GLENDALE,-118.22548675537109,34.205059051513672
84464719,2024,2024-11-11,1925,2024-10-24,1116,21089,,4,5,6,1925,0,0,0,,0,005,"FOOTHILL BOULEVARD","MOORE STREET",0.00,,Y,A,-,N,,,,,,,,,,N,3,0,2,2,A,-,09,21804,A,N,D,C,A,A,H,-,A,D,0,,,,,Y,,A,01,0,2,0,0,0,0,0,0,0,"- ","- ",,,"LOS ANGELES",GLENDALE,-118.26401519775391,34.239097595214844
84464724,2024,2024-11-11,1925,2024-10-30,1254,27629,,3,5,6,1925,0,0,0,,0,002,"ELK AVENUE","PACIFIC AVENUE",21.00,W,N,A,-,N,,,,,,,,,,N,4,0,1,1,A,-,03,22350,,N,H,A,A,A,H,-,A,D,0,,,Y,,Y,,C,02,0,0,1,0,0,0,0,0,1,"- ","- ",34.141559600830078,-118.26447296142578,"LOS ANGELES",GLENDALE,-118.26448059082031,34.141639709472656
84465240,2024,2024-11-12,1925,2024-10-26,1707,29229,,6,5,6,1925,0,0,0,,0,004,BROADWAY,"KENWOOD STREET",0.00,,Y,A,-,N,,,,,,,,,,Y,3,0,3,2,A,-,08,22107,,M,H,A,A,A,H,-,A,A,0,,,,,Y,,A,01,0,3,0,0,0,0,0,0,0,"- ","- ",,,"LOS ANGELES",GLENDALE,-118.25138092041016,34.146324157714844
84465241,2024,2024-11-12,1925,2024-10-28,1442,26039,,1,5,6,1925,0,0,0,,0,005,"LAS PALMAS AVENUE","ARLINGTON AVENUE",0.00,,Y,A,-,N,,,,,,,,,,N,3,0,1,2,A,-,12,22450,A,N,D,C,A,A,H,-,A,A,0,,,,,Y,,-,"- ",0,1,0,0,0,0,0,0,0,"- ","- ",34.200038909912109,-118.23236846923828,"LOS ANGELES",GLENDALE,-118.23249053955078,34.200187683105469
84470481,2024,2024-11-15,1925,2024-10-28,1124,21055,,1,5,6,1925,0,0,0,,0,002,"CENTRAL AVENUE","LEXINGTON DRIVE",73.00,N,N,B,-,N,,,,,,,,,,Y,3,0,2,3,C,-,18,,,N,C,C,A,A,H,-,A,A,0,,,,,Y,,-,"- ",0,2,0,0,0,0,0,0,0,"- ","- ",34.151611328125,-118.25794982910156,"LOS ANGELES",GLENDALE,-118.25791168212891,34.151901245117188
84470484,2024,2024-11-19,1925,2024-10-28,1742,21055,,1,5,6,1925,0,0,0,,0,001,"KENNETH ROAD","COLUMBUS AVENUE (W)",118.00,E,N,B,-,N,,,,,,,,,,Y,3,0,1,5,A,-,03,22350,,N,B,E,A,A,H,-,A,A,0,,,,,Y,,A,01,0,1,0,0,0,0,0,0,0,"- ","- ",34.169281005859375,-118.26421356201172,"LOS ANGELES",GLENDALE,-118.26394653320312,34.169315338134766
84470491,2024,2024-11-15,1925,2024-11-01,1630,28043,,5,5,6,1925,0,0,0,,0,003,"CYPRESS STREET","GLENDALE AVENUE (S)",25.00,E,N,A,-,N,,,,,,,,,,N,3,0,1,2,A,-,03,22350,,N,D,C,A,A,H,-,A,A,0,,,,,Y,,A,01,0,1,0,0,0,0,0,0,0,"- ","- ",34.129848480224609,-118.25257110595703,"LOS ANGELES",GLENDALE,,
84470492,2024,2024-11-15,1925,2024-11-02,1945,29229,,6,5,6,1925,0,0,0,,0,004,"WILSON AVENUE","CHEVY CHASE DRIVE",25.00,E,N,C,-,N,,,,,,,,,,N,4,0,3,2,A,-,03,22350,,N,C,C,A,B,H,-,C,A,0,,,,,Y,,A,01,0,0,3,0,0,0,0,0,0,"- ","- ",,,"LOS ANGELES",GLENDALE,-118.23942565917969,34.148097991943359
84472046,2024,2024-11-18,1925,2024-10-24,1641,27016,,4,5,6,1925,0,0,0,,0,004,"WILSON AVENUE","KENWOOD STREET",0.00,,Y,A,-,N,,,,,,,,,,N,4,0,1,2,A,-,12,21453,A,N,D,C,A,A,H,-,A,A,0,,,,,Y,,-,"- ",0,0,1,0,0,0,0,0,0,"- ","- ",,,"LOS ANGELES",GLENDALE,-118.25141906738281,34.148170471191406
84472047,2024,2024-11-18,1925,2024-10-31,1745,29229,,4,5,6,1925,0,0,0,,0,,"PACIFIC AVENUE","ELK AVENUE",0.00,,Y,A,-,N,,,,,,,,,,Y,3,0,1,2,A,-,06,21755,A,N,D,C,A,A,H,-,A,D,0,,,,,Y,,A,01,0,1,0,0,0,0,0,0,0,"- ","- ",34.141689300537109,-118.26441192626953,"LOS ANGELES",GLENDALE,-118.26441192626953,34.141643524169922
84472048,2024,2024-11-18,1925,2024-11-02,"241 ",27896,,6,5,6,1925,0,0,0,,0,003,"COLORADO STREET","GLENDALE AVENUE",0.00,,Y,A,-,N,,,,,,,,,,N,4,0,1,2,A,-,03,22350,,N,C,C,A,A,H,-,C,A,0,,,,,Y,,A,07,0,0,1,0,0,0,0,0,0,"- ","- ",,,"LOS ANGELES",GLENDALE,-118.24927520751953,34.142662048339844
84472054,2024,2024-11-18,1925,2024-11-05,1041,21055,,2,5,6,1925,0,0,0,,0,002,"LOS FELIZ ROAD","SAN FERNANDO ROAD",0.00,,Y,A,-,N,,,,,,,,,,N,3,0,3,2,A,-,09,21801,A,N,D,C,A,A,H,-,A,A,0,,,,,Y,,A,01,0,1,2,0,0,0,0,0,0,"- ","- ",,,"LOS ANGELES",GLENDALE,-118.25923919677734,34.128334045410156
84472327,2024,2024-11-18,1925,2024-11-04,1505,28595,,1,5,6,1925,0,0,0,,0,002,"LEXINGTON DRIVE","PACIFIC AVENUE",125.00,E,N,A,-,N,,,,,,,,,,Y,4,0,2,3,A,-,09,21804,A,N,D,C,A,A,H,-,A,D,0,,,,,Y,,A,01,0,0,2,0,0,0,0,0,0,"- ","- ",34.151588439941406,-118.26454162597656,"LOS ANGELES",GLENDALE,-118.26414489746094,34.151653289794922
84472566,2024,2024-12-02,1925,2024-10-18,1227,28922,,5,5,6,1925,0,0,0,,0,002,"PACIFIC AVENUE","CALIFORNIA AVENUE",0.00,,Y,A,-,N,,,,,,,,,,N,4,0,1,2,A,-,12,21457,A,N,D,C,A,A,H,-,A,A,0,,,,,Y,,A,07,0,0,1,0,0,0,0,0,0,"- ","- ",34.149730682373047,-118.26457214355469,"LOS ANGELES",GLENDALE,-118.26454162597656,34.149806976318359
84472567,2024,2024-11-18,1925,2024-10-30,1649,26161,,3,5,6,1925,0,0,0,,0,003,"BRAND BOULEVARD","SAN FERNANDO ROAD",178.00,N,N,A,-,N,,,,,,,,,,N,3,0,1,2,A,-,17,21235,G,N,D,C,A,A,H,-,A,D,0,,,Y,,Y,,C,03,0,1,0,0,0,0,0,0,1,"- ","- ",,,"LOS ANGELES",GLENDALE,-118.25503540039062,34.124504089355469
84472570,2024,2024-11-18,1925,2024-11-03,"110 ",22783,,7,5,6,1925,0,0,0,,0,002,"CENTRAL AVENUE","COLORADO STREET",59.00,S,N,B,C,N,,,,,,,,,,Y,4,0,2,2,A,-,08,22102,,N,D,C,A,B,H,-,A,D,0,,,,,Y,,J,48,0,0,2,0,0,0,0,0,0,"- ","- ",34.142440795898438,-118.25794219970703,"LOS ANGELES",GLENDALE,-118.25786590576172,34.142379760742188
84477896,2024,2024-11-21,1925,2024-11-09,1504,28660,,6,5,6,1925,0,0,0,,0,004,"JACKSON STREET","MONTEREY ROAD",0.00,,Y,A,-,N,,,,,,,,,,N,3,0,1,2,A,-,05,21650,,N,A,C,A,A,H,-,A,A,0,,,,,Y,,A,01,0,1,0,0,0,0,0,0,0,"- ","- ",34.157459259033203,-118.25025939941406,"LOS ANGELES",GLENDALE,-118.25025177001953,34.157493591308594
84479468,2024,2024-11-22,1925,2024-11-06,1517,28595,,3,5,6,1925,0,0,0,,0,003,"GLENDALE AVENUE","ELK AVENUE (S)",0.00,,Y,A,-,N,,,,,,,,,,N,4,0,2,3,A,-,07,21658,A,N,B,C,A,A,H,-,A,D,0,,,,,Y,,A,01,0,0,2,0,0,0,0,0,0,"- ","- ",34.141628265380859,-118.24980926513672,"LOS ANGELES",GLENDALE,-118.24977874755859,34.141616821289062
84479471,2024,2024-11-22,1925,2024-11-07,1404,28922,,4,5,6,1925,0,0,0,,0,005,"OCEAN VIEW BOULEVARD","ARLINGTON AVENUE",163.00,N,N,A,-,N,,,,,,,,,,N,4,0,1,3,A,-,03,22350,,N,C,E,A,A,H,-,A,D,0,,,,,Y,,D,22,0,0,1,0,0,0,0,0,0,"- ","- ",,,"LOS ANGELES",GLENDALE,,
84479472,2024,2024-11-22,1925,2024-11-07,1352,24810,,4,5,6,1925,0,0,0,,0,001,"BRAND BOULEVARD","GOODE AVENUE",0.00,,Y,A,-,N,,,,,,,,,,Y,4,0,1,2,A,-,12,21453,A,N,D,C,A,A,H,-,A,A,0,,,,,Y,,D,22,0,0,1,0,0,0,0,0,0,"- ","- ",34.156761169433594,-118.25507354736328,"LOS ANGELES",GLENDALE,-118.25514984130859,34.156764984130859
84479475,2024,2024-11-22,1925,2024-11-10,1101,21055,,7,5,6,1925,0,0,0,,0,004,"LEXINGTON DRIVE","ADAMS STREET",0.00,,Y,A,-,N,,,,,,,,,,Y,3,0,1,3,A,-,12,22450,A,N,D,C,A,A,H,-,A,A,0,,,,,Y,,A,01,0,1,0,0,0,0,0,0,0,"- ","- ",,,"LOS ANGELES",GLENDALE,-118.24185180664062,34.151752471923828
84481329,2024,2024-11-25,1925,2024-11-12,1503,21089,,2,5,6,1925,0,0,0,,0,005,"NEW YORK AVENUE","EL CAMINITO STREET",0.00,,Y,A,-,N,,,,,,,,,,Y,3,0,1,2,A,-,03,22350,,N,C,E,A,A,H,-,A,D,0,,,,,Y,,A,01,0,1,0,0,0,0,0,0,0,"- ","- ",,,"LOS ANGELES",GLENDALE,-118.25301361083984,34.238224029541016
84481330,2024,2024-11-25,1925,2024-11-13,"745 ",28525,,3,5,6,1925,0,0,0,,0,003,"CHEVY CHASE DRIVE","COLORADO STREET",0.00,,Y,A,-,N,,,,,,,,,,N,3,0,1,2,A,-,10,21950,A,N,G,B,B,A,H,-,A,A,0,Y,,,,Y,,A,01,0,1,0,0,1,0,0,0,0,"- ","- ",34.142490386962891,-118.23964691162109,"LOS ANGELES",GLENDALE,-118.23960876464844,34.142635345458984
84481530,2024,2024-11-25,1925,2024-11-14,2115,28525,,4,5,6,1925,0,0,0,,0,001,"ARDEN AVENUE","KENILWORTH AVENUE (N)",0.00,,Y,A,-,N,,,,,,,,,,N,4,0,1,2,A,-,03,22350,,N,C,C,A,A,H,-,C,D,0,,,,,Y,,A,01,0,0,1,0,0,0,0,0,0,"- ","- ",34.158821105957031,-118.26687622070312,"LOS ANGELES",GLENDALE,-118.26688385009766,34.158805847167969
84483479,2024,2024-11-26,1925,2024-11-14,"830 ",28043,,4,5,6,1925,0,0,0,,0,002,"CENTRAL AVENUE","GOODE AVENUE",0.00,,Y,A,-,N,,,,,,,,,,N,3,0,2,2,A,-,12,21453,A,N,D,C,A,A,H,-,A,A,0,,,,,Y,,A,01,0,2,0,0,0,0,0,0,0,"- ","- ",34.156650543212891,-118.25797271728516,"LOS ANGELES",GLENDALE,-118.25798034667969,34.156745910644531
84483480,2024,2024-11-26,1925,2024-11-14,1616,28043,,4,5,6,1925,0,0,0,,0,,"WILSON AVENUE","GLENDALE AVENUE",290.00,W,N,A,-,N,,,,,,,,,,N,3,0,1,2,A,-,09,21802,A,N,D,C,A,A,H,-,A,A,0,,,Y,,Y,,A,01,0,1,0,0,0,0,0,0,1,"- ","- ",34.14801025390625,-118.24646759033203,"LOS ANGELES",GLENDALE,-118.24740600585938,34.148151397705078
84483481,2024,2024-11-26,1925,2024-11-14,1737,28525,,4,5,6,1925,0,0,0,,0,004,"CHEVY CHASE DRIVE","CALIFORNIA AVENUE",0.00,,Y,A,-,N,,,,,,,,,,N,4,0,1,2,A,-,10,21950,A,N,G,B,B,A,H,-,B,A,0,Y,,,,Y,,A,01,0,0,1,0,1,0,0,0,0,"- ","- ",34.149738311767578,-118.23874664306641,"LOS ANGELES",GLENDALE,-118.23876190185547,34.149887084960938
84485195,2024,2024-11-27,1925,2024-11-12,2030,22783,,2,5,6,1925,0,0,0,,0,,"VERDUGO ROAD","ACACIA AVENUE",0.00,,Y,B,-,N,,,,,,,,,,N,4,0,1,2,A,-,10,21950,A,N,G,B,B,A,H,-,C,A,0,Y,,,,Y,,A,01,0,0,1,0,1,0,0,0,0,"- ","- ",34.135948181152344,-118.23367309570312,"LOS ANGELES",GLENDALE,-118.23361968994141,34.1361083984375
84485196,2024,2024-11-27,1925,2024-11-12,2020,26159,,2,5,6,1925,0,0,0,,0,002,"CENTRAL AVENUE","SAN FERNANDO ROAD",10.00,W,N,A,-,N,,,,,,,,,,N,3,0,1,2,A,-,03,22350,,F,G,B,B,A,H,-,C,A,0,Y,,,,Y,,-,99,0,1,0,0,1,0,0,0,0,"- ","- ",34.1268310546875,-118.25795745849609,"LOS ANGELES",GLENDALE,-118.25796508789062,34.126773834228516
84487446,2024,2024-11-29,1925,2024-11-14,1829,28922,,4,5,6,1925,0,0,0,,0,002,"BRAND BOULEVARD","COLORADO STREET",111.00,N,N,A,-,N,,,,,,,,,,Y,4,0,1,2,A,-,07,21658,A,N,D,C,A,A,H,-,C,D,0,,,,,Y,,A,07,0,0,1,0,0,0,0,0,0,"- ","- ",,,"LOS ANGELES",GLENDALE,-118.25493621826172,34.142875671386719
84487449,2024,2024-11-29,1925,2024-11-15,1854,22783,,5,5,6,1925,0,0,0,,0,,"LEXINGTON DRIVE","ADAMS STREET",0.00,,Y,A,-,N,,,,,,,,,,N,3,0,1,2,A,-,12,22450,A,N,G,B,E,A,H,-,C,A,0,Y,,,,Y,,-,"- ",0,1,0,0,1,0,0,0,0,"- ","- ",34.151760101318359,-118.24181365966797,"LOS ANGELES",GLENDALE,-118.24185180664062,34.151752471923828
84487450,2024,2024-11-29,1925,2024-11-16,1518,22783,,6,5,6,1925,0,0,0,,0,003,"GLENDALE AVENUE","CYPRESS STREET (N)",0.00,,Y,A,-,N,,,,,,,,,,N,4,0,1,2,A,-,10,21950,A,N,G,B,B,A,H,-,A,A,0,Y,,,,Y,,A,01,0,0,1,0,1,0,0,0,0,"- ","- ",34.129951477050781,-118.25263214111328,"LOS ANGELES",GLENDALE,-118.25257110595703,34.129810333251953
84487451,2024,2024-12-02,1925,2024-11-16,1517,30317,,6,5,6,1925,0,0,0,,0,002,BROADWAY,"PACIFIC AVENUE",0.00,,Y,A,-,N,,,,,,,,,,Y,2,0,1,3,A,-,01,23152,A,N,D,C,A,A,H,-,A,A,0,,,,,Y,,A,07,1,0,0,0,0,0,0,0,0,"- ","- ",34.146720886230469,-118.26434326171875,"LOS ANGELES",GLENDALE,-118.26428985595703,34.146820068359375
84487452,2024,2024-11-29,1925,2024-11-16,1943,22783,,6,5,6,1925,0,0,0,,0,004,"BRAND BOULEVARD","LEXINGTON DRIVE",0.00,,Y,A,-,N,,,,,,,,,,N,4,0,1,2,A,-,10,21950,A,F,G,B,B,A,H,-,C,A,0,Y,,,,Y,Y,A,07,0,0,1,0,1,0,0,0,0,"- ","- ",34.151729583740234,-118.25505065917969,"LOS ANGELES",GLENDALE,-118.25511932373047,34.151725769042969
84487771,2024,2024-12-02,1925,2024-11-14,2305,22783,,4,5,6,1925,0,0,0,,0,004,"HARVEY DRIVE","SR 134 W/B ON/OFF RAMP (N)",0.00,,Y,A,-,N,,,,,,,,,,Y,2,0,1,1,B,-,22,,,N,E,I,A,A,H,-,C,A,0,,,,,Y,,J,49,1,0,0,0,0,0,0,0,0,"- ","- ",34.148651123046875,-118.22799682617188,"LOS ANGELES",GLENDALE,-118.22873687744141,34.147762298583984
84487963,2024,2024-12-02,1925,2024-11-19,1438,24810,,2,5,6,1925,0,0,0,,0,001,"ARDEN AVENUE","COLUMBUS AVENUE",215.00,W,N,A,-,N,,,,,,,,,,Y,4,0,1,3,A,-,08,22107,,N,C,E,A,A,H,-,A,D,0,,,,,Y,,A,01,0,0,1,0,0,0,0,0,0,"- ","- ",34.158458709716797,-118.26141357421875,"LOS ANGELES",GLENDALE,-118.26213073730469,34.158454895019531
84488156,2024,2024-12-02,1925,2024-11-04,2119,19364,,1,5,6,1925,0,0,0,,0,002,"SAN FERNANDO ROAD","GARFIELD AVENUE (S)",0.00,,Y,A,-,N,,,,,,,,,,Y,4,0,2,3,A,-,08,22100,A,N,B,C,A,A,H,-,C,D,0,,,,,Y,,A,07,0,0,2,0,0,0,0,0,0,"- ","- ",34.135311126708984,-118.26345825195312,"LOS ANGELES",GLENDALE,-118.26363372802734,34.135684967041016
84489844,2024,2024-12-03,1925,2024-11-14,2040,30417,,4,5,6,1925,0,0,0,,0,,"MAPLE STREET","GRANADA STREET",0.00,,Y,A,-,N,,,,,,,,,,N,4,0,1,2,A,-,09,21802,A,N,D,C,A,A,H,-,C,D,0,,,,,Y,,A,01,0,0,1,0,0,0,0,0,0,"- ","- ",34.139030456542969,-118.24832916259766,"LOS ANGELES",GLENDALE,-118.24835968017578,34.138988494873047
84494267,2024,2024-12-06,1925,2024-11-20,1259,26039,,3,5,6,1925,0,0,0,,0,001,"GRANDVIEW AVENUE","5TH STREET",0.00,,Y,A,-,N,,,,,,,,,,N,4,0,3,2,A,-,12,22450,A,N,D,C,A,A,H,-,A,A,0,,,,,Y,,A,01,0,0,3,0,0,0,0,0,0,"- ","- ",34.167301177978516,-118.28066253662109,"LOS ANGELES",GLENDALE,-118.28069305419922,34.167392730712891
84494269,2024,2024-12-06,1925,2024-11-20,1740,26039,,3,5,6,1925,0,0,0,,0,005,"LA CRESCENTA AVENUE","ANGELUS AVENUE",50.00,E,N,A,-,N,,,,,,,,,,Y,4,0,1,2,A,-,08,22107,,N,B,E,A,A,H,-,C,D,0,,,,,Y,,A,01,0,0,1,0,0,0,0,0,0,"- ","- ",34.20111083984375,-118.23451232910156,"LOS ANGELES",GLENDALE,-118.23442840576172,34.201007843017578
84494270,2024,2024-12-06,1925,2024-11-21,1058,28922,,4,5,6,1925,0,0,0,,0,003,"GLENDALE AVENUE","COLORADO STREET",0.00,,Y,A,-,N,,,,,,,,,,N,3,0,1,2,A,-,05,21651,B,N,A,C,A,A,H,-,A,A,0,,,,,Y,,M,94,0,1,0,0,0,0,0,0,0,"- ","- ",34.142509460449219,-118.24935150146484,"LOS ANGELES",GLENDALE,-118.24927520751953,34.142662048339844
84494273,2024,2024-12-06,1925,2024-11-22,1220,26161,,5,5,6,1925,0,0,0,,0,004,"BRAND BOULEVARD","SANCHEZ DRIVE",0.00,,Y,A,-,N,,,,,,,,,,Y,4,0,1,2,A,-,12,21453,A,N,D,C,A,A,H,-,A,A,0,,,Y,,Y,,A,01,0,0,1,0,0,0,0,0,1,"- ","- ",34.155849456787109,-118.25507354736328,"LOS ANGELES",GLENDALE,-118.25514221191406,34.155937194824219
84495503,2024,2024-12-09,1925,2024-11-24,1156,30530,,7,5,6,1925,0,0,0,,0,004,"BRAND BOULEVARD","DRYDEN STREET",126.00,N,N,A,-,N,,,,,,,,,,N,4,0,1,2,A,-,21,22106,,N,G,B,D,A,H,-,A,D,0,Y,,,,Y,,A,01,0,0,1,0,1,0,0,0,0,"- ","- ",34.161331176757812,-118.25505828857422,"LOS ANGELES",GLENDALE,-118.25505828857422,34.161796569824219
84496107,2024,2024-12-10,1925,2024-11-24,2019,22783,,7,5,6,1925,0,0,0,,0,003,"VERDUGO ROAD","WILSON AVENUE",69.00,S,N,A,-,N,,,,,,,,,,Y,3,0,1,2,C,-,18,,,N,A,C,A,A,H,-,C,A,0,,,,,Y,,-,"- ",0,1,0,0,0,0,0,0,0,"- ","- ",34.148040771484375,-118.23557281494141,"LOS ANGELES",GLENDALE,-118.23551177978516,34.147876739501953
84496108,2024,2024-12-10,1925,2024-11-27,1815,29405,,3,5,6,1925,0,0,0,,0,003,"GRISWOLD STREET","COLORADO STREET",384.00,S,N,A,-,N,,,,,,,,,,N,3,0,1,2,A,-,08,22107,,N,G,B,F,A,H,-,C,D,0,Y,,,,Y,,A,01,0,1,0,0,1,0,0,0,0,"- ","- ",34.142711639404297,-118.23493957519531,"LOS ANGELES",GLENDALE,-118.23493957519531,34.141685485839844
84497829,2024,2024-12-13,1925,2024-11-22,1552,28043,,5,5,6,1925,0,0,0,,0,001,"PACIFIC AVENUE","GLENOAKS BOULEVARD",10.00,S,N,A,-,N,,,,,,,,,,N,3,0,1,2,A,-,08,22107,,N,B,C,A,A,H,-,A,D,0,,,,Y,Y,,A,01,0,1,0,0,0,0,0,0,0,"- ","- ",34.159450531005859,-118.26409149169922,"LOS ANGELES",GLENDALE,-118.26421356201172,34.159854888916016
84497832,2024,2024-12-13,1925,2024-11-26,1452,21055,,2,5,6,1925,0,0,0,,0,003,"CHEVY CHASE DRIVE","BOYNTON STREET",0.00,,Y,C,-,N,,,,,,,,,,N,4,0,1,2,A,-,12,21453,A,N,D,C,A,B,H,-,A,A,0,,,,,Y,,-,"- ",0,0,1,0,0,0,0,0,0,"- ","- ",,,"LOS ANGELES",GLENDALE,-118.24907684326172,34.133670806884766
84497833,2024,2024-12-13,1925,2024-11-26,1715,21055,,2,5,6,1925,0,0,0,,0,004,"VERDUGO ROAD","MOUNTAIN STREET",102.00,S,N,C,-,N,,,,,,,,,,N,4,0,2,2,A,-,03,22350,,M,C,C,A,B,H,-,C,A,0,,,,,Y,,A,01,0,0,2,0,0,0,0,0,0,"- ","- ",,,"LOS ANGELES",GLENDALE,-118.23235321044922,34.164875030517578
84497834,2024,2024-12-13,1925,2024-11-25,1700,27629,,1,5,6,1925,0,0,0,,0,001,"SONORA AVENUE","5TH STREET",14.00,N,N,A,-,N,,,,,,,,,,N,3,0,1,2,D,-,00,,,N,G,B,B,A,H,-,C,D,0,Y,,,,Y,,-,"- ",0,1,0,0,1,0,0,0,0,"- ","- ",34.169460296630859,-118.28459167480469,"LOS ANGELES",GLENDALE,-118.28459930419922,34.169479370117188
84497837,2024,2024-12-13,1925,2024-11-27,1548,28043,,3,5,6,1925,0,0,0,,0,003,"COLORADO STREET","EVERETT STREET",0.00,,Y,A,-,N,,,,,,,,,,Y,3,0,1,2,A,-,12,21453,A,N,D,C,A,A,H,-,A,A,0,,,,,Y,,-,"- ",0,1,0,0,0,0,0,0,0,"- ","- ",34.142528533935547,-118.24559783935547,"LOS ANGELES",GLENDALE,-118.24555969238281,34.142669677734375
84501115,2024,2024-12-13,1925,2024-11-28,1136,28284,,4,5,6,1925,0,0,0,,0,001,"RAYMOND AVENUE","BEL AIRE DRIVE",327.00,S,N,B,-,N,,,,,,,,,,N,4,0,2,4,A,-,09,21804,A,N,D,E,A,A,H,-,A,D,0,,,,,Y,,A,01,0,0,2,0,0,0,0,0,0,"- ","- ",34.178760528564453,-118.28334045410156,"LOS ANGELES",GLENDALE,-118.2840576171875,34.178092956542969
84501118,2024,2024-12-13,1925,2024-11-29,1940,29405,,5,5,6,1925,0,0,0,,0,003,"GLENDALE AVENUE","RALEIGH STREET",103.00,S,N,A,-,N,,,,,,,,,,Y,3,0,2,4,A,-,08,22107,,F,C,E,A,A,H,-,C,A,0,,,,,Y,,A,07,0,2,0,0,0,0,0,0,0,"- ","- ",34.138130187988281,-118.25119018554688,"LOS ANGELES",GLENDALE,-118.25126647949219,34.137832641601562
84502702,2024,2024-12-13,1925,2024-11-18,2142,30591,,1,5,6,1925,0,0,0,,0,004,"CANADA BOULEVARD","TOWNE STREET",817.00,N,N,A,-,N,,,,,,,,,,Y,2,0,1,1,A,-,03,22350,,N,E,I,A,A,H,-,C,A,0,,,,,Y,,A,01,1,0,0,0,0,0,0,0,0,"- ","- ",34.171909332275391,-118.22898101806641,"LOS ANGELES",GLENDALE,-118.22904968261719,34.171825408935547
84502703,2024,2024-12-13,1925,2024-11-19,2025,22783,,2,5,6,1925,0,0,0,,0,001,"GLENOAKS BOULEVARD","ALAMEDA AVENUE",0.00,,Y,A,-,N,,,,,,,,,,N,4,0,2,3,A,-,12,21453,A,N,D,C,A,A,H,-,C,A,0,,,,,Y,,A,07,0,0,2,0,0,0,0,0,0,"- ","- ",34.176750183105469,-118.29733276367188,"LOS ANGELES",GLENDALE,-118.29734802246094,34.176799774169922
84504169,2024,2024-12-16,1925,2024-12-02,1721,28595,,1,5,6,1925,0,0,0,,0,001,"GLENWOOD ROAD","WINCHESTER AVENUE",0.00,,Y,A,-,N,,,,,,,,,,N,4,0,1,2,A,-,09,21802,A,N,D,C,A,A,H,-,A,A,0,,,,,Y,,A,07,0,0,1,0,0,0,0,0,0,"- ","- ",34.172740936279297,-118.28629302978516,"LOS ANGELES",GLENDALE,-118.28630828857422,34.172721862792969
84504395,2024,2024-12-16,1925,2024-12-02,1709,28418,,1,5,6,1925,0,0,0,,0,004,"BRAND BOULEVARD","MONTEREY ROAD",0.00,,Y,A,-,N,,,,,,,,,,Y,4,0,1,2,A,-,09,21801,A,N,D,C,A,A,H,-,C,A,0,,,,,Y,,A,01,0,0,1,0,0,0,0,0,0,"- ","- ",34.157440185546875,-118.25507354736328,"LOS ANGELES",GLENDALE,-118.25497436523438,34.157512664794922
84509485,2024,2024-12-19,1925,2024-12-08,1659,28769,,7,5,6,1925,0,0,0,,0,001,"GLENWOOD ROAD","WCL OF PACIFIC AVE",374.00,W,N,A,-,N,,,,,,,,,,N,4,0,1,3,A,-,01,23152,A,N,G,B,E,A,H,-,B,D,0,Y,,,,Y,Y,A,01,0,0,1,0,1,0,0,0,0,"- ","- ",34.164249420166016,-118.26519012451172,"LOS ANGELES",GLENDALE,-118.26638031005859,34.164505004882812
84512610,2024,2024-12-23,1925,2024-12-07,1014,26039,,6,5,6,1925,0,0,0,,0,002,"BRAND BOULEVARD","CERRITOS AVENUE",0.00,,Y,A,-,N,,,,,,,,,,N,4,0,2,2,A,-,12,21453,A,N,D,C,A,A,H,-,A,A,0,,,,,Y,,J,41,0,0,2,0,0,0,0,0,0,"- ","- ",34.12554931640625,-118.2548828125,"LOS ANGELES",GLENDALE,-118.25482940673828,34.125541687011719
84512613,2024,2024-12-23,1925,2024-12-09,1325,21089,,1,5,6,1925,0,0,0,,0,002,"DORAN STREET","CENTRAL AVENUE (S)",140.00,E,N,A,-,N,,,,,,,,,,N,3,0,1,2,A,-,11,21954,A,N,G,B,E,A,H,-,A,D,0,Y,,,,Y,,N,60,0,1,0,0,1,0,0,0,0,"- ","- ",,,"LOS ANGELES",GLENDALE,,
84512614,2024,2024-12-23,1925,2024-12-10,"833 ",21089,,2,5,6,1925,0,0,0,,0,005,"OCEAN VIEW BOULEVARD","BROADVIEW DRIVE",0.00,,Y,A,-,N,,,,,,,,,,Y,4,0,1,2,A,-,12,21453,A,N,D,C,A,A,H,-,A,A,0,,,,,Y,,A,07,0,0,1,0,0,0,0,0,0,"- ","- ",,,"LOS ANGELES",GLENDALE,-118.22809600830078,34.204410552978516
84512616,2024,2024-12-23,1925,2024-12-10,1630,21089,,2,5,6,1925,0,0,0,,0,002,"PACIFIC AVENUE",BROADWAY,0.00,,Y,A,-,N,,,,,,,,,,N,4,0,1,2,A,-,03,22350,,M,C,C,A,A,H,-,A,A,0,,,,,Y,,-,99,0,0,1,0,0,0,0,0,0,"- ","- ",,,"LOS ANGELES",GLENDALE,-118.26428985595703,34.146820068359375
84512775,2024,2024-12-24,1925,2024-12-05,1640,28922,,4,5,6,1925,0,0,0,,0,001,"CENTRAL AVENUE","DRYDEN STREET",182.00,N,N,A,-,N,,,,,,,,,,N,4,0,1,2,A,-,08,22102,,N,D,C,A,A,H,-,B,D,0,,,,,Y,,A,01,0,0,1,0,0,0,0,0,0,"- ","- ",,,"LOS ANGELES",GLENDALE,-118.25688934326172,34.161968231201172
84514478,2024,2024-12-24,1925,2024-12-12,1845,28525,,4,5,6,1925,0,0,0,,0,003,"COLORADO STREET","CHEVY CHASE DRIVE",0.00,,Y,A,-,N,,,,,,,,,,N,3,0,1,2,D,-,00,,,N,G,B,B,A,H,-,C,A,0,Y,,,,Y,,-,"- ",0,1,0,0,1,0,0,0,0,"- ","- ",34.142490386962891,-118.23964691162109,"LOS ANGELES",GLENDALE,-118.23960876464844,34.142635345458984
84515947,2024,2024-12-25,1925,2024-12-10,"200 ",28134,,2,5,6,1925,0,0,0,,0,001,"DRYDEN STREET","MELROSE AVENUE",310.00,E,N,A,-,N,,,,,,,,,,Y,3,0,1,3,A,-,01,23152,A,N,F,E,A,A,H,-,C,D,0,,,,,Y,Y,A,07,0,1,0,0,0,0,0,0,0,"- ","- ",34.161369323730469,-118.25940704345703,"LOS ANGELES",GLENDALE,-118.25843048095703,34.161468505859375
84515948,2024,2024-12-25,1925,2024-12-10,1850,25649,,2,5,6,1925,0,0,0,,0,004,"N LOUISE ST","E DRYDEN ST",0.00,,Y,A,-,N,,,,,,,,,,N,3,0,1,2,A,-,12,22450,A,N,D,C,A,A,H,-,D,A,0,,,,,Y,,-,"- ",0,1,0,0,0,0,0,0,0,"- ","- ",,,"LOS ANGELES",GLENDALE,-118.25270843505859,34.161445617675781
84516084,2024,2024-12-26,1925,2024-12-10,2235,30157,,2,5,6,1925,0,0,0,,0,002,"COLORADO STREET","PACIFIC AVENUE",280.00,E,N,A,-,N,,,,,,,,,,Y,4,0,1,4,A,-,01,23152,B,N,C,E,A,A,H,-,C,D,0,,,,,Y,Y,A,01,0,0,1,0,0,0,0,0,0,"- ","- ",34.142551422119141,-118.26439666748047,"LOS ANGELES",GLENDALE,-118.26349639892578,34.142520904541016
84516085,2024,2024-12-26,1925,2024-12-13,2033,29326,,5,5,6,1925,0,0,0,,0,004,"WILSON AVENUE","CEDAR STREET",0.00,,Y,A,-,N,,,,,,,,,,Y,3,0,3,2,A,-,09,21802,A,N,A,C,A,A,H,-,C,A,0,,,,,Y,,A,07,0,2,1,0,0,0,0,0,0,"- ","- ",34.148120880126953,-118.24433135986328,"LOS ANGELES",GLENDALE,-118.24434661865234,34.14813232421875
84516086,2024,2024-12-26,1925,2024-12-13,2124,28670,,5,5,6,1925,0,0,0,,0,004,"JACKSON STREET","DORAN STREET",15.00,N,N,A,-,N,,,,,,,,,,N,3,0,1,2,A,-,08,22107,,N,B,C,A,A,H,-,C,A,0,,,,,Y,,-,"- ",0,1,0,0,0,0,0,0,0,"- ","- ",34.154720306396484,-118.25016021728516,"LOS ANGELES",GLENDALE,-118.25023651123047,34.154731750488281
84517518,2024,2024-12-27,1925,2024-12-12,1714,26161,,4,5,6,1925,0,0,0,,0,005,"PENNSYLVANIA AVENUE","MILLS AVENUE (S)",0.00,,Y,A,-,N,,,,,,,,,,N,4,0,1,2,A,-,09,21801,A,N,D,C,A,A,H,-,B,D,0,,,,,Y,,A,01,0,0,1,0,0,0,0,0,0,"- ","- ",34.219070434570312,-118.24849700927734,"LOS ANGELES",GLENDALE,-118.24873352050781,34.21917724609375
84517519,2024,2024-12-27,1925,2024-12-13,1546,28525,,5,5,6,1925,0,0,0,,0,004,"GLENDALE AVENUE","MONTEREY ROAD",0.00,,Y,-,-,N,,,,,,,,,,N,4,0,1,2,A,-,09,21801,A,N,D,C,A,A,H,-,A,A,0,,,,,Y,,A,01,0,0,1,0,0,0,0,0,0,"- ","- ",34.156070709228516,-118.24191284179688,"LOS ANGELES",GLENDALE,-118.24192047119141,34.15618896484375
84517521,2024,2024-12-27,1925,2024-12-13,1826,26161,,5,5,6,1925,0,0,0,,0,004,"GLENOAKS BOULEVARD","LOUISE STREET",0.00,,Y,A,-,N,,,,,,,,,,N,4,0,1,2,A,-,10,21950,A,N,G,B,B,A,H,-,C,A,0,Y,,,,Y,,A,01,0,0,1,0,1,0,0,0,0,"- ","- ",,,"LOS ANGELES",GLENDALE,-118.25267791748047,34.158367156982422
84517522,2024,2024-12-27,1925,2024-12-13,2143,25163,,5,5,6,1925,0,0,0,,0,001,"CENTRAL AVENUE","BURCHETT STREET",100.00,S,N,B,-,N,,,,,,,,,,N,4,0,1,2,A,-,03,22350,,M,C,C,A,A,H,-,C,D,0,,,,,Y,,A,07,0,0,1,0,0,0,0,0,0,"- ","- ",34.157310485839844,-118.25797271728516,"LOS ANGELES",GLENDALE,-118.25799560546875,34.157127380371094
84518767,2024,2024-12-30,1925,2024-12-16,1254,30342,,1,5,6,1925,0,0,0,,0,003,"COLORADO STREET","PORTER STREET",60.00,E,N,A,-,N,,,,,,,,,,N,4,0,1,2,A,-,09,21804,A,N,D,C,A,A,H,-,A,D,0,,,,,Y,,A,01,0,0,1,0,0,0,0,0,0,"- ","- ",,,"LOS ANGELES",GLENDALE,-118.23715209960938,34.142688751220703
84518768,2024,2024-12-30,1925,2024-12-17,"921 ",21089,,2,5,6,1925,0,0,0,,0,003,"EVERETT STREET","ORANGE GROVE AVENUE",0.00,,Y,A,-,N,,,,,,,,,,N,4,0,1,2,A,-,09,21802,A,N,D,C,A,A,H,-,A,A,0,,,,,Y,,A,01,0,0,1,0,0,0,0,0,0,"- ","- ",,,"LOS ANGELES",GLENDALE,-118.24558258056641,34.143550872802734
84519003,2024,2024-12-30,1925,2024-12-18,"935 ",28595,,3,5,6,1925,0,0,0,,0,001,"GLENWOOD ROAD","CLEMENT DRIVE",290.00,E,N,A,-,N,,,,,,,,,,Y,3,0,2,3,A,-,09,21804,A,N,D,C,A,A,H,-,A,D,0,,,,,Y,,A,07,0,1,1,0,0,0,0,0,0,"- ","- ",34.164829254150391,-118.26806640625,"LOS ANGELES",GLENDALE,-118.26714324951172,34.164661407470703
84519182,2024,2024-12-30,1925,2024-12-12,1543,28922,,4,5,6,1925,0,0,0,,0,001,"SAN FERNANDO ROAD","GRAHAM PLACE",0.00,,Y,A,-,N,,,,,,,,,,N,4,0,1,2,A,-,09,21802,A,N,D,C,A,A,H,-,A,D,0,,,,,Y,,A,07,0,0,1,0,0,0,0,0,0,"- ","- ",,,"LOS ANGELES",GLENDALE,-118.29844665527344,34.173351287841797
84520919,2024,2024-12-31,1925,2024-12-17,"912 ",30342,,2,5,6,1925,0,0,0,,0,003,"ADAMS STREET","ELK AVENUE (S)",0.00,,Y,A,-,N,,,,,,,,,,N,4,0,1,2,A,-,09,21802,A,N,D,C,A,A,H,-,A,A,0,,,,,Y,,A,01,0,0,1,0,0,0,0,0,0,"- ","- ",34.141281127929688,-118.24182891845703,"LOS ANGELES",GLENDALE,-118.24179840087891,34.141735076904297
84520923,2024,2024-12-31,1925,2024-12-19,1931,27896,,4,5,6,1925,0,0,0,,0,002,"KENILWORTH AVENUE","WILSON AVENUE",0.00,,Y,A,-,N,,,,,,,,,,N,3,0,1,2,A,-,12,22450,A,N,D,C,A,A,H,-,C,D,0,,,,,Y,,A,01,0,1,0,0,0,0,0,0,0,"- ","- ",34.147991180419922,-118.26596832275391,"LOS ANGELES",GLENDALE,-118.26599884033203,34.147979736328125
84522457,2024,2025-01-01,1925,2024-12-18,1912,30805,,3,5,6,1925,0,0,0,,0,,"MONTEREY ROAD","BALBOA AVENUE",0.00,,Y,A,-,N,,,,,,,,,,Y,4,0,3,2,A,-,08,22101,D,N,D,C,A,A,H,-,C,D,0,,,,,Y,,A,07,0,0,3,0,0,0,0,0,0,"- ","- ",34.157489776611328,-118.24472808837891,"LOS ANGELES",GLENDALE,-118.24481964111328,34.157413482666016
84522693,2024,2025-01-02,1925,2024-12-21,1139,30157,,6,5,6,1925,0,0,0,,0,004,"MISTY ISLE DRIVE","OAKENGATE DRIVE",35.00,W,N,A,-,N,,,,,,,,,,Y,4,0,1,2,A,-,09,21804,A,N,D,C,A,A,H,-,A,D,0,,,,,Y,Y,A,01,0,0,1,0,0,0,0,0,0,"- ","- ",34.170070648193359,-118.24257659912109,"LOS ANGELES",GLENDALE,-118.24266052246094,34.170021057128906
84525652,2024,2025-01-06,1925,2024-12-13,1922,28594,,5,5,6,1925,0,0,0,,0,001,"GLENOAKS BOULEVARD","WINCHESTER AVENUE",26.00,W,N,A,-,N,,,,,,,,,,N,3,0,2,4,A,-,03,22350,,N,C,C,A,A,H,-,C,A,0,,,,,Y,,A,07,0,2,0,0,0,0,0,0,0,"- ","- ",34.170429229736328,-118.28871154785156,"LOS ANGELES",GLENDALE,-118.28884124755859,34.170398712158203
84525655,2024,2025-01-06,1925,2024-12-22,1347,24918,,7,5,6,1925,0,0,0,,0,002,"PACIFIC AVENUE","PIONEER DRIVE (N)",20.00,S,N,B,-,N,,,,,,,,,,Y,4,0,4,2,A,-,08,22107,,N,B,C,A,A,H,-,A,D,0,,,,,Y,,A,01,0,0,4,0,0,0,0,0,0,"- ","- ",,,"LOS ANGELES",GLENDALE,-118.26460266113281,34.15478515625
84525656,2024,2025-01-06,1925,2024-12-23,1801,28595,,1,5,6,1925,0,0,0,,0,004,"BRAND BOULEVARD","GLENOAKS BOULEVARD",0.00,,Y,C,-,N,,,,,,,,,,N,4,0,1,2,D,-,00,,,N,G,B,B,A,H,-,C,A,0,Y,,,,Y,,-,"- ",0,0,1,0,1,0,0,0,0,"- ","- ",34.159271240234375,-118.25505828857422,"LOS ANGELES",GLENDALE,-118.25514984130859,34.15924072265625
84526132,2024,2025-01-06,1925,2024-12-21,1734,22783,,6,5,6,1925,0,0,0,,0,002,"CENTRAL AVENUE","LEXINGTON DRIVE",0.00,,Y,A,-,N,,,,,,,,,,Y,4,0,2,2,A,-,09,21801,A,N,D,C,A,A,H,-,C,A,0,,,,,Y,,A,07,0,0,2,0,0,0,0,0,0,"- ","- ",34.151611328125,-118.25794982910156,"LOS ANGELES",GLENDALE,-118.25791168212891,34.151695251464844
84527756,2024,2025-01-07,1925,2024-12-24,1309,30887,,2,5,6,1925,0,0,0,,0,003,"HARVARD STREET","EVERETT STREET",137.00,W,N,B,C,N,,,,,,,,,,N,3,0,1,2,A,-,11,21950,B,N,G,B,E,B,H,-,A,D,0,Y,,,,Y,,N,60,0,1,0,0,1,0,0,0,0,"- ","- ",34.144458770751953,-118.24556732177734,"LOS ANGELES",GLENDALE,-118.24603271484375,34.144477844238281
84527758,2024,2025-01-07,1925,2024-12-24,1859,24582,,2,5,6,1925,0,0,0,,0,002,"COLUMBUS AVENUE","WINDSOR ROAD",0.00,,Y,A,-,N,,,,,,,,,,Y,3,0,2,2,A,-,08,22107,,N,D,C,A,A,H,-,C,D,0,,,,,Y,,A,01,0,2,0,0,0,0,0,0,0,"- ","- ",34.136669158935547,-118.26078033447266,"LOS ANGELES",GLENDALE,-118.26075744628906,34.136531829833984
84527759,2024,2025-01-07,1925,2024-12-24,1935,28134,,2,5,6,1925,0,0,0,,0,003,BROADWAY,"VERDUGO ROAD",0.00,,Y,A,-,N,,,,,,,,,,N,3,0,1,2,A,-,10,21950,A,N,G,B,B,A,H,-,C,A,0,Y,,,,Y,,A,01,0,1,0,0,1,0,0,0,0,"- ","- ",34.146141052246094,-118.23504638671875,"LOS ANGELES",GLENDALE,-118.23506164550781,34.146160125732422
84527760,2024,2025-01-07,1925,2024-12-24,1950,29572,,2,5,6,1925,0,0,0,,0,002,"BRAND BOULEVARD","LEXINGTON DRIVE",0.00,,Y,A,-,N,,,,,,,,,,Y,4,0,3,2,A,-,12,21453,A,N,D,C,A,A,H,-,C,A,0,,,,,Y,,A,01,0,0,3,0,0,0,0,0,0,"- ","- ",34.151729583740234,-118.25505065917969,"LOS ANGELES",GLENDALE,-118.25511932373047,34.151725769042969
84527761,2024,2025-01-07,1925,2024-12-25,2039,30223,,3,5,6,1925,0,0,0,,0,004,"BRAND BOULEVARD","GOODE AVENUE",0.00,,Y,A,-,N,,,,,,,,,,Y,4,0,2,2,A,-,12,21453,A,N,D,C,A,A,H,-,C,A,0,,,,,Y,,A,07,0,0,2,0,0,0,0,0,0,"- ","- ",,,"LOS ANGELES",GLENDALE,-118.25514984130859,34.156764984130859
84527765,2024,2025-01-07,1925,2024-12-27,1246,28525,,5,5,6,1925,0,0,0,,0,005,"BOSTON AVENUE","FOOTHILL BOULEVARD",174.00,N,N,A,-,N,,,,,,,,,,N,4,0,1,2,A,-,09,21804,A,N,D,C,A,A,H,-,A,D,0,,,,,Y,,A,01,0,0,1,0,0,0,0,0,0,"- ","- ",34.237701416015625,-118.26172637939453,"LOS ANGELES",GLENDALE,-118.26177215576172,34.238166809082031
84532478,2024,2025-01-10,1925,2024-12-23,1708,28418,,1,5,6,1925,0,0,0,,0,002,"SAN FERNANDO ROAD","DORAN STREET",0.00,,Y,A,-,N,,,,,,,,,,Y,3,0,1,2,A,-,09,21801,A,M,D,C,A,A,H,-,C,A,0,,,,,Y,,A,07,0,1,0,0,0,0,0,0,0,"- ","- ",34.153228759765625,-118.275146484375,"LOS ANGELES",GLENDALE,-118.27512359619141,34.153263092041016
84532479,2024,2025-01-10,1925,2024-12-26,1420,26161,,4,5,6,1925,0,0,0,,0,003,"WILSON AVENUE","OLIVE STREET",2.00,E,N,A,-,N,,,,,,,,,,Y,4,0,2,2,A,-,09,21804,A,N,D,C,A,A,H,-,A,D,0,,,,,Y,,A,07,0,0,2,0,0,0,0,0,0,"- ","- ",34.147918701171875,-118.23776245117188,"LOS ANGELES",GLENDALE,-118.23777008056641,34.148059844970703
84534808,2024,2025-01-13,1925,2024-12-29,1951,30155,,7,5,6,1925,0,0,0,,0,001,"KENNETH ROAD","HIGHLAND AVENUE",0.00,,Y,A,-,N,,,,,,,,,,N,3,0,1,2,A,-,09,21802,A,N,D,C,A,A,H,-,D,D,0,,,,,Y,,A,01,0,1,0,0,0,0,0,0,0,"- ","- ",34.171150207519531,-118.27229309082031,"LOS ANGELES",GLENDALE,-118.27230072021484,34.171119689941406
84536429,2024,2025-01-14,1925,2024-12-24,1256,24810,,2,5,6,1925,0,0,0,,0,005,"PENNSYLVANIA AVENUE","FOOTHILL BOULEVARD",200.00,N,N,C,-,N,,,,,,,,,,N,3,0,1,2,A,-,11,21954,A,N,G,B,D,B,H,-,A,D,0,Y,,,,Y,,N,60,0,1,0,0,1,0,0,0,0,"- ","- ",34.229568481445312,-118.24868011474609,"LOS ANGELES",GLENDALE,-118.24867248535156,34.230129241943359
84536431,2024,2025-01-14,1925,2024-12-27,1339,26161,,5,5,6,1925,0,0,0,,0,002,"CONCORD STREET","FAIRMONT AVENUE",0.00,,Y,A,-,N,,,,,,,,,,N,3,0,2,2,A,-,12,21453,A,N,D,D,A,A,H,-,A,A,0,,,,,Y,,A,01,0,2,0,0,0,0,0,0,0,"- ","- ",,,"LOS ANGELES",GLENDALE,-118.2711181640625,34.155612945556641
84536432,2024,2025-01-14,1925,2024-12-27,1456,26161,,5,5,6,1925,0,0,0,,0,001,"VALLEY VIEW ROAD","KENNETH ROAD",338.00,S,N,B,-,N,,,,,,,,,,Y,3,0,2,2,A,-,09,21804,A,N,D,C,A,A,H,-,A,D,0,,,,,Y,,A,07,0,1,1,0,0,0,0,0,0,"- ","- ",,,"LOS ANGELES",GLENDALE,,
84536433,2024,2025-01-14,1925,2024-12-30,1351,24810,,1,5,6,1925,0,0,0,,0,004,BROADWAY,"CEDAR STREET",10.00,E,N,A,-,N,,,,,,,,,,N,4,0,1,2,A,-,10,21950,A,N,G,B,B,A,H,-,A,A,0,Y,,,,Y,,A,01,0,0,1,0,1,0,0,0,0,"- ","- ",34.146129608154297,-118.24433898925781,"LOS ANGELES",GLENDALE,-118.24429321289062,34.146270751953125
84537969,2024,2025-01-15,1925,2024-12-31,1913,22783,,2,5,6,1925,0,0,0,,0,002,"PACIFIC AVENUE","LEXINGTON DRIVE",57.00,N,N,A,-,N,,,,,,,,,,N,4,0,1,3,A,-,03,22350,,N,C,C,A,A,H,-,C,A,0,,,,,Y,,A,07,0,0,1,0,0,0,0,0,0,"- ","- ",34.151588439941406,-118.26454162597656,"LOS ANGELES",GLENDALE,-118.26454925537109,34.151756286621094
84539355,2024,2025-01-16,1925,2024-12-29,1753,29572,,7,5,6,1925,0,0,0,,0,001,"GLENOAKS BOULEVARD","WESTERN AVENUE",134.00,W,N,A,-,N,,,,,,,,,,Y,4,0,1,2,A,-,03,22350,,N,B,C,A,A,H,-,C,A,0,,,,,Y,,A,07,0,0,1,0,0,0,0,0,0,"- ","- ",34.171131134033203,-118.28965759277344,"LOS ANGELES",GLENDALE,-118.29007720947266,34.171298980712891
84540928,2025,2025-01-17,1925,2025-01-05,1400,29285,,7,5,6,1925,0,0,0,,0,004,"BRAND BOULEVARD","SANCHEZ DRIVE",0.00,,Y,A,-,N,,,,,,,,,,N,3,0,1,3,A,-,12,21453,A,N,D,C,A,A,H,-,A,A,0,,,,,Y,,A,01,0,1,0,0,0,0,0,0,0,"- ","- ",34.155849456787109,-118.25507354736328,"LOS ANGELES",GLENDALE,-118.25514221191406,34.155937194824219
84543067,2025,2025-01-20,1925,2025-01-06,1745,28595,,1,5,6,1925,0,0,0,,0,002,"CENTRAL AVENUE","MAPLE STREET (S)",80.00,S,N,A,-,N,,,,,,,,,,N,3,0,1,2,A,-,00,21760,B,N,B,G,A,A,H,-,C,D,0,,Y,,,Y,,I,20,0,1,0,0,0,0,1,0,0,"- ","- ",34.137729644775391,-118.25785827636719,"LOS ANGELES",GLENDALE,-118.25785827636719,34.137489318847656
84543068,2025,2025-01-20,1925,2025-01-08,1740,24810,,3,5,6,1925,0,0,0,,0,004,BROADWAY,"VERDUGO ROAD",0.00,,Y,A,-,N,,,,,,,,,,Y,3,0,1,2,A,-,09,21800,D,N,D,C,A,A,H,-,D,B,0,,,,,Y,,A,07,0,1,0,0,0,0,0,0,0,"- ","- ",34.146141052246094,-118.23504638671875,"LOS ANGELES",GLENDALE,-118.23506164550781,34.146160125732422
84543461,2025,2025-01-21,1925,2025-01-08,1119,30886,,3,5,6,1925,0,0,0,,0,004,BROADWAY,"VERDUGO RD",0.00,,Y,B,G,N,,,,,,,,,,Y,3,0,1,2,A,-,09,21800,D,N,D,C,A,A,H,-,A,B,0,,,,,Y,,A,01,0,1,0,0,0,0,0,0,0,"- ","- ",,,"LOS ANGELES",GLENDALE,-118.23506164550781,34.146160125732422
84543462,2025,2025-01-21,1925,2025-01-09,1608,28043,,4,5,6,1925,0,0,0,,0,003,"COLORADO STREET","ADAMS STREET",0.00,,Y,B,-,N,,,,,,,,,,Y,3,0,1,2,A,-,12,21457,A,N,B,C,A,A,H,-,A,B,0,,,,,Y,,A,01,0,1,0,0,0,0,0,0,0,"- ","- ",34.142509460449219,-118.24182891845703,"LOS ANGELES",GLENDALE,-118.24179840087891,34.142650604248047
84545259,2025,2025-01-22,1925,2025-01-07,1351,28957,,2,5,6,1925,0,0,0,,0,001,"GLENOAKS BOULEVARD","HIGHLAND AVENUE",0.00,,Y,A,G,N,,,,,,,,,,Y,3,0,2,3,A,-,09,21800,D,N,D,C,A,A,H,-,A,B,0,,,,,Y,,A,01,0,1,1,0,0,0,0,0,0,"- ","- ",,,"LOS ANGELES",GLENDALE,-118.27486419677734,34.160778045654297
84545261,2025,2025-01-22,1925,2025-01-08,1348,29788,,3,5,6,1925,0,0,0,,0,005,"BOSTON AVENUE","5TH AVENUE",63.00,S,N,F,-,N,,,,,,,,,,N,3,0,1,4,A,-,08,22107,,N,B,E,A,A,H,-,A,D,0,,,,,Y,,A,01,0,1,0,0,0,0,0,0,0,"- ","- ",,,"LOS ANGELES",GLENDALE,-118.26180267333984,34.234138488769531
84548244,2025,2025-01-24,1925,2025-01-09,1120,21055,,4,5,6,1925,0,0,0,,0,002,"SAN FERNANDO ROAD",BROADWAY,0.00,,Y,A,-,N,,,,,,,,,,N,4,0,1,2,A,-,12,21453,A,N,D,C,A,A,H,-,A,A,0,,,,,Y,,-,"- ",0,0,1,0,0,0,0,0,0,"- ","- ",,,"LOS ANGELES",GLENDALE,-118.27182769775391,34.146781921386719
84548248,2025,2025-01-24,1925,2025-01-13,1018,22249,,1,5,6,1925,0,0,0,,0,005,"FOOTHILL BOULEVARD","WILLALEE AVENUE",100.00,E,N,G,-,N,,,,,,,,,,N,4,0,1,2,A,-,07,21658,A,N,C,C,A,A,H,-,A,D,0,,,,,Y,,A,01,0,0,1,0,0,0,0,0,0,"- ","- ",,,"LOS ANGELES",GLENDALE,-118.25605773925781,34.234146118164062
84549448,2025,2025-01-27,1925,2025-01-14,"742 ",22249,,2,5,6,1925,0,0,0,,0,002,"PACIFIC AVENUE","PIONEER DRIVE (S)",0.00,,Y,A,-,N,,,,,,,,,,Y,4,0,1,2,A,-,07,21658,A,N,B,C,A,A,H,-,A,D,0,,,,,Y,,A,01,0,0,1,0,0,0,0,0,0,"- ","- ",,,"LOS ANGELES",GLENDALE,-118.26461029052734,34.154838562011719
84549640,2025,2025-01-27,1925,2025-01-13,1433,22249,,1,5,6,1925,0,0,0,,0,004,"CANADA BOULEVARD","TOWNE STREET",405.00,S,N,A,-,N,,,,,,,,,,N,4,0,1,2,A,-,17,22109,,N,C,C,A,A,H,-,A,D,0,,,,,Y,,A,01,0,0,1,0,0,0,0,0,0,"- ","- ",,,"LOS ANGELES",GLENDALE,-118.22946166992188,34.168537139892578
84549645,2025,2025-01-27,1925,2025-01-15,"806 ",21089,,3,5,6,1925,0,0,0,,0,002,"COLUMBUS AVENUE","LEXINGTON DRIVE",0.00,,Y,A,-,N,,,,,,,,,,N,3,0,1,2,A,-,21,22106,,N,G,B,B,A,H,-,A,A,0,Y,,,,Y,,D,22,0,1,0,0,1,0,0,0,0,"- ","- ",,,"LOS ANGELES",GLENDALE,-118.26139831542969,34.151679992675781
84549830,2025,2025-01-27,1925,2025-01-08,"219 ",27896,,3,5,6,1925,0,0,0,,0,002,"401 CHESTER ST.","LEXINGTON DR.",0.00,,Y,A,-,N,,,,,,,,,,Y,4,0,1,1,A,-,03,22350,,N,E,I,A,A,H,-,C,D,0,,,,,Y,Y,A,01,0,0,1,0,0,0,0,0,0,"- ","- ",,,"LOS ANGELES",GLENDALE,-118.26992034912109,34.151569366455078
84549833,2025,2025-01-27,1925,2025-01-15,"442 ",28091,,3,5,6,1925,0,0,0,,0,004,"CHEVY CHASE DRIVE","WILSON AVENUE",0.00,,Y,A,-,N,,,,,,,,,,Y,3,0,2,2,-,-,"- ",,,N,D,C,A,A,H,-,C,A,0,,,,,Y,,-,"- ",0,1,1,0,0,0,0,0,0,"- ","- ",,,"LOS ANGELES",GLENDALE,-118.23950958251953,34.148097991943359
84549839,2025,2025-01-27,1925,2025-01-16,"827 ",28043,,4,5,6,1925,0,0,0,,0,003,BROADWAY,"BELMONT STREET",0.00,,Y,A,-,N,,,,,,,,,,N,3,0,2,2,A,-,09,21802,A,N,D,C,A,A,H,-,A,A,0,,,,,Y,,A,01,0,2,0,0,0,0,0,0,0,"- ","- ",34.146259307861328,-118.24307250976562,"LOS ANGELES",GLENDALE,-118.24308776855469,34.146259307861328
84555167,2025,2025-01-30,1925,2025-01-17,"941 ",28922,,5,5,6,1925,0,0,0,,0,002,"PALMER AVENUE","BRAND BOULEVARD",318.00,W,N,A,-,N,,,,,,,,,,N,4,0,1,2,A,-,11,21956,A,N,G,B,E,A,H,-,A,D,0,Y,,,,Y,,N,60,0,0,1,0,1,0,0,0,0,"- ","- ",,,"LOS ANGELES",GLENDALE,-118.25602722167969,34.132259368896484
84556687,2025,2025-01-31,1925,2025-01-06,2328,25649,,1,5,6,1925,0,0,0,,0,004,"E BROADWAY","EVERETT STREET",0.00,,Y,A,-,N,,,,,,,,,,N,4,0,2,3,A,-,10,21950,A,N,G,B,B,C,H,-,C,A,0,Y,,,,Y,,A,01,0,0,2,0,2,0,0,0,0,"- ","- ",34.146339416503906,-118.24559020996094,"LOS ANGELES",GLENDALE,-118.24558258056641,34.146297454833984
84556689,2025,2025-01-31,1925,2025-01-13,2209,29572,,1,5,6,1925,0,0,0,,0,002,"LEXINGTON DRIVE","ORANGE STREET",86.00,W,N,A,-,N,,,,,,,,,,N,3,0,1,2,A,-,03,22350,,N,G,B,E,A,H,-,C,D,0,Y,,,,Y,,A,07,0,1,0,0,1,0,0,0,0,"- ","- ",34.151710510253906,-118.25639343261719,"LOS ANGELES",GLENDALE,-118.25669097900391,34.1517333984375
84558112,2025,2025-02-03,1925,2025-01-20,1825,22249,,1,5,6,1925,0,0,0,,0,004,"GLENOAKS BOULEVARD","LOUISE STREET",216.00,E,N,A,-,N,,,,,,,,,,N,4,0,1,2,A,-,00,21809,A,N,G,B,E,A,H,-,C,A,0,Y,,,,Y,,A,01,0,0,1,0,1,0,0,0,0,"- ","- ",,,"LOS ANGELES",GLENDALE,-118.25198364257812,34.15826416015625
84561272,2025,2025-02-03,1925,2025-01-13,1205,28595,,1,5,6,1925,0,0,0,,0,001,"SAN FERNANDO ROAD","GROVER AVENUE",0.00,,Y,A,-,N,,,,,,,,,,N,4,0,1,3,A,-,03,22350,,N,C,C,A,A,H,-,A,D,0,,,,,Y,,A,01,0,0,1,0,0,0,0,0,0,"- ","- ",34.165279388427734,-118.28733825683594,"LOS ANGELES",GLENDALE,-118.28732299804688,34.165252685546875
84561276,2025,2025-02-03,1925,2025-01-17,"953 ",26161,,5,5,6,1925,0,0,0,,0,002,"PACIFIC AVENUE",BROADWAY,26.00,N,N,A,-,N,,,,,,,,,,Y,4,0,3,4,A,-,03,22350,,N,D,C,A,A,H,-,A,D,0,,,,,Y,,A,01,0,0,3,0,0,0,0,0,0,"- ","- ",,,"LOS ANGELES",GLENDALE,-118.26432800292969,34.146881103515625
84561279,2025,2025-02-03,1925,2025-01-21,1804,28595,,2,5,6,1925,0,0,0,,0,002,"MAPLE STREET","LOUISE STREET (E)",0.00,,Y,A,-,N,,,,,,,,,,N,4,0,1,2,A,-,01,23152,A,N,C,C,A,A,H,-,C,A,0,,,,,Y,Y,A,01,0,0,1,0,0,0,0,0,0,"- ","- ",34.138648986816406,-118.25234985351562,"LOS ANGELES",GLENDALE,-118.25257110595703,34.138618469238281
84561282,2025,2025-02-03,1925,2025-01-22,"803 ",28418,,3,5,6,1925,0,0,0,,0,003,"COLORADO STREET","EVERETT STREET",0.00,,Y,A,-,N,,,,,,,,,,N,3,0,1,2,A,-,05,21651,B,N,D,C,A,A,H,-,A,A,0,,,Y,,Y,,O,05,0,1,0,0,0,0,0,0,1,"- ","- ",34.142528533935547,-118.24559783935547,"LOS ANGELES",GLENDALE,-118.24555969238281,34.142669677734375
84561284,2025,2025-02-03,1925,2025-01-22,1107,28525,,3,5,6,1925,0,0,0,,0,005,"LOWELL AVENUE","HONOLULU AVENUE",233.00,S,N,A,-,N,,,,,,,,,,N,4,0,1,2,A,-,08,22107,,N,C,E,A,A,H,-,A,D,0,,,,,Y,,A,01,0,0,1,0,0,0,0,0,0,"- ","- ",34.23175048828125,-118.26618194580078,"LOS ANGELES",GLENDALE,-118.26619720458984,34.231082916259766
84564033,2025,2025-02-04,1925,2025-01-11,1209,21055,,6,5,6,1925,0,0,0,,0,002,"SAN FERNANDO ROAD","PALMER AVENUE (S)",0.00,S,N,A,-,N,,,,,,,,,,N,4,0,1,2,A,-,03,22350,,M,C,C,A,A,H,-,A,A,0,,,,,Y,,A,01,0,0,1,0,0,0,0,0,0,"- ","- ",34.131549835205078,-118.26161193847656,"LOS ANGELES",GLENDALE,-118.26174163818359,34.132068634033203
84564043,2025,2025-02-04,1925,2025-01-22,1454,26161,,3,5,6,1925,0,0,0,,0,002,"BRAND BOULEVARD","ELK AVENUE",15.00,S,N,A,-,N,,,,,,,,,,N,3,0,1,2,A,-,09,21804,A,N,D,G,A,A,H,-,A,D,0,,Y,,,Y,,L,04,0,1,0,0,0,0,1,0,0,"- ","- ",,,"LOS ANGELES",GLENDALE,-118.25504302978516,34.141529083251953
84564049,2025,2025-02-04,1925,2025-01-24,"729 ",28043,,5,5,6,1925,0,0,0,,0,004,"WILSON TERRACE","RICHLAND AVENUE",65.00,E,N,A,-,N,,,,,,,,,,Y,2,0,3,2,A,-,03,22350,,N,C,E,A,A,H,-,A,D,0,,,,Y,Y,,A,01,1,2,0,0,0,0,0,0,0,"- ","- ",34.149650573730469,-118.23153686523438,"LOS ANGELES",GLENDALE,-118.23152160644531,34.149646759033203
84566977,2025,2025-02-06,1925,2025-01-25,2140,30886,,6,5,6,1925,0,0,0,,0,,"TOWNE STREET","THE MIDWAY",0.00,,Y,A,-,N,,,,,,,,,,N,3,0,1,2,A,-,12,22450,A,N,H,D,A,A,H,-,C,D,0,,,,,Y,,A,07,0,1,0,0,0,0,0,0,0,"- ","- ",34.169528961181641,-118.22830200195312,"LOS ANGELES",GLENDALE,-118.22844696044922,34.169662475585938
84569645,2025,2025-02-07,1925,2025-01-26,1501,29285,,7,5,6,1925,0,0,0,,0,004,"VERDUGO ROAD","BROOK LANE",6.00,S,N,B,-,N,,,,,,,,,,N,3,0,1,2,A,-,08,22107,,N,A,E,A,B,H,-,A,D,0,,,,,Y,,A,01,0,1,0,0,0,0,0,0,0,"- ","- ",34.181850433349609,-118.22569274902344,"LOS ANGELES",GLENDALE,-118.22566986083984,34.181812286376953
84569646,2025,2025-02-07,1925,2025-01-26,2006,30120,,7,5,6,1925,0,0,0,,0,001,"GRANDVIEW AVENUE","ECL GRANDVIEW AVE",26.00,W,N,C,-,N,,,,,,,,,,N,3,0,1,2,A,-,03,22350,,N,C,C,A,B,H,-,D,A,0,,,,,Y,,A,07,0,1,0,0,0,0,0,0,0,"- ","- ",34.159931182861328,-118.28436279296875,"LOS ANGELES",GLENDALE,,
84569647,2025,2025-02-07,1925,2025-01-26,2125,28769,,7,5,6,1925,0,0,0,,0,006,"STOCKER ST","SCL OF STOCKER ST",4.00,N,N,C,-,N,,,,,,,,,,N,4,0,1,2,A,-,08,22107,,N,B,E,A,B,H,-,C,D,0,,,,,Y,,A,01,0,0,1,0,0,0,0,0,0,"- ","- ",,,"LOS ANGELES",GLENDALE,,
84570606,2025,2025-02-11,1925,2025-01-18,1903,28942,,6,5,6,1925,0,0,0,,0,003,"COLORADO STREET","CHEVY CHASE DRIVE",0.00,,Y,A,-,N,,,,,,,,,,Y,4,0,2,2,A,-,12,21453,A,N,D,D,A,A,H,-,B,A,0,,,,,Y,,A,07,0,0,2,0,0,0,0,0,0,"- ","- ",,,"LOS ANGELES",GLENDALE,-118.23960876464844,34.142635345458984
84570607,2025,2025-02-10,1925,2025-01-23,1548,28922,,4,5,6,1925,0,0,0,,0,004,"BRAND BOULEVARD","GOODE AVENUE",0.00,,Y,A,-,N,,,,,,,,,,Y,4,0,2,2,A,-,12,21453,A,N,D,C,A,A,H,-,A,A,0,,,,,Y,,A,07,0,0,2,0,0,0,0,0,0,"- ","- ",34.156761169433594,-118.25507354736328,"LOS ANGELES",GLENDALE,-118.25514984130859,34.156764984130859
84570612,2025,2025-03-04,1925,2025-01-27,1420,28418,,1,5,6,1925,0,0,0,,0,005,"VERDUGO ROAD","SUNVIEW DRIVE",0.00,,Y,A,-,N,,,,,,,,,,N,3,0,2,3,C,-,18,,,N,G,B,B,A,H,-,A,D,0,Y,,,,Y,,-,"- ",0,1,1,0,2,0,0,0,0,"- ","- ",34.202621459960938,-118.226806640625,"LOS ANGELES",GLENDALE,-118.22693634033203,34.202602386474609
84570878,2025,2025-02-10,1925,2025-01-27,1900,21089,,1,5,6,1925,0,0,0,,0,004,"GLENDALE AVENUE","WILSON AVENUE",0.00,,Y,A,-,N,,,,,,,,,,N,4,0,1,3,A,-,12,21453,A,N,D,C,A,A,H,-,C,A,0,,,,,Y,,A,07,0,0,1,0,0,0,0,0,0,"- ","- ",,,"LOS ANGELES",GLENDALE,-118.24645233154297,34.148151397705078
84571127,2025,2025-02-14,1925,2025-01-25,1214,28922,,6,5,6,1925,0,0,0,,0,003,"COLORADO STREET","CHEVY CHASE DRIVE",30.00,W,N,A,-,N,,,,,,,,,,Y,3,0,2,2,A,-,03,22350,,N,D,C,A,A,H,-,A,A,0,,,,,Y,,A,01,0,1,1,0,0,0,0,0,0,"- ","- ",,,"LOS ANGELES",GLENDALE,-118.23970794677734,34.142631530761719
84571131,2025,2025-02-10,1925,2025-01-29,1616,27629,,3,5,6,1925,0,0,0,,0,001,"GLENOAKS BOULEVARD","CONCORD STREET",35.00,W,N,A,-,N,,,,,,,,,,N,4,0,1,3,A,-,03,22350,,N,B,C,A,A,H,-,A,A,0,,,,,Y,,A,07,0,0,1,0,0,0,0,0,0,"- ","- ",34.159938812255859,-118.27082061767578,"LOS ANGELES",GLENDALE,-118.27096557617188,34.159862518310547
84573077,2025,2025-02-11,1925,2025-01-30,1729,21089,,4,5,6,1925,0,0,0,,0,003,"CHEVY CHASE DRIVE","ADAMS STREET",50.00,E,N,A,-,N,,,,,,,,,,Y,3,0,1,3,A,-,08,22107,,N,C,E,A,A,H,-,B,A,0,,,,,Y,,A,01,0,1,0,0,0,0,0,0,0,"- ","- ",,,"LOS ANGELES",GLENDALE,-118.24156951904297,34.133853912353516
84580736,2025,2025-02-17,1925,2025-01-26,1000,28595,,7,5,6,1925,0,0,0,,0,,"GLENDALE AVENUE","LEXINGTON DRIVE",50.00,N,N,B,-,N,,,,,,,,,,N,4,0,1,1,A,-,08,22107,,N,E,I,A,A,H,-,A,A,0,,,,,Y,,A,07,0,0,1,0,0,0,0,0,0,"- ","- ",34.151790618896484,-118.24474334716797,"LOS ANGELES",GLENDALE,-118.24469757080078,34.151912689208984
84580739,2025,2025-02-17,1925,2025-02-03,1723,21089,,1,5,6,1925,0,0,0,,0,002,"COLUMBUS AVENUE","HAWTHORNE STREET",0.00,,Y,A,-,N,,,,,,,,,,N,4,0,1,2,A,-,09,21804,A,N,D,C,A,A,H,-,C,A,0,,,Y,,Y,,A,07,0,0,1,0,0,0,0,0,1,"- ","- ",,,"LOS ANGELES",GLENDALE,-118.26087188720703,34.145027160644531
84581450,2025,2025-02-17,1925,2025-01-30,"232 ",30063,,4,5,6,1925,0,0,0,,0,004,"MONTEREY ROAD",HOWARD,0.00,,Y,-,-,N,,,,,,,,,,N,3,0,1,3,A,-,08,22107,,N,B,E,A,A,H,-,C,D,0,,,,,Y,,A,01,0,1,0,0,0,0,0,0,0,"- ","- ",34.157489776611328,-118.24796295166016,"LOS ANGELES",GLENDALE,-118.24795532226562,34.157493591308594
84581451,2025,2025-03-17,1925,2025-02-04,1743,28418,,2,5,6,1925,0,0,0,,0,001,"VICTORY BOULEVARD","WESTERN AVENUE",103.00,W,N,A,-,N,,,,,,,,,,Y,1,1,0,2,A,-,11,21954,A,N,G,B,D,A,H,-,C,A,0,Y,,,,Y,,N,60,0,0,0,1,0,0,0,0,0,"- ","- ",34.161128997802734,-118.3001708984375,"LOS ANGELES",GLENDALE,-118.30046081542969,34.16131591796875
84583512,2025,2025-02-19,1925,2025-01-26,1243,29009,,7,5,6,1925,0,0,0,,0,,"GLENDALE AVENUE","LEXINGTON DRIVE",17.00,N,N,A,-,N,,,,,,,,,,N,3,0,1,2,A,-,03,22350,,N,C,C,A,B,H,-,A,A,0,,,,,Y,,A,01,0,1,0,0,0,0,0,0,0,"- ","- ",34.151790618896484,-118.24474334716797,"LOS ANGELES",GLENDALE,-118.24474334716797,34.151832580566406
84583515,2025,2025-02-19,1925,2025-02-08,1547,25163,,6,5,6,1925,0,0,0,,0,005,"VERDUGO BOULEVARD","CLIFTON PLACE",50.00,W,N,B,-,N,,,,,,,,,,N,2,0,1,1,A,-,08,22107,,N,F,A,A,A,H,-,A,A,0,,,Y,,Y,,O,05,1,0,0,0,0,0,0,0,1,"- ","- ",34.204879760742188,-118.22406005859375,"LOS ANGELES",GLENDALE,-118.22420501708984,34.204891204833984
84584751,2025,2025-02-20,1925,2025-02-07,2318,24582,,5,5,6,1925,0,0,0,,0,001,"RIVERSIDE DRIVE",CHAVEZ,0.00,,Y,A,-,N,,,,,,,,,,Y,4,0,2,2,A,-,03,22350,,N,C,C,A,A,H,-,C,A,0,,,,,Y,,A,07,0,0,2,0,0,0,0,0,0,"- ","- ",,,"LOS ANGELES",GLENDALE,-118.30712890625,34.161823272705078
84586797,2025,2025-02-24,1925,2025-02-06,1102,28043,,4,5,6,1925,0,0,0,,0,004,BROADWAY,"GLENDALE AVENUE",0.00,,Y,B,C,N,,,,,,,,,,Y,3,0,3,2,A,-,09,21801,A,N,A,C,A,B,H,-,A,A,0,,,,,Y,,A,01,0,3,0,0,0,0,0,0,0,"- ","- ",34.146350860595703,-118.24717712402344,"LOS ANGELES",GLENDALE,-118.24718475341797,34.146297454833984
84586798,2025,2025-02-24,1925,2025-02-06,1750,28525,,4,5,6,1925,0,0,0,,0,004,"VERDUGO ROAD","LEXINGTON DRIVE",190.00,N,N,C,-,N,,,,,,,,,,N,3,0,1,2,A,-,08,22107,,N,C,E,A,B,H,-,C,D,0,,,,,Y,,A,01,0,1,0,0,0,0,0,0,0,"- ","- ",34.151668548583984,-118.236572265625,"LOS ANGELES",GLENDALE,-118.2366943359375,34.152214050292969
84586802,2025,2025-02-24,1925,2025-02-09,1427,27629,,7,5,6,1925,0,0,0,,0,005,"HONOLULU AVENUE","HONOLULU PLACE",22.00,N,N,A,-,N,,,,,,,,,,N,4,0,1,2,A,-,03,22350,,N,C,C,A,A,H,-,A,A,0,,,,,Y,,D,22,0,0,1,0,0,0,0,0,0,"- ","- ",34.221248626708984,-118.24993896484375,"LOS ANGELES",GLENDALE,-118.25007629394531,34.221347808837891
84590015,2025,2025-02-26,1925,2025-02-15,1714,24111,,6,5,6,1925,0,0,0,,0,002,"MILFORD STREET","SAN FERNANDO ROAD",31.00,E,N,A,-,N,,,,,,,,,,Y,4,0,1,2,A,-,08,22100,A,N,D,C,A,A,H,-,A,D,0,,,,,Y,,A,01,0,0,1,0,0,0,0,0,0,"- ","- ",34.152130126953125,-118.27459716796875,"LOS ANGELES",GLENDALE,-118.27449798583984,34.152191162109375
84591216,2025,2025-02-27,1925,2025-02-06,2233,22783,,4,5,6,1925,0,0,0,,0,003,"COLORADO STREET","CHEVY CHASE DRIVE",35.00,E,N,B,C,N,,,,,,,,,,Y,2,0,1,2,A,-,11,21954,A,N,G,B,D,B,H,-,C,A,0,Y,,,,Y,,N,60,1,0,0,0,1,0,0,0,0,"- ","- ",34.142620086669922,-118.23963928222656,"LOS ANGELES",GLENDALE,-118.23949432373047,34.142635345458984
84591217,2025,2025-02-27,1925,2025-02-12,"800 ",24111,,3,5,6,1925,0,0,0,,0,003,"GLENDALE AVENUE","DORAN STREET",0.00,,Y,C,-,N,,,,,,,,,,N,3,0,1,2,A,-,10,21950,A,N,G,B,B,B,H,-,A,A,0,Y,,,,Y,,A,07,0,1,0,0,1,0,0,0,0,"- ","- ",34.153530120849609,-118.24362945556641,"LOS ANGELES",GLENDALE,-118.24365997314453,34.153541564941406
84592391,2025,2025-02-28,1925,2025-02-01,1052,28922,,6,5,6,1925,0,0,0,,0,003,"CHEVY CHASE DRIVE","GLENDALE AVENUE",0.00,,Y,A,-,N,,,,,,,,,,N,3,0,1,2,A,-,10,21950,A,N,G,B,B,A,H,-,A,A,0,Y,,,,Y,,A,01,0,1,0,0,1,0,0,0,0,"- ","- ",,,"LOS ANGELES",GLENDALE,-118.25199127197266,34.133518218994141
84592392,2025,2025-02-28,1925,2025-02-08,2052,30805,,6,5,6,1925,0,0,0,,0,,"ACACIA AVENUE","HILDA AVENUE",131.00,W,N,A,-,N,,,,,,,,,,Y,4,0,1,5,D,-,00,,,N,B,E,A,A,H,-,C,D,0,,,,,Y,,-,"- ",0,0,1,0,0,0,0,0,0,"- ","- ",34.135570526123047,-118.23565673828125,"LOS ANGELES",GLENDALE,-118.23606109619141,34.13555908203125
84592393,2025,2025-02-28,1925,2025-02-10,"738 ",26039,,1,5,6,1925,0,0,0,,0,004,"GLENDALE AVENUE","CALIFORNIA AVENUE",0.00,,Y,B,-,N,,,,,,,,,,N,4,0,1,2,A,-,12,21453,A,N,D,C,A,A,H,-,A,A,0,,,,,Y,,A,01,0,0,1,0,0,0,0,0,0,"- ","- ",34.149971008300781,-118.24569702148438,"LOS ANGELES",GLENDALE,-118.24571990966797,34.149959564208984
84592394,2025,2025-03-05,1925,2025-02-10,1710,28418,,1,5,6,1925,0,0,0,,0,002,"CENTRAL AVENUE","LOMITA AVENUE (N)",0.00,,Y,A,-,N,,,,,,,,,,N,4,0,3,2,D,-,00,,,N,D,C,A,A,H,-,B,A,0,,,,,Y,,-,"- ",0,0,3,0,0,0,0,0,0,"- ","- ",34.140308380126953,-118.25787353515625,"LOS ANGELES",GLENDALE,-118.25785827636719,34.139907836914062
84592395,2025,2025-02-28,1925,2025-02-12,"959 ",27629,,3,5,6,1925,0,0,0,,0,004,"CHEVY CHASE DRIVE","SINCLAIR AVENUE",60.00,E,N,C,-,N,,,,,,,,,,N,4,0,1,2,A,-,12,21453,A,N,B,C,A,B,H,-,A,A,0,,,,,Y,,-,"- ",0,0,1,0,0,0,0,0,0,"- ","- ",,,"LOS ANGELES",GLENDALE,-118.23237609863281,34.152004241943359
84592396,2025,2025-02-28,1925,2025-02-12,1027,28525,,3,5,6,1925,0,0,0,,0,004,"BRAND BOULEVARD","SANCHEZ DRIVE",0.00,,Y,B,-,N,,,,,,,,,,N,2,0,1,2,A,-,12,21453,A,N,D,C,A,B,H,-,A,A,0,,,,,Y,,A,01,1,0,0,0,0,0,0,0,0,"- ","- ",34.155948638916016,-118.25508117675781,"LOS ANGELES",GLENDALE,-118.25514221191406,34.155937194824219
84592398,2025,2025-02-28,1925,2025-02-12,1515,26161,,3,5,6,1925,0,0,0,,0,003,"DIXON STREET","LINCOLN AVENUE",397.00,W,N,B,-,N,,,,,,,,,,Y,4,0,1,5,A,-,03,22350,,N,B,E,A,B,H,-,A,D,0,,,,,Y,,A,01,0,0,1,0,0,0,0,0,0,"- ","- ",34.141498565673828,-118.22955322265625,"LOS ANGELES",GLENDALE,-118.23082733154297,34.141513824462891
84592399,2025,2025-02-28,1925,2025-01-13,"731 ",28922,,1,5,6,1925,0,0,0,,0,002,"VINE STREET","PACIFIC AVENUE",0.00,,Y,A,C,N,,,,,,,,,,N,4,0,1,2,A,-,08,22107,,N,A,G,A,B,H,-,A,A,0,,Y,,,Y,,L,04,0,0,1,0,0,0,1,0,0,"- ","- ",34.140861511230469,-118.26441192626953,"LOS ANGELES",GLENDALE,-118.26441192626953,34.14080810546875
84592400,2025,2025-03-06,1925,2025-02-13,1732,28525,,4,5,6,1925,0,0,0,,0,003,"ALLEY (518 E HARVARD ST)",GLENDALE,0.00,,Y,C,-,N,,,,,,,,,,N,4,0,1,2,D,-,00,,,N,G,B,D,B,H,-,B,D,0,Y,,,,Y,,-,"- ",0,0,1,0,1,0,0,0,0,"- ","- ",,,"LOS ANGELES",GLENDALE,,
84592405,2025,2025-02-28,1925,2025-02-16,1916,28670,,7,5,6,1925,0,0,0,,0,003,"LOMITA AVENUE","EVERETT STREET (E)",0.00,,Y,A,-,N,,,,,,,,,,Y,3,0,2,2,A,-,09,21801,A,N,-,C,A,A,H,-,B,D,0,,,,,Y,,A,01,0,2,0,0,0,0,0,0,0,"- ","- ",34.140838623046875,-118.24559020996094,"LOS ANGELES",GLENDALE,-118.24617767333984,34.140842437744141
84594169,2025,2025-03-03,1925,2025-02-18,2231,30317,,2,5,6,1925,0,0,0,,0,004,"HARVEY DRIVE","WILSON TERRACE",0.00,,Y,A,-,N,,,,,,,,,,Y,3,0,2,2,A,-,01,23152,A,F,D,C,A,A,H,-,C,A,0,,,,,Y,Y,A,01,0,2,0,0,0,0,0,0,0,"- ","- ",34.148799896240234,-118.22801208496094,"LOS ANGELES",GLENDALE,-118.22792053222656,34.148872375488281
84595470,2025,2025-03-04,1925,2025-02-17,1308,28595,,1,5,6,1925,0,0,0,,0,003,"COLORADO STREET","BRAND BOULEVARD",180.00,E,N,A,-,N,,,,,,,,,,Y,3,0,2,2,A,-,09,21801,A,N,D,C,A,A,H,-,A,D,0,,,,,Y,,A,07,0,1,1,0,0,0,0,0,0,"- ","- ",34.142589569091797,-118.25498199462891,"LOS ANGELES",GLENDALE,-118.25433349609375,34.142578125
84595472,2025,2025-03-04,1925,2025-02-19,1038,26161,,3,5,6,1925,0,0,0,,0,003,"GLENDALE AVENUE","CYPRESS STREET (N)",15.00,S,N,A,-,N,,,,,,,,,,N,3,0,1,2,A,-,09,21802,A,N,D,C,A,A,H,-,A,D,0,,,,,Y,,A,07,0,1,0,0,0,0,0,0,0,"- ","- ",34.130088806152344,-118.25253295898438,"LOS ANGELES",GLENDALE,-118.25257110595703,34.129768371582031
84595475,2025,2025-03-05,1925,2025-02-20,1012,28644,,4,5,6,1925,0,0,0,,0,003,"LOUISE STREET","HARVARD STREET",41.00,N,N,A,-,N,,,,,,,,,,Y,4,0,1,4,A,-,08,22107,,N,C,E,A,A,H,-,A,A,0,,,,,Y,,A,07,0,0,1,0,0,0,0,0,0,"- ","- ",34.144329071044922,-118.25263977050781,"LOS ANGELES",GLENDALE,-118.25260162353516,34.144554138183594
84595476,2025,2025-03-04,1925,2025-02-20,1635,28644,,4,5,6,1925,0,0,0,,0,001,"SONORA AVENUE","SAN FERNANDO ROAD",0.00,,Y,A,-,N,,,,,,,,,,N,4,0,1,2,A,-,12,21453,A,N,D,C,A,A,H,-,B,A,0,,,,,Y,,-,"- ",0,0,1,0,0,0,0,0,0,"- ","- ",34.165958404541016,-118.28826904296875,"LOS ANGELES",GLENDALE,-118.28829956054688,34.165962219238281
84595481,2025,2025-03-04,1925,2025-02-21,1258,28043,,5,5,6,1925,0,0,0,,0,002,"SAN FERNANDO ROAD","IVY STREET",130.00,S,N,A,-,N,,,,,,,,,,Y,3,0,1,3,A,-,07,21658,A,F,A,C,A,A,H,-,A,D,0,,,,,Y,,-,99,0,1,0,0,0,0,0,0,0,"- ","- ",34.145889282226562,-118.27133178710938,"LOS ANGELES",GLENDALE,-118.27122497558594,34.145572662353516
84599332,2025,2025-03-17,1925,2025-02-05,"738 ",26039,,3,5,6,1925,0,0,0,,0,001,"PACIFIC AVENUE","BURCHETT STREET",0.00,,Y,B,-,N,,,,,,,,,,N,4,0,1,2,A,-,03,22350,,N,D,C,A,B,H,-,A,A,0,,,,,Y,,A,07,0,0,1,0,0,0,0,0,0,"- ","- ",34.157360076904297,-118.26423645019531,"LOS ANGELES",GLENDALE,-118.26409149169922,34.157428741455078
84600346,2025,2025-03-18,1925,2025-02-17,1030,27629,,1,5,6,1925,0,0,0,,0,001,"CENTRAL AVENUE","LORAINE STREET",121.00,S,N,A,-,N,,,,,,,,,,N,2,0,1,2,A,-,17,22517,,F,B,G,A,A,H,-,A,D,0,,Y,,,Y,,-,99,1,0,0,0,0,0,1,0,0,"- ","- ",34.16455078125,-118.25682067871094,"LOS ANGELES",GLENDALE,-118.25686645507812,34.164218902587891
84600349,2025,2025-03-18,1925,2025-02-23,1554,30705,,7,5,6,1925,0,0,0,,0,002,"CENTRAL AVENUE","RIVERDALE DRIVE",0.00,,Y,A,-,N,,,,,,,,,,Y,4,0,1,3,A,-,09,21801,A,N,D,C,A,A,H,-,A,A,0,,,,,Y,,A,01,0,0,1,0,0,0,0,0,0,"- ","- ",34.138771057128906,-118.25787353515625,"LOS ANGELES",GLENDALE,-118.25787353515625,34.138736724853516
84600350,2025,2025-03-18,1925,2025-02-24,"815 ",28644,,1,5,6,1925,0,0,0,,0,005,"CANADA BOULEVARD","DEL VALLE AVENUE",15.00,N,N,A,-,Y,,,,,,,,,,N,4,0,1,3,A,-,03,22350,,N,C,C,A,A,H,-,A,A,0,,,,,Y,,A,01,0,0,1,0,0,0,0,0,0,"- ","- ",34.184009552001953,-118.22895050048828,"LOS ANGELES",GLENDALE,-118.22904968261719,34.184181213378906
84600351,2025,2025-03-18,1925,2025-02-24,1100,22249,,1,5,6,1925,0,0,0,,0,004,"MOUNTAIN STREET","RT 2",19.00,W,N,A,-,N,,,,,,,,,,Y,4,0,1,2,A,-,03,22350,,N,D,C,A,A,H,-,A,A,0,,,,,Y,,A,01,0,0,1,0,0,0,0,0,0,"- ","- ",,,"LOS ANGELES",GLENDALE,-118.22512054443359,34.164318084716797
84600353,2025,2025-03-18,1925,2025-02-25,1122,21089,,2,5,6,1925,0,0,0,,0,003,"BRAND BOULEVARD","CERRITOS AVENUE",0.00,,Y,A,-,N,,,,,,,,,,N,4,0,1,2,A,-,12,21453,A,M,D,C,A,A,H,-,A,A,0,,,,,Y,,A,07,0,0,1,0,0,0,0,0,0,"- ","- ",,,"LOS ANGELES",GLENDALE,-118.25482940673828,34.125541687011719
84600654,2025,2025-03-18,1925,2025-02-25,1244,27629,,2,5,6,1925,0,0,0,,0,002,"SANCHEZ DRIVE","CENTRAL AVENUE",0.00,,Y,A,-,N,,,,,,,,,,N,4,0,1,2,A,-,08,22101,D,N,B,C,A,A,H,-,A,A,0,,,,,Y,,A,07,0,0,1,0,0,0,0,0,0,"- ","- ",34.156040191650391,-118.25797271728516,"LOS ANGELES",GLENDALE,-118.25794982910156,34.156024932861328
84600655,2025,2025-03-18,1925,2025-02-25,1706,21089,,2,5,6,1925,0,0,0,,0,001,"KENNETH ROAD","HIGHLAND AVENUE",40.00,E,N,A,-,N,,,,,,,,,,N,4,0,2,2,A,-,03,22350,,N,C,C,A,A,H,-,A,A,0,,,,,Y,,A,08,0,0,2,0,0,0,0,0,0,"- ","- ",,,"LOS ANGELES",GLENDALE,-118.27217102050781,34.171092987060547
84600656,2025,2025-03-18,1925,2025-02-26,1143,27629,,3,5,6,1925,0,0,0,,0,001,"MAGINN DRIVE","PACIFIC AVENUE",460.00,N,N,A,-,N,,,,,,,,,,N,4,0,1,1,A,-,03,22350,,N,F,J,A,A,H,-,A,D,0,,,,,Y,,A,07,0,0,1,0,0,0,0,0,0,"- ","- ",34.174831390380859,-118.26307678222656,"LOS ANGELES",GLENDALE,-118.26316070556641,34.175949096679688
84602117,2025,2025-03-18,1925,2025-02-21,1545,28922,,5,5,6,1925,0,0,0,,0,002,"WILSON AVENUE","BRAND BOULEVARD",91.00,W,N,A,-,N,,,,,,,,,,N,3,0,2,2,A,-,13,22515,A,N,G,B,E,A,H,-,A,D,0,Y,,,,Y,,A,07,0,1,1,0,1,0,0,0,0,"- ","- ",34.148109436035156,-118.25501251220703,"LOS ANGELES",GLENDALE,,
84603465,2025,2025-03-18,1925,2025-02-28,"602 ",29572,,5,5,6,1925,0,0,0,,0,004,"CHEVY CHASE DRIVE","CHEVY OAKS DRIVE",0.00,,Y,B,-,N,,,,,,,,,,Y,3,0,2,2,A,-,03,22350,,N,D,C,A,A,H,-,D,D,0,,,,,Y,,A,01,0,2,0,0,0,0,0,0,0,"- ","- ",34.158161163330078,-118.21959686279297,"LOS ANGELES",GLENDALE,-118.21964263916016,34.158168792724609
84603466,2025,2025-03-18,1925,2025-02-28,2334,30654,,5,5,6,1925,0,0,0,,0,003,"EVERETT STREET","COLORADO STREET",150.00,S,N,B,-,N,,,,,,,,,,Y,3,0,1,3,A,-,08,22107,,N,A,E,A,A,H,-,C,A,0,,,,,Y,,A,01,0,1,0,0,0,0,0,0,0,"- ","- ",34.142528533935547,-118.24559783935547,"LOS ANGELES",GLENDALE,-118.24556732177734,34.142257690429688
84606991,2025,2025-03-18,1925,2025-03-01,1052,28922,,6,5,6,1925,0,0,0,,0,001,"PACIFIC AVENUE","ARDEN AVENUE (N)",20.00,N,N,B,-,N,,,,,,,,,,N,4,0,2,3,A,-,03,22350,,N,C,C,A,A,H,-,A,D,0,,,,,Y,,A,01,0,0,2,0,0,0,0,0,0,"- ","- ",34.158451080322266,-118.26400756835938,"LOS ANGELES",GLENDALE,-118.26406097412109,34.158313751220703
84629897,2025,2025-03-28,1925,2025-03-16,1725,29405,,7,5,6,1925,0,0,0,,0,002,"SAN FERNANDO ROAD","LOS FELIZ ROAD",0.00,,Y,A,-,N,,,,,,,,,,Y,2,0,1,2,A,-,09,21801,A,N,D,C,A,A,H,-,A,A,0,,,Y,,Y,,A,07,1,0,0,0,0,0,0,0,1,"- ","- ",34.128398895263672,-118.25923919677734,"LOS ANGELES",GLENDALE,-118.25923919677734,34.128334045410156
84631210,2025,2025-03-31,1925,2025-03-10,1542,21089,,1,5,6,1925,0,0,0,,0,001,"SONORA AVENUE","SAN FERNANDO ROAD",0.00,,Y,A,-,N,,,,,,,,,,N,3,0,1,2,A,-,09,21801,A,N,D,C,A,A,H,-,A,A,0,,,Y,,Y,,A,07,0,1,0,0,0,0,0,0,1,"- ","- ",,,"LOS ANGELES",GLENDALE,-118.28829956054688,34.165962219238281
84631631,2025,2025-03-31,1925,2025-03-05,1602,30417,,3,5,6,1925,0,0,0,,0,004,"JACKSON STREET","MONTEREY ROAD",0.00,,Y,B,C,N,,,,,,,,,,Y,2,0,1,3,A,-,12,21453,A,N,D,C,A,B,H,-,A,A,0,,,,,Y,,A,01,1,0,0,0,0,0,0,0,0,"- ","- ",,,"LOS ANGELES",GLENDALE,-118.25025177001953,34.157493591308594
84633745,2025,2025-04-02,1925,2025-03-21,2108,24111,,5,5,6,1925,0,0,0,,0,004,"HARVEY DRIVE","HOLLY DRIVE",0.00,,Y,A,-,Y,,,,,,,,,,Y,2,0,1,2,A,-,03,22350,,N,D,C,A,A,H,-,C,A,0,,,Y,,Y,,C,02,1,0,0,0,0,0,0,0,1,"- ","- ",34.150459289550781,-118.22676849365234,"LOS ANGELES",GLENDALE,-118.22676849365234,34.150463104248047
84638739,2025,2025-04-07,1925,2025-03-25,"832 ",28418,,2,5,6,1925,0,0,0,,0,004,"CAMINO SAN RAFAEL","EMERALD ISLE DRIVE",2000.00,S,N,A,-,N,,,,,,,,,,N,4,0,1,1,A,-,03,22350,,N,F,A,A,A,H,-,A,D,0,,,,,Y,,A,01,0,0,1,0,0,0,0,0,0,"- ","- ",34.181350708007812,-118.21038818359375,"LOS ANGELES",GLENDALE,-118.21461486816406,34.177841186523438
84638740,2025,2025-04-07,1925,2025-03-25,1458,28595,,2,5,6,1925,0,0,0,,0,002,"PACIFIC AVENUE","DORAN STREET",0.00,,Y,A,-,N,,,,,,,,,,N,4,0,2,2,A,-,12,21453,A,N,D,C,A,A,H,-,A,A,0,,,,,Y,,-,"- ",0,0,2,0,0,0,0,0,0,"- ","- ",34.154029846191406,-118.26454925537109,"LOS ANGELES",GLENDALE,-118.26455688476562,34.154010772705078
84638742,2025,2025-04-07,1925,2025-03-26,"924 ",21089,,3,5,6,1925,0,0,0,,0,005,"VERDUGO BOULEVARD","PARK PLACE",210.00,E,N,B,-,N,,,,,,,,,,Y,4,0,2,2,A,-,09,21804,A,N,D,C,A,B,H,-,A,D,0,,,,,Y,,A,01,0,0,2,0,0,0,0,0,0,"- ","- ",,,"LOS ANGELES",GLENDALE,-118.22248840332031,34.2047119140625
84638744,2025,2025-04-07,1925,2025-03-26,1302,28595,,3,5,6,1925,0,0,0,,0,001,"PACIFIC AVENUE","BURCHETT STREET",85.00,N,N,B,-,N,,,,,,,,,,N,4,0,1,2,A,-,07,21658,A,N,B,C,A,A,H,-,A,D,0,,,,,Y,,A,07,0,0,1,0,0,0,0,0,0,"- ","- ",34.157360076904297,-118.26423645019531,"LOS ANGELES",GLENDALE,-118.26406097412109,34.157661437988281
84640571,2025,2025-04-08,1925,2025-03-22,1232,28922,,6,5,6,1925,0,0,0,,0,004,"BRAND BOULEVARD","DORAN STREET",0.00,,Y,A,-,N,,,,,,,,,,N,4,0,1,2,A,-,12,21453,A,N,D,C,A,A,H,-,A,A,0,,,,,Y,,A,07,0,0,1,0,0,0,0,0,0,"- ","- ",,,"LOS ANGELES",GLENDALE,-118.25511169433594,34.154647827148438
84640576,2025,2025-04-08,1925,2025-03-28,1210,26161,,5,5,6,1925,0,0,0,,0,001,"WESTERN AVENUE","FLOWER STREET",23.00,N,N,A,-,N,,,,,,,,,,N,4,0,1,2,A,-,12,21453,A,N,D,C,A,A,H,-,A,A,0,,,,,Y,,A,07,0,0,1,0,0,0,0,0,0,"- ","- ",,,"LOS ANGELES",GLENDALE,-118.29524230957031,34.165828704833984
84642371,2025,2025-04-09,1925,2025-03-23,1356,30705,,7,5,6,1925,0,0,0,,0,004,"GLENDALE AVENUE","MONTEREY ROAD",0.00,,Y,A,-,N,,,,,,,,,,Y,3,0,5,2,A,-,09,21804,A,N,D,D,A,A,H,-,A,A,0,,,,,Y,,A,07,0,1,4,0,0,0,0,0,0,"- ","- ",,,"LOS ANGELES",GLENDALE,-118.24192047119141,34.15618896484375
84643921,2025,2025-04-10,1925,2025-03-07,2143,30886,,5,5,6,1925,0,0,0,,0,,"GLENDALE AVENUE","CHEVY CHASE DRIVE",0.00,,Y,A,-,N,,,,,,,,,,N,4,0,1,2,A,-,12,21453,A,F,G,B,B,A,H,-,C,A,0,Y,,,,Y,,A,07,0,0,1,0,1,0,0,0,0,"- ","- ",34.133541107177734,-118.25198364257812,"LOS ANGELES",GLENDALE,-118.25199127197266,34.133518218994141
84643926,2025,2025-04-10,1925,2025-03-29,2130,30886,,6,5,6,1925,0,0,0,,0,,"OCEAN VIEW BOULEVARD","HONOLULU AVENUE",0.00,,Y,A,-,N,,,,,,,,,,N,4,0,1,2,A,-,08,22107,,N,A,C,A,B,H,-,C,A,0,,,,,Y,,A,01,0,0,1,0,0,0,0,0,0,"- ","- ",34.205318450927734,-118.22785186767578,"LOS ANGELES",GLENDALE,-118.22799682617188,34.205490112304688
84645590,2025,2025-04-11,1925,2025-03-27,1306,28043,,4,5,6,1925,0,0,0,,0,003,"WINDSOR ROAD","GRANADA STREET",650.00,E,N,B,-,N,,,,,,,,,,Y,3,0,1,3,A,-,08,22107,,N,C,E,A,A,H,-,A,D,0,,,,,Y,,A,07,0,1,0,0,0,0,0,0,0,"- ","- ",34.137031555175781,-118.24842071533203,"LOS ANGELES",GLENDALE,-118.24619293212891,34.137138366699219
84647077,2025,2025-04-14,1925,2025-03-30,1843,30120,,7,5,6,1925,0,0,0,,0,003,"COLORADO STREET","CHEVY CHASE DRIVE",0.00,,Y,B,-,N,,,,,,,,,,N,3,0,2,2,A,-,09,21801,A,N,A,C,A,A,H,-,A,A,0,,,,,Y,,A,01,0,1,1,0,0,0,0,0,0,"- ","- ",34.142490386962891,-118.23964691162109,"LOS ANGELES",GLENDALE,-118.23960876464844,34.142635345458984
84647356,2025,2025-04-14,1925,2025-03-10,2008,21370,,1,5,6,1925,0,0,0,,0,003,"VERDUGO ROAD","CALIFORNIA AVENUE (N)",0.00,,Y,A,-,N,,,,,,,,,,Y,4,0,2,2,A,-,01,23152,A,N,C,C,A,A,H,-,C,D,0,,,,,Y,Y,-,99,0,0,2,0,0,0,0,0,0,"- ","- ",,,"LOS ANGELES",GLENDALE,-118.23619842529297,34.150375366210938
84647581,2025,2025-04-14,1925,2025-04-01,1212,26039,,2,5,6,1925,0,0,0,,0,001,"GOODE AVENUE","CENTRAL AVENUE",102.00,E,N,A,-,N,,,,,,,,,,N,3,0,1,2,A,-,03,22350,,N,C,C,A,A,H,-,A,A,0,,,,,Y,,A,01,0,1,0,0,0,0,0,0,0,"- ","- ",34.156749725341797,-118.25797271728516,"LOS ANGELES",GLENDALE,-118.25764465332031,34.156749725341797
84647582,2025,2025-04-14,1925,2025-04-01,1345,27629,,2,5,6,1925,0,0,0,,0,001,"PACIFIC AVENUE","GLENWOOD ROAD",10.00,E,N,A,-,N,,,,,,,,,,N,4,0,1,2,A,-,12,21453,A,N,C,C,A,A,H,-,A,A,0,,,,,Y,,I,11,0,0,1,0,0,0,0,0,0,"- ","- ",34.164169311523438,-118.26512908935547,"LOS ANGELES",GLENDALE,-118.26517486572266,34.164234161376953
84651207,2025,2025-04-16,1925,2025-04-03,1830,29987,,4,5,6,1925,0,0,0,,0,002,"BRAND BOULEVARD","COLORADO STREET",0.00,,Y,A,-,N,,,,,,,,,,Y,4,0,1,2,A,-,09,21801,A,N,A,C,A,A,H,-,A,A,0,,,,,Y,,A,01,0,0,1,0,0,0,0,0,0,"- ","- ",,,"LOS ANGELES",GLENDALE,-118.25492858886719,34.142570495605469
84655916,2025,2025-04-21,1925,2025-04-04,2004,30887,,5,5,6,1925,0,0,0,,0,002,"WILSON AVENUE","CENTRAL AVENUE",0.00,,Y,A,-,N,,,,,,,,,,Y,3,0,1,2,A,-,12,21453,A,N,D,D,A,A,H,-,C,A,0,,,,,Y,,A,07,0,1,0,0,0,0,0,0,0,"- ","- ",34.148040771484375,-118.25788879394531,"LOS ANGELES",GLENDALE,-118.25794219970703,34.148086547851562
84655917,2025,2025-04-21,1925,2025-04-06,"4   ",29008,,7,5,6,1925,0,0,0,,0,002,"SAN FERNANDO ROAD","MILFORD STREET",5.00,N,N,A,-,N,,,,,,,,,,Y,3,0,1,2,A,-,01,23152,A,N,D,C,A,A,H,-,C,A,0,,,,,Y,Y,A,01,0,1,0,0,0,0,0,0,0,"- ","- ",34.152198791503906,-118.27461242675781,"LOS ANGELES",GLENDALE,-118.27459716796875,34.152172088623047
84659288,2025,2025-04-23,1925,2025-04-03,"859 ",28922,,4,5,6,1925,0,0,0,,0,002,"MYRTLE STREET","COLUMBUS AVENUE",171.00,W,N,A,-,N,,,,,,,,,,N,4,0,1,1,A,-,13,22515,A,N,E,I,A,A,H,-,A,D,0,,,,,Y,,A,07,0,0,1,0,0,0,0,0,0,"- ","- ",,,"LOS ANGELES",GLENDALE,-118.26195526123047,34.150764465332031
84659290,2025,2025-04-23,1925,2025-04-04,1603,28043,,5,5,6,1925,0,0,0,,0,001,"KENNETH ROAD","RUBERTA AVENUE",0.00,,Y,A,-,N,,,,,,,,,,Y,4,0,1,2,A,-,09,21802,A,N,A,C,A,A,H,-,A,A,0,,,,,Y,,A,07,0,0,1,0,0,0,0,0,0,"- ","- ",34.173618316650391,-118.28191375732422,"LOS ANGELES",GLENDALE,-118.28191375732422,34.173610687255859
84659291,2025,2025-04-23,1925,2025-04-06,1905,24582,,7,5,6,1925,0,0,0,,0,003,"RALEIGH STREET","ADAMS STREET",500.00,W,N,A,-,N,,,,,,,,,,N,4,0,2,2,A,-,21,22106,,N,B,C,A,A,H,-,A,D,0,,,,,Y,,A,01,0,0,2,0,0,0,0,0,0,"- ","- ",34.138088226318359,-118.24176025390625,"LOS ANGELES",GLENDALE,-118.24344635009766,34.138092041015625
84659294,2025,2025-04-24,1925,2025-04-04,2000,27629,,5,5,6,1925,0,0,0,,0,004,BROADWAY,"LOUISE STREET",175.00,E,N,A,-,N,,,,,,,,,,N,4,0,1,2,D,-,00,,,M,G,B,C,A,H,-,C,D,0,Y,,,,Y,,-,"- ",0,0,1,0,1,0,0,0,0,"- ","- ",34.146331787109375,-118.25263214111328,"LOS ANGELES",GLENDALE,-118.25205993652344,34.146320343017578
84659298,2025,2025-04-23,1925,2025-04-07,1545,21089,,1,5,6,1925,0,0,0,,0,002,"ORANGE STREET",BROADWAY,0.00,,Y,A,-,N,,,,,,,,,,N,4,0,1,2,A,-,10,21950,A,N,G,B,B,A,H,-,A,A,0,Y,,,,Y,,A,07,0,0,1,0,1,0,0,0,0,"- ","- ",,,"LOS ANGELES",GLENDALE,-118.25637054443359,34.146430969238281
84659305,2025,2025-04-23,1925,2025-04-09,1119,27629,,3,5,6,1925,0,0,0,,0,002,"BRAND BOULEVARD","CERRITOS AVENUE",53.00,N,N,A,-,N,,,,,,,,,,N,4,0,1,2,A,-,10,21950,A,N,G,B,B,A,H,-,A,A,0,Y,,,,Y,,A,01,0,0,1,0,1,0,0,0,0,"- ","- ",34.12554931640625,-118.2548828125,"LOS ANGELES",GLENDALE,-118.25482940673828,34.125686645507812
84659307,2025,2025-04-23,1925,2025-04-09,1427,28043,,3,5,6,1925,0,0,0,,0,003,"COLORADO STREET","EVERETT STREET",0.00,,Y,A,-,N,,,,,,,,,,N,3,0,1,2,A,-,12,21453,A,N,D,C,A,A,H,-,A,A,0,,,,,Y,,A,01,0,1,0,0,0,0,0,0,0,"- ","- ",34.142658233642578,-118.24559020996094,"LOS ANGELES",GLENDALE,-118.24555969238281,34.142669677734375
84659310,2025,2025-04-23,1925,2025-04-11,1151,28043,,5,5,6,1925,0,0,0,,0,003,"CHEVY CHASE DRIVE","LA BOICE",0.00,,Y,A,-,N,,,,,,,,,,N,3,0,1,2,A,-,09,21802,A,N,D,C,A,A,H,-,A,A,0,,,,,Y,,A,01,0,1,0,0,0,0,0,0,0,"- ","- ",34.133800506591797,-118.24385070800781,"LOS ANGELES",GLENDALE,-118.24382019042969,34.133815765380859
84660896,2025,2025-04-24,1925,2025-04-03,"859 ",26161,,4,5,6,1925,0,0,0,,0,001,"LORAINE STREET","CENTRAL AVENUE",646.00,W,N,A,-,N,,,,,,,,,,N,4,0,1,2,A,-,09,21804,A,N,D,C,A,A,H,-,A,D,0,,,,,Y,,A,01,0,0,1,0,0,0,0,0,0,"- ","- ",,,"LOS ANGELES",GLENDALE,-118.25897979736328,34.164566040039062
84660898,2025,2025-04-24,1925,2025-04-04,2108,22783,,5,5,6,1925,0,0,0,,0,001,"GLENOAKS BOULEVARD","SONORA AVENUE",164.00,W,N,A,-,N,,,,,,,,,,N,4,0,2,3,A,-,01,23152,A,N,C,C,A,A,H,-,C,D,0,,,,,Y,Y,A,01,0,0,2,0,0,0,0,0,0,"- ","- ",34.168258666992188,-118.28575134277344,"LOS ANGELES",GLENDALE,-118.28628540039062,34.168537139892578
84664962,2025,2025-04-28,1925,2025-04-03,"45  ",24967,,4,5,6,1925,0,0,0,,0,001,"BRAND BOULEVARD","GOODE AVENUE",0.00,S,Y,A,-,N,,,,,,,,,,N,4,0,1,2,A,-,12,21453,A,N,D,C,A,A,H,-,C,A,0,,,,,Y,,A,01,0,0,1,0,0,0,0,0,0,"- ","- ",34.156761169433594,-118.25507354736328,"LOS ANGELES",GLENDALE,-118.25514984130859,34.156764984130859
84664967,2025,2025-04-28,1925,2025-04-14,1618,28595,,1,5,6,1925,0,0,0,,0,002,"BRAND BOULEVARD","CERRITOS AVENUE",0.00,,Y,A,-,N,,,,,,,,,,Y,4,0,3,2,A,-,12,21453,A,N,D,C,A,A,H,-,A,A,0,,,,,Y,,A,07,0,0,3,0,0,0,0,0,0,"- ","- ",34.12554931640625,-118.2548828125,"LOS ANGELES",GLENDALE,-118.25482940673828,34.125541687011719
84665260,2025,2025-04-28,1925,2025-03-12,1621,30416,,3,5,6,1925,0,0,0,,0,001,"609 W STOCKER STREET","CONCORD STREET",450.00,E,N,C,-,N,,,,,,,,,,N,2,0,1,3,A,-,06,21750,A,N,C,E,A,B,H,-,A,D,0,,,Y,,Y,,O,05,1,0,0,0,0,0,0,0,1,"- ","- ",,,"LOS ANGELES",GLENDALE,-118.268798828125,34.163978576660156
84665569,2025,2025-04-28,1925,2025-04-12,1255,28922,,6,5,6,1925,0,0,0,,0,003,"ROCK GLEN AVENUE","VERDUGO ROAD",511.00,E,N,A,-,N,,,,,,,,,,N,3,0,1,2,A,-,09,21804,A,N,A,C,A,A,H,-,A,D,0,,,,,Y,,A,07,0,1,0,0,0,0,0,0,0,"- ","- ",,,"LOS ANGELES",GLENDALE,-118.23191833496094,34.140228271484375
84665571,2025,2025-04-28,1925,2025-04-17,"914 ",26161,,4,5,6,1925,0,0,0,,0,002,"LEXINGTON DRIVE","COLUMBUS AVENUE",0.00,,Y,B,-,N,,,,,,,,,,Y,4,0,1,3,A,-,08,22107,,N,D,E,A,A,H,-,A,A,0,,,,,Y,,A,01,0,0,1,0,0,0,0,0,0,"- ","- ",,,"LOS ANGELES",GLENDALE,-118.26139831542969,34.151679992675781
84667497,2025,2025-04-29,1925,2025-04-11,2025,29440,,5,5,6,1925,0,0,0,,0,001,"CENTRAL AVENUE","ARDEN AVENUE",0.00,,Y,A,-,N,,,,,,,,,,Y,3,0,1,2,A,-,12,21453,A,N,D,C,A,A,H,-,C,A,0,,,,,Y,,A,07,0,1,0,0,0,0,0,0,0,"- ","- ",34.158481597900391,-118.25798034667969,"LOS ANGELES",GLENDALE,-118.25804901123047,34.158500671386719
84673904,2025,2025-05-05,1925,2025-04-21,1420,26039,,1,5,6,1925,0,0,0,,0,001,"GLENOAKS BOULEVARD","GRAYNOLD AVENUE",228.00,W,N,A,-,N,,,,,,,,,,N,4,0,1,2,A,-,08,22107,,N,B,C,A,A,H,-,A,D,0,,,,,Y,,A,07,0,0,1,0,0,0,0,0,0,"- ","- ",34.1627197265625,-118.27822875976562,"LOS ANGELES",GLENDALE,-118.27886199951172,34.163112640380859
84674246,2025,2025-05-05,1925,2025-04-22,1830,21975,,2,5,6,1925,0,0,0,,0,005,"BROADVIEW DRIVE","VERDUGO ROAD",0.00,N,Y,A,-,N,,,,,,,,,,Y,3,0,1,2,A,-,12,21453,A,N,D,C,A,A,H,-,A,A,0,,,,,Y,,A,01,0,1,0,0,0,0,0,0,0,"- ","- ",34.203689575195312,-118.22608184814453,"LOS ANGELES",GLENDALE,-118.22606658935547,34.203697204589844
84676164,2025,2025-05-06,1925,2025-04-06,1944,21334,,7,5,6,1925,0,0,0,,0,003,"BRAND BOULEVARD","SAN FERNANDO ROAD",0.00,,N,A,-,N,,,,,,,,,,Y,4,0,1,1,A,-,08,22107,,N,A,I,A,A,H,-,C,A,0,,,,,Y,,A,01,0,0,1,0,0,0,0,0,0,"- ","- ",34.123931884765625,-118.25508880615234,"LOS ANGELES",GLENDALE,-118.25517272949219,34.124031066894531
84676165,2025,2025-05-06,1925,2025-04-18,1336,28922,,5,5,6,1925,0,0,0,,0,003,"CHEVY CHASE DRIVE","ACACIA AVENUE",0.00,,Y,B,-,N,,,,,,,,,,N,4,0,1,2,A,-,08,22107,,N,B,G,A,A,H,-,A,A,0,,Y,,,Y,,D,22,0,0,1,0,0,0,1,0,0,"- ","- ",34.134891510009766,-118.23957061767578,"LOS ANGELES",GLENDALE,-118.23967742919922,34.134876251220703
84677843,2025,2025-05-07,1925,2025-04-20,1428,30342,,7,5,6,1925,0,0,0,,0,001,"WESTERN AVENUE","FLOWER STREET",100.00,N,N,A,-,N,,,,,,,,,,Y,3,0,1,1,A,-,08,22107,,N,E,I,A,A,H,-,A,D,0,,,,,Y,,A,07,0,1,0,0,0,0,0,0,0,"- ","- ",34.165748596191406,-118.29530334472656,"LOS ANGELES",GLENDALE,-118.29508972167969,34.165996551513672
84679704,2025,2025-05-08,1925,2025-04-27,1332,28535,,7,5,6,1925,0,0,0,,0,005,"VERDUGO BOULEVARD","HILLDALE DRIVE",1500.00,E,N,B,-,Y,,,,,,,,,,Y,3,0,2,2,A,-,08,22107,,N,D,C,A,A,H,-,A,A,0,,,,,Y,,A,01,0,2,0,0,0,0,0,0,0,"- ","- ",34.205059051513672,-118.21949005126953,"LOS ANGELES",GLENDALE,-118.21451568603516,34.205669403076172
84681226,2025,2025-05-09,1925,2025-04-23,1357,28043,,3,5,6,1925,0,0,0,,0,003,"WINDSOR ROAD","ADAMS STREET",570.00,W,N,B,-,N,,,,,,,,,,Y,4,0,1,2,A,-,09,21804,A,N,A,C,A,A,A,-,A,D,0,,,,,Y,,A,07,0,0,1,0,0,0,0,0,0,"- ","- ",34.137130737304688,-118.24176025390625,"LOS ANGELES",GLENDALE,-118.24366760253906,34.137138366699219
84681229,2025,2025-05-09,1925,2025-04-25,1651,26161,,5,5,6,1925,0,0,0,,0,001,"FAIRMONT AVENUE","SR 134 W/B OFFRAMP",1330.00,W,N,A,-,N,,,,,,,,,,N,3,0,2,3,A,-,05,21460,A,N,A,C,A,A,H,-,A,D,0,,,,,Y,,A,01,0,1,1,0,0,0,0,0,0,"- ","- ",34.155448913574219,-118.27359771728516,"LOS ANGELES",GLENDALE,,
84682574,2025,2025-05-12,1925,2025-04-23,1331,26039,,3,5,6,1925,0,0,0,,0,003,"WILSON AVENUE","VERDUGO ROAD",0.00,,Y,A,-,N,,,,,,,,,,N,3,0,1,2,A,-,10,21950,A,N,G,B,B,A,H,-,A,A,0,Y,,,,Y,,A,01,0,1,0,0,1,0,0,0,0,"- ","- ",34.148040771484375,-118.23557281494141,"LOS ANGELES",GLENDALE,-118.23555755615234,34.148059844970703
84682579,2025,2025-05-12,1925,2025-04-28,"745 ",26039,,1,5,6,1925,0,0,0,,0,002,"CENTRAL AVENUE","ACACIA AVENUE (N)",50.00,S,N,A,-,N,,,,,,,,,,N,3,0,1,1,A,-,08,22107,,N,H,I,A,A,H,-,A,D,0,,Y,,,Y,,L,04,0,1,0,0,0,0,1,0,0,"- ","- ",34.134910583496094,-118.25785064697266,"LOS ANGELES",GLENDALE,-118.25788116455078,34.13470458984375
84682580,2025,2025-05-12,1925,2025-04-28,1715,27629,,1,5,6,1925,0,0,0,,0,002,"BRAND BOULEVARD","CHESTNUT STREET",60.00,S,N,A,-,N,,,,,,,,,,N,4,0,2,2,A,-,21,22106,,N,C,C,A,A,H,-,A,D,0,,,,,Y,,A,07,0,0,2,0,0,0,0,0,0,"- ","- ",34.139488220214844,-118.25496673583984,"LOS ANGELES",GLENDALE,-118.25489807128906,34.139305114746094
84682854,2025,2025-05-12,1925,2025-04-28,1708,26039,,1,5,6,1925,0,0,0,,0,001,"VISTA DRIVE","FOOTHILL DRIVE",0.00,,Y,A,-,N,,,,,,,,,,Y,3,0,2,1,A,-,03,22350,,N,E,I,A,A,H,-,A,D,0,,,,,Y,,A,07,0,2,0,0,0,0,0,0,0,"- ","- ",34.183788299560547,-118.27825164794922,"LOS ANGELES",GLENDALE,-118.27822875976562,34.183799743652344
84682855,2025,2025-05-12,1925,2025-04-28,1813,26039,,1,5,6,1925,0,0,0,,0,002,"COLORADO STREET","PACIFIC AVENUE",330.00,E,N,A,-,N,,,,,,,,,,N,4,0,1,2,A,-,08,22107,,N,D,C,A,A,A,-,A,D,0,,,,,Y,,-,"- ",0,0,1,0,0,0,0,0,0,"- ","- ",34.142421722412109,-118.26445770263672,"LOS ANGELES",GLENDALE,-118.26332855224609,34.142520904541016
84684753,2025,2025-05-13,1925,2025-05-01,1557,28922,,4,5,6,1925,0,0,0,,0,001,"GRAYNOLD AVENUE","GLENWOOD ROAD",0.00,,Y,A,-,N,,,,,,,,,,N,4,0,1,2,A,-,09,21802,A,N,D,C,A,A,H,-,A,A,0,,,,,Y,Y,A,07,0,0,1,0,0,0,0,0,0,"- ","- ",,,"LOS ANGELES",GLENDALE,-118.27683258056641,34.166610717773438
84688223,2025,2025-05-15,1925,2025-05-02,1846,30417,,5,5,6,1925,0,0,0,,0,004,"VERDUGO ROAD","MOUNTAIN STREET",65.00,N,N,A,-,N,,,,,,,,,,N,4,0,1,2,A,-,08,22107,,N,D,C,A,A,H,-,A,A,0,,,,,Y,,A,01,0,0,1,0,0,0,0,0,0,"- ","- ",34.165008544921875,-118.23207092285156,"LOS ANGELES",GLENDALE,-118.23201751708984,34.165233612060547
84691391,2025,2025-05-19,1925,2025-05-05,1649,17256,,1,5,6,1925,0,0,0,,0,003,"ADAMS STREET","MAPLE STREET",0.00,,Y,A,-,N,,,,,,,,,,Y,3,0,1,2,A,-,12,22450,A,N,D,C,A,A,H,-,A,A,0,,,,,Y,,A,08,0,1,0,0,0,0,0,0,0,"- ","- ",34.138999938964844,-118.24176025390625,"LOS ANGELES",GLENDALE,-118.24181365966797,34.139007568359375
84691392,2025,2025-05-19,1925,2025-05-06,1517,21089,,2,5,6,1925,0,0,0,,0,004,"HARVEY DRIVE","GLENOAKS BOULEVARD",0.00,,Y,B,-,N,,,,,,,,,,Y,3,0,1,3,A,-,12,21453,A,N,D,C,A,A,H,-,A,A,0,,,,,Y,,A,07,0,1,0,0,0,0,0,0,0,"- ","- ",,,"LOS ANGELES",GLENDALE,-118.22606658935547,34.152568817138672
84691628,2025,2025-05-19,1925,2025-05-01,2119,29009,,4,5,6,1925,0,0,0,,0,,"HONOLULU AVENUE","BOSTON AVENUE",290.00,W,N,A,-,N,,,,,,,,,,Y,3,0,1,2,A,-,08,22107,,N,D,C,A,A,H,-,C,D,0,,,,,Y,,A,01,0,1,0,0,0,0,0,0,0,"- ","- ",34.228618621826172,-118.26187133789062,"LOS ANGELES",GLENDALE,-118.26266479492188,34.229091644287109
84696576,2025,2025-05-22,1925,2025-05-08,1838,30135,,4,5,6,1925,0,0,0,,0,003,"ADAMS STREET","MAPLE STREET",0.00,,Y,A,-,N,,,,,,,,,,N,4,0,1,2,A,-,10,21950,A,N,G,B,B,A,H,-,A,D,0,Y,,,,Y,,A,01,0,0,1,0,1,0,0,0,0,"- ","- ",,,"LOS ANGELES",GLENDALE,-118.24181365966797,34.139007568359375
84698264,2025,2025-05-23,1925,2025-05-10,"750 ",28644,,6,5,6,1925,0,0,0,,0,002,"PACIFIC AVENUE","HARVARD STREET",0.00,,Y,-,-,N,,,,,,,,,,N,3,0,1,3,A,-,09,21802,A,N,F,C,A,A,H,-,A,A,0,,,,,Y,,A,01,0,1,0,0,0,0,0,0,0,"- ","- ",34.144199371337891,-118.26409912109375,"LOS ANGELES",GLENDALE,-118.26408386230469,34.144264221191406
84699578,2025,2025-05-26,1925,2025-01-25,1859,28594,,6,5,6,1925,0,0,0,,0,004,"EVERETT STREET","DRYDEN STREET",142.00,S,N,B,-,N,,,,,,,,,,Y,4,0,1,1,A,-,01,23152,A,N,E,I,A,A,H,-,C,D,0,,,,,Y,Y,A,07,0,0,1,0,0,0,0,0,0,"- ","- ",34.160640716552734,-118.24578094482422,"LOS ANGELES",GLENDALE,-118.24587249755859,34.160213470458984
84699582,2025,2025-05-26,1925,2025-05-11,1339,30867,,7,5,6,1925,0,0,0,,0,004,"MOUNTAIN ST (1600 BLK)","FOXKIRK RD",5.00,E,N,A,-,Y,,,,,,,,,,Y,2,0,1,2,A,-,09,21802,A,N,D,C,A,A,H,-,A,D,0,,,Y,,Y,,A,07,1,0,0,0,0,0,0,0,1,"- ","- ",,,"LOS ANGELES",GLENDALE,,
84699585,2025,2025-05-26,1925,2025-05-13,"457 ",30157,,2,5,6,1925,0,0,0,,0,002,"CALIFORNIA AVENUE","CENTRAL AVENUE",466.00,W,N,A,-,N,,,,,,,,,,Y,4,0,1,4,A,-,08,22107,,N,C,E,A,A,H,-,C,D,0,,,,,Y,,A,01,0,0,1,0,0,0,0,0,0,"- ","- ",34.149871826171875,-118.25791168212891,"LOS ANGELES",GLENDALE,-118.25944519042969,34.149898529052734
84699590,2025,2025-05-26,1925,2025-05-13,1151,21089,,2,5,6,1925,0,0,0,,0,003,"VERDUGO ROAD","COLORADO STREET",0.00,,Y,A,-,N,,,,,,,,,,Y,4,0,1,2,A,-,09,21801,A,N,D,C,A,A,H,-,A,A,0,,,,,Y,,A,01,0,0,1,0,0,0,0,0,0,"- ","- ",,,"LOS ANGELES",GLENDALE,-118.23406982421875,34.142749786376953
84699592,2025,2025-05-26,1925,2025-05-13,1315,21089,,2,5,6,1925,0,0,0,,0,003,"COLORADO STREET","BRAND BOULEVARD",180.00,E,N,-,-,N,,,,,,,,,,N,4,0,1,2,A,-,09,21804,A,N,D,C,A,A,H,-,A,D,0,,,,,Y,,D,22,0,0,1,0,0,0,0,0,0,"- ","- ",,,"LOS ANGELES",GLENDALE,-118.25433349609375,34.142578125
84699593,2025,2025-05-26,1925,2025-05-13,1351,22249,,2,5,6,1925,0,0,0,,0,005,"VERDUGO ROAD","BROADVIEW DRIVE",0.00,,Y,A,B,N,,,,,,,,,,Y,4,0,1,2,A,-,12,21453,A,N,D,C,A,A,H,-,A,A,0,,,,,Y,,A,01,0,0,1,0,0,0,0,0,0,"- ","- ",34.203529357910156,-118.22592163085938,"LOS ANGELES",GLENDALE,-118.22606658935547,34.203697204589844
84704597,2025,2025-05-29,1925,2025-03-27,2301,30341,,4,5,6,1925,0,0,0,,0,002,"CHEVY CHASE DRIVE","SAN FERNANDO ROAD",300.00,W,N,B,-,N,,,,,,,,,,Y,4,0,1,2,A,-,07,21658,A,N,B,E,A,A,H,-,C,D,0,,,Y,,Y,,A,01,0,0,1,0,0,0,0,0,0,"- ","- ",34.133449554443359,-118.26249694824219,"LOS ANGELES",GLENDALE,-118.26351165771484,34.133472442626953
84704599,2025,2025-05-29,1925,2025-05-09,2132,29009,,5,5,6,1925,0,0,0,,0,005,"OCEAN VIEW BOULEVARD","SUNVIEW DRIVE",0.00,,Y,A,-,N,,,,,,,,,,Y,3,0,1,2,A,-,12,22450,A,N,D,C,A,A,H,-,C,D,0,,,,,Y,,A,01,0,1,0,0,0,0,0,0,0,"- ","- ",34.202659606933594,-118.22817993164062,"LOS ANGELES",GLENDALE,-118.22819519042969,34.20263671875
84704601,2025,2025-05-29,1925,2025-05-11,1957,30416,,7,5,6,1925,0,0,0,,0,004,"WILSON AVENUE","OLIVE STREET",390.00,W,N,A,-,N,,,,,,,,,,N,4,0,3,2,A,-,09,21804,A,N,D,C,A,A,H,-,B,A,0,,,,,Y,,A,01,0,0,3,0,0,0,0,0,0,"- ","- ",34.148048400878906,-118.23776245117188,"LOS ANGELES",GLENDALE,-118.23906707763672,34.148090362548828
84708132,2025,2025-06-02,1925,2025-05-14,1206,28595,,3,5,6,1925,0,0,0,,0,003,"MAPLE STREET","CHEVY CHASE DRIVE",50.00,E,N,A,-,N,,,,,,,,,,N,4,0,1,2,A,-,08,22107,,M,B,C,A,A,H,-,A,A,0,,,,,Y,,D,22,0,0,1,0,0,0,0,0,0,"- ","- ",34.138988494873047,-118.23957061767578,"LOS ANGELES",GLENDALE,-118.23942565917969,34.138988494873047
84708142,2025,2025-06-02,1925,2025-05-20,1011,27629,,2,5,6,1925,0,0,0,,0,002,"PACIFIC AVENUE",BROADWAY,55.00,N,N,A,-,N,,,,,,,,,,N,3,0,1,2,A,-,12,21453,A,N,B,C,A,A,H,-,A,A,0,,,,,Y,,A,01,0,1,0,0,0,0,0,0,0,"- ","- ",34.146820068359375,-118.26431274414062,"LOS ANGELES",GLENDALE,-118.26438140869141,34.146953582763672
84710654,2025,2025-06-03,1925,2025-05-21,2139,30063,,3,5,6,1925,0,0,0,,0,002,"435 W WILSON",COLUMBUS,400.00,W,N,-,-,N,,,,,,,,,,N,3,0,1,2,A,-,09,21804,A,N,C,A,A,A,H,-,D,D,0,,,,,Y,,-,"- ",0,1,0,0,0,0,0,0,0,"- ","- ",,,"LOS ANGELES",GLENDALE,-118.26268768310547,34.14801025390625
84717008,2025,2025-06-09,1925,2025-05-25,1347,26039,,7,5,6,1925,0,0,0,,0,005,"HONOLULU AVENUE","PLEASURE WAY",188.00,W,N,A,-,N,,,,,,,,,,Y,3,0,2,2,A,-,09,21804,A,N,D,C,A,A,H,-,A,D,0,,,,,Y,,A,07,0,1,1,0,0,0,0,0,0,"- ","- ",34.210300445556641,-118.23818969726562,"LOS ANGELES",GLENDALE,-118.23866271972656,34.210620880126953
84717383,2025,2025-06-09,1925,2025-05-13,"820 ",21089,,2,5,6,1925,0,0,0,,0,001,"CONCORD STREET","FAIRMONT AVENUE",110.00,N,N,A,-,N,,,,,,,,,,N,4,0,1,2,D,-,00,,,N,G,B,F,A,H,-,A,D,0,Y,,,,Y,,-,"- ",0,0,1,0,1,0,0,0,0,"- ","- ",,,"LOS ANGELES",GLENDALE,-118.27112579345703,34.155910491943359
84717386,2025,2025-06-09,1925,2025-05-27,1312,24810,,2,5,6,1925,0,0,0,,0,001,"SAN FERNANDO ROAD","PELANCONI AVENUE",50.00,N,N,A,-,N,,,,,,,,,,Y,3,0,1,5,A,-,08,22107,,N,C,E,A,A,H,-,A,A,0,,,,,Y,,A,01,0,1,0,0,0,0,0,0,0,"- ","- ",34.1591796875,-118.2796630859375,"LOS ANGELES",GLENDALE,-118.27980804443359,34.159290313720703
84717679,2025,2025-06-09,1925,2025-05-28,1429,28595,,3,5,6,1925,0,0,0,,0,001,"BRAND BOULEVARD","GOODE AVENUE",0.00,,Y,A,-,N,,,,,,,,,,Y,3,0,2,2,A,-,12,21453,A,N,D,C,A,A,H,-,A,A,0,,,,,Y,,-,"- ",0,1,1,0,0,0,0,0,0,"- ","- ",34.156761169433594,-118.25507354736328,"LOS ANGELES",GLENDALE,-118.25514984130859,34.156764984130859
84717681,2025,2025-06-09,1925,2025-05-28,1747,28595,,3,5,6,1925,0,0,0,,0,002,BROADWAY,"KENWOOD STREET",0.00,,Y,A,-,N,,,,,,,,,,N,4,0,2,2,A,-,09,21801,A,N,D,C,A,A,H,-,A,A,0,,,,,Y,,A,01,0,0,2,0,0,0,0,0,0,"- ","- ",34.146339416503906,-118.25135040283203,"LOS ANGELES",GLENDALE,-118.25138092041016,34.146324157714844
84719264,2025,2025-06-10,1925,2025-05-28,1401,27629,,3,5,6,1925,0,0,0,,0,002,"PACIFIC AVENUE","VINE STREET",20.00,S,N,B,-,N,,,,,,,,,,N,3,0,1,2,A,-,12,21453,A,N,B,C,A,A,H,-,A,A,0,,,,,Y,,A,07,0,1,0,0,0,0,0,0,0,"- ","- ",,,"LOS ANGELES",GLENDALE,-118.26441192626953,34.140754699707031
84722762,2025,2025-06-12,1925,2025-05-11,"30  ",29459,,7,5,6,1925,0,0,0,,0,002,"PACIFIC AVENUE","HARVARD STREET",0.00,,Y,A,-,N,,,,,,,,,,N,3,0,1,2,A,-,09,21802,A,N,D,C,A,A,H,-,C,D,0,,,,,Y,,A,07,0,1,0,0,0,0,0,0,0,"- ","- ",,,"LOS ANGELES",GLENDALE,-118.26408386230469,34.144264221191406
84722764,2025,2025-06-12,1925,2025-05-31,"19  ",29440,,6,5,6,1925,0,0,0,,0,004,"CHEVY CHASE DRIVE","E. GLENOAKS BLVD.",63.00,S,N,A,-,N,,,,,,,,,,Y,4,0,1,2,A,-,08,22107,,N,C,E,A,A,H,-,C,D,0,,,,,Y,,A,01,0,0,1,0,0,0,0,0,0,"- ","- ",34.153450012207031,-118.22911071777344,"LOS ANGELES",GLENDALE,-118.22929382324219,34.153415679931641
84722765,2025,2025-06-12,1925,2025-05-31,1108,29326,,6,5,6,1925,0,0,0,,0,004,"CEDAR STREET","WILSON AVENUE",0.00,,Y,A,-,N,,,,,,,,,,Y,4,0,1,2,A,-,09,21802,A,N,A,C,A,A,H,-,A,A,0,,,,,Y,,A,07,0,0,1,0,0,0,0,0,0,"- ","- ",34.148120880126953,-118.24433135986328,"LOS ANGELES",GLENDALE,-118.24434661865234,34.14813232421875
84724426,2025,2025-06-13,1925,2025-05-16,1432,26161,,5,5,6,1925,0,0,0,,0,004,"CHEVY CHASE DRIVE","BUCKINGHAM ROAD",1504.00,N,N,A,-,N,,,,,,,,,,N,3,0,1,2,A,-,05,21460,A,N,A,G,A,A,H,-,A,D,0,,Y,,,Y,,L,04,0,1,0,0,0,0,1,0,0,"- ","- ",34.173439025878906,-118.19943237304688,"LOS ANGELES",GLENDALE,-118.19841003417969,34.175811767578125
84724429,2025,2025-06-13,1925,2025-02-22,1620,28644,,6,5,6,1925,0,0,0,,0,001,"THOMPSON AVENUE","MOUNTAIN STREET",393.00,S,N,A,-,N,,,,,,,,,,N,4,0,1,2,C,-,18,,,N,A,E,A,A,H,-,A,A,0,,,,,Y,,-,"- ",0,0,1,0,0,0,0,0,0,"- ","- ",34.182941436767578,-118.2806396484375,"LOS ANGELES",GLENDALE,-118.28147125244141,34.182106018066406
84724431,2025,2025-06-13,1925,2025-05-23,1551,28043,,5,5,6,1925,0,0,0,,0,001,"RIVERSIDE DRIVE","WINCHESTER AVENUE",50.00,E,N,A,-,N,,,,,,,,,,N,2,0,1,2,A,-,03,22350,,N,C,C,A,A,H,-,A,A,0,,,Y,,Y,,C,02,1,0,0,0,0,0,0,0,1,"- ","- ",34.158931732177734,-118.30059051513672,"LOS ANGELES",GLENDALE,-118.30036926269531,34.158901214599609
84724432,2025,2025-06-13,1925,2025-05-23,1655,28644,,5,5,6,1925,0,0,0,,0,001,"BRAND BOULEVARD","GOODE AVENUE",0.00,,Y,A,-,N,,,,,,,,,,N,3,0,2,2,A,-,12,21453,A,N,D,C,A,A,H,-,A,A,0,,,,,Y,,-,"- ",0,1,1,0,0,0,0,0,0,"- ","- ",34.156761169433594,-118.25507354736328,"LOS ANGELES",GLENDALE,-118.25514984130859,34.156764984130859
84724436,2025,2025-06-13,1925,2025-05-30,"815 ",28043,,5,5,6,1925,0,0,0,,0,005,"VERDUGO ROAD","WABASSO WAY",50.00,S,N,A,-,N,,,,,,,,,,N,3,0,1,2,A,-,03,22350,,N,C,C,A,A,H,-,A,A,0,,,,,Y,,D,22,0,1,0,0,0,0,0,0,0,"- ","- ",34.178440093994141,-118.22554779052734,"LOS ANGELES",GLENDALE,-118.22556304931641,34.17828369140625
84724437,2025,2025-06-13,1925,2025-05-31,"830 ",28644,,6,5,6,1925,0,0,0,,0,003,"MAPLE STREET","GLENDALE AVENUE (S)",135.00,W,N,A,-,N,,,,,,,,,,N,3,0,1,2,A,-,21,22106,,N,D,C,A,A,H,-,A,A,0,,,,,Y,,A,07,0,1,0,0,0,0,0,0,0,"- ","- ",34.138801574707031,-118.25096130371094,"LOS ANGELES",GLENDALE,-118.25144958496094,34.138736724853516
84724441,2025,2025-06-13,1925,2025-06-01,1357,26039,,7,5,6,1925,0,0,0,,0,002,"BRAND BOULEVARD","GOODE AVENUE",0.00,,Y,A,-,Y,,,,,,,,,,Y,4,0,1,2,A,-,12,21457,A,N,D,C,A,A,H,-,A,A,0,,,,,Y,,A,01,0,0,1,0,0,0,0,0,0,"- ","- ",34.156761169433594,-118.25507354736328,"LOS ANGELES",GLENDALE,-118.25514984130859,34.156764984130859
84724442,2025,2025-06-13,1925,2025-06-02,"916 ",27629,,1,5,6,1925,0,0,0,,0,001,"BURCHETT STREET","COLUMBUS AVENUE",134.00,W,N,A,-,N,,,,,,,,,,N,3,0,1,2,A,-,09,21804,A,N,D,C,A,A,H,-,A,D,0,,,,,Y,,A,07,0,1,0,0,0,0,0,0,0,"- ","- ",,,"LOS ANGELES",GLENDALE,-118.26187133789062,34.157375335693359
84725566,2025,2025-06-16,1925,2025-06-03,"935 ",26039,,2,5,6,1925,0,0,0,,0,001,"CONCORD STREET","PALM DRIVE",0.00,,Y,A,-,N,,,,,,,,,,N,4,0,1,2,A,-,09,21802,A,N,D,C,A,A,H,-,A,A,0,,,,,Y,,A,01,0,0,1,0,0,0,0,0,0,"- ","- ",34.161788940429688,-118.27063751220703,"LOS ANGELES",GLENDALE,-118.27063751220703,34.161823272705078
84726047,2025,2025-06-16,1925,2025-06-03,1019,30867,,2,5,6,1925,0,0,0,,0,003,"VERDUGO ROAD","COLORADO STREET",100.00,N,N,A,-,N,,,,,,,,,,Y,3,0,1,2,A,-,09,21801,A,N,D,C,A,A,H,-,A,D,0,,,,,Y,,A,01,0,1,0,0,0,0,0,0,0,"- ","- ",,,"LOS ANGELES",GLENDALE,-118.23413848876953,34.143016815185547
84728194,2025,2025-06-17,1925,2025-06-03,1854,27526,,2,5,6,1925,0,0,0,,0,004,"GLENOAKS BOULEVARD","MERRILL AVE",0.00,,Y,A,-,N,,,,,,,,,,Y,3,0,1,3,A,-,05,21651,A,N,B,C,A,A,H,-,A,D,0,,,,,Y,,A,01,0,1,0,0,0,0,0,0,0,"- ","- ",,,"LOS ANGELES",GLENDALE,-118.22811889648438,34.153217315673828
84729790,2025,2025-06-18,1925,2025-06-06,1130,25649,,5,5,6,1925,0,0,0,,0,004,"GLENDALE AVENUE","CALIFORNIA AVENUE",215.00,S,N,A,-,N,,,,,,,,,,N,4,0,1,2,A,-,08,22107,,N,B,C,A,A,H,-,A,A,0,,,,,Y,,A,01,0,0,1,0,0,0,0,0,0,"- ","- ",34.149971008300781,-118.24569702148438,"LOS ANGELES",GLENDALE,-118.24594116210938,34.149398803710938
84733049,2025,2025-06-20,1925,2025-06-04,1420,28644,,3,5,6,1925,0,0,0,,0,001,"BRAND BOULEVARD","DORAN STREET",0.00,,Y,-,-,N,,,,,,,,,,N,3,0,1,2,A,-,10,21950,A,F,G,B,B,A,H,-,A,A,0,Y,,,,Y,,A,01,0,1,0,0,1,0,0,0,0,"- ","- ",34.154659271240234,-118.25507354736328,"LOS ANGELES",GLENDALE,-118.25511169433594,34.154647827148438
84733050,2025,2025-06-20,1925,2025-06-05,1139,28418,,4,5,6,1925,0,0,0,,0,001,"GLENOAKS BOULEVARD","PACIFIC AVENUE",0.00,,Y,-,-,N,,,,,,,,,,N,4,0,1,2,A,-,08,22107,,F,B,G,A,A,H,-,A,A,0,,Y,,,Y,,-,99,0,0,1,0,0,0,1,0,0,"- ","- ",34.159450531005859,-118.26409149169922,"LOS ANGELES",GLENDALE,-118.26422119140625,34.159877777099609
84733052,2025,2025-06-20,1925,2025-06-06,1800,28644,,5,5,6,1925,0,0,0,,0,002,"PACIFIC AVENUE","HARVARD STREET",0.00,,Y,A,-,N,,,,,,,,,,N,4,0,1,3,A,-,09,21800,A,N,D,C,A,A,H,-,A,A,0,,,,,Y,,A,01,0,0,1,0,0,0,0,0,0,"- ","- ",34.144100189208984,-118.26413726806641,"LOS ANGELES",GLENDALE,-118.26408386230469,34.144264221191406
84733054,2025,2025-06-20,1925,2025-06-09,"708 ",30705,,1,5,6,1925,0,0,0,,0,005,"LOWELL AVENUE","EL CAMINITO STREET",22.00,N,N,B,-,N,,,,,,,,,,N,4,0,1,2,A,-,08,22107,,N,C,E,A,A,H,-,A,D,0,,,,,Y,,A,01,0,0,1,0,0,0,0,0,0,"- ","- ",,,"LOS ANGELES",GLENDALE,-118.26605987548828,34.246231079101562
84734321,2025,2025-07-01,1925,2025-06-02,2117,30157,,1,5,6,1925,0,0,0,,0,003,"BRAND BOULEVARD","MAPLE STREET",9.00,S,N,A,-,N,,,,,,,,,,Y,2,0,1,2,A,-,11,21456,B,N,G,B,B,A,H,-,C,A,0,Y,,,,Y,,N,60,1,0,0,0,1,0,0,0,0,"- ","- ",34.138359069824219,-118.25496673583984,"LOS ANGELES",GLENDALE,-118.25502014160156,34.138324737548828
84734698,2025,2025-06-23,1925,2025-06-10,1039,30705,,2,5,6,1925,0,0,0,,0,002,"WILSON AVENUE","CENTRAL AVENUE",40.00,N,N,A,-,N,,,,,,,,,,Y,4,0,1,2,A,-,12,21453,A,N,D,C,A,A,H,-,A,A,0,,,,,Y,,A,07,0,0,1,0,0,0,0,0,0,"- ","- ",34.148040771484375,-118.25788879394531,"LOS ANGELES",GLENDALE,,
84736729,2025,2025-06-24,1925,2025-06-09,2323,28942,,1,5,6,1925,0,0,0,,0,004,"CHEVY CHASE DRIVE","VERDUGO ROAD",350.00,W,N,A,-,N,,,,,,,,,,N,4,0,1,2,A,-,09,21804,A,N,D,C,A,A,H,-,C,D,0,,,,Y,Y,,A,07,0,0,1,0,0,0,0,0,0,"- ","- ",,,"LOS ANGELES",GLENDALE,,
84741707,2025,2025-06-27,1925,2025-06-16,"917 ",28418,,1,5,6,1925,0,0,0,,0,002,"COLORADO STREET","KENILWORTH AVENUE",0.00,,Y,A,-,N,,,,,,,,,,N,4,0,1,2,A,-,12,21453,A,N,D,C,A,A,H,-,A,A,0,,,,,Y,,-,"- ",0,0,1,0,0,0,0,0,0,"- ","- ",34.142528533935547,-118.26717376708984,"LOS ANGELES",GLENDALE,-118.26718902587891,34.14251708984375
84742913,2025,2025-06-30,1925,2025-06-12,1400,21055,,4,5,6,1925,0,0,0,,0,002,"SAN FERNANDO ROAD","RIVERDALE DRIVE",92.00,N,N,A,-,N,,,,,,,,,,Y,4,0,3,3,A,-,08,22107,,N,C,C,A,A,H,-,A,A,0,,,,,Y,,A,08,0,0,3,0,0,0,0,0,0,"- ","- ",,,"LOS ANGELES",GLENDALE,-118.26773834228516,34.138851165771484
84742918,2025,2025-06-30,1925,2025-06-16,1248,30699,,1,5,6,1925,0,0,0,,0,002,"RIVERDALE DRIVE","PACIFIC AVENUE",0.00,,Y,A,-,N,,,,,,,,,,N,4,0,1,2,A,-,08,22107,,N,B,D,A,A,H,-,A,A,0,,,,,Y,,A,07,0,0,1,0,0,0,0,0,0,"- ","- ",34.138748168945312,-118.26441955566406,"LOS ANGELES",GLENDALE,-118.26441192626953,34.138710021972656
84742921,2025,2025-06-30,1925,2025-06-16,2127,30654,,1,5,6,1925,0,0,0,,0,,"BRAND BOULEVARD","GOODE AVENUE",0.00,S,Y,A,-,N,,,,,,,,,,Y,3,0,1,2,A,-,12,21453,A,N,D,C,A,A,H,-,C,A,0,,,,,Y,,-,"- ",0,1,0,0,0,0,0,0,0,"- ","- ",,,"LOS ANGELES",GLENDALE,-118.25514984130859,34.156764984130859
84743565,2025,2025-07-01,1925,2025-06-16,"822 ",30699,,1,5,6,1925,0,0,0,,0,004,"DORAN STREET","HOWARD STREET (W)",0.00,,Y,A,-,N,,,,,,,,,,N,3,0,1,2,A,-,10,21950,A,N,G,B,B,A,H,-,A,D,0,Y,,,,Y,,A,01,0,1,0,0,1,0,0,0,0,"- ","- ",34.154739379882812,-118.24791717529297,"LOS ANGELES",GLENDALE,-118.24800109863281,34.154739379882812
84743566,2025,2025-06-30,1925,2025-06-16,1458,30699,,1,5,6,1925,0,0,0,,0,004,"1010 N GLENDALE AVE (PARKING LOT)","NOT STATED",0.00,,-,A,-,N,,,,,,,,,,Y,3,0,1,3,B,-,22,,,N,C,E,A,A,H,-,A,D,0,,,,,Y,,A,01,0,1,0,0,0,0,0,0,0,"- ","- ",,,"LOS ANGELES",GLENDALE,-118.237512,34.160505000000001
84745222,2025,2025-07-01,1925,2025-06-11,2044,25751,,3,5,6,1925,0,0,0,,0,002,"PACIFIC AVENUE","RIVERDALE DRIVE",225.00,N,N,A,-,N,,,,,,,,,,Y,3,0,3,3,A,-,21,22106,,N,D,C,A,A,H,-,C,D,0,,,,,Y,,A,01,0,3,0,0,0,0,0,0,0,"- ","- ",34.138748168945312,-118.26441955566406,"LOS ANGELES",GLENDALE,-118.26441192626953,34.139328002929688
84746952,2025,2025-07-07,1925,2025-06-15,1903,28091,,7,5,6,1925,0,0,0,,0,002,"CENTRAL AVENUE","MILFORD STREET (N)",42.00,N,N,A,-,N,,,,,,,,,,N,3,0,1,2,A,-,08,22107,,N,D,C,A,A,H,-,A,D,0,,,,,Y,,A,01,0,1,0,0,0,0,0,0,0,"- ","- ",,,"LOS ANGELES",GLENDALE,-118.25791931152344,34.152866363525391
84746954,2025,2025-07-07,1925,2025-06-20,2012,29009,,5,5,6,1925,0,0,0,,0,005,"PARK PLACE","VERDUGO BOULEVARD",180.00,N,N,A,-,N,,,,,,,,,,N,3,0,1,3,A,-,08,22107,,N,A,E,A,A,H,-,A,D,0,,,,,Y,,D,22,0,1,0,0,0,0,0,0,0,"- ","- ",34.204761505126953,-118.22319793701172,"LOS ANGELES",GLENDALE,-118.22331237792969,34.205230712890625
84748796,2025,2025-07-07,1925,2025-06-15,1722,29405,,7,5,6,1925,0,0,0,,0,003,BROADWAY,"MAYNARD STREET",4.00,E,N,B,-,N,,,,,,,,,,N,3,0,1,2,A,-,08,22107,,N,D,C,A,A,H,-,A,D,0,,,,,Y,,A,01,0,1,0,0,0,0,0,0,0,"- ","- ",34.146011352539062,-118.23052978515625,"LOS ANGELES",GLENDALE,-118.23046875,34.146183013916016
84748797,2025,2025-07-07,1925,2025-06-19,2032,30223,,4,5,6,1925,0,0,0,,0,002,"CHEVY CHASE DRIVE","SAN FERNANDO ROAD",0.00,,Y,A,-,N,,,,,,,,,,Y,3,0,1,2,A,-,12,21453,A,N,D,C,A,A,H,-,C,A,0,,,,,Y,,A,01,0,1,0,0,0,0,0,0,0,"- ","- ",34.133449554443359,-118.26249694824219,"LOS ANGELES",GLENDALE,-118.26248168945312,34.133480072021484
84750207,2025,2025-07-07,1925,2025-06-20,"819 ",21055,,5,5,6,1925,0,0,0,,0,004,"CHEVY CHASE DRIVE","LEITH ROAD (E)",113.00,E,N,B,-,N,,,,,,,,,,N,3,0,1,2,A,-,08,22107,,N,D,E,A,A,H,-,A,D,0,,,,,Y,,A,07,0,1,0,0,0,0,0,0,0,"- ","- ",,,"LOS ANGELES",GLENDALE,-118.21681213378906,34.159458160400391
84750676,2025,2025-07-07,1925,2025-06-21,1437,28644,,6,5,6,1925,0,0,0,,0,004,BROADWAY,"KENWOOD STREET",0.00,,Y,A,-,N,,,,,,,,,,N,3,0,1,2,A,-,09,21801,A,N,D,C,A,A,H,-,A,A,0,,,,,Y,,A,01,0,1,0,0,0,0,0,0,0,"- ","- ",34.146339416503906,-118.25135040283203,"LOS ANGELES",GLENDALE,-118.25138092041016,34.146324157714844
84750677,2025,2025-07-07,1925,2025-06-23,1008,28595,,1,5,6,1925,0,0,0,,0,003,"WILSON AVENUE","ADAMS STREET",0.00,,Y,A,-,N,,,,,,,,,,N,4,0,1,2,A,-,12,21453,A,N,D,C,A,A,H,-,A,A,0,,,,,Y,,-,"- ",0,0,1,0,0,0,0,0,0,"- ","- ",,,"LOS ANGELES",GLENDALE,-118.24182891845703,34.148086547851562
84750681,2025,2025-07-07,1925,2025-06-23,1332,24810,,1,5,6,1925,0,0,0,,0,001,"PACIFIC AVENUE","CALIFORNIA AVENUE",100.00,S,N,A,-,N,,,,,,,,,,Y,4,0,2,2,A,-,03,22350,,N,C,C,A,A,H,-,A,D,0,,,,,Y,,D,22,0,0,2,0,0,0,0,0,0,"- ","- ",34.149730682373047,-118.26457214355469,"LOS ANGELES",GLENDALE,-118.26453399658203,34.1495361328125
84751003,2025,2025-07-07,1925,2025-06-22,1624,30120,,7,5,6,1925,0,0,0,,0,002,BROADWAY,"PACIFIC AVENUE",0.00,,Y,A,-,N,,,,,,,,,,N,4,0,1,2,A,-,09,21801,A,N,A,C,A,A,H,-,A,A,0,,,,,Y,,A,01,0,0,1,0,0,0,0,0,0,"- ","- ",34.146820068359375,-118.26431274414062,"LOS ANGELES",GLENDALE,-118.26428985595703,34.146820068359375
84751006,2025,2025-07-07,1925,2025-06-24,1454,28418,,2,5,6,1925,0,0,0,,0,003,"GLENDALE AVENUE",BROADWAY,47.00,S,N,A,-,N,,,,,,,,,,Y,3,0,2,3,A,-,07,21658,A,N,B,C,A,A,H,-,A,D,0,,,,,Y,,A,01,0,1,1,0,0,0,0,0,0,"- ","- ",34.146350860595703,-118.24717712402344,"LOS ANGELES",GLENDALE,-118.24723815917969,34.14617919921875
84754617,2025,2025-07-09,1925,2025-06-22,1929,30416,,7,5,6,1925,0,0,0,,0,004,"MONTEREY ROAD","PORTOLA AVENUE",117.00,W,N,A,-,N,,,,,,,,,,N,3,0,2,2,A,-,08,22107,,F,B,C,A,A,H,-,A,A,0,,,,,Y,Y,-,99,0,2,0,0,0,0,0,0,0,"- ","- ",34.156688690185547,-118.24294281005859,"LOS ANGELES",GLENDALE,-118.2432861328125,34.156898498535156
84756092,2025,2025-07-22,1925,2025-06-27,2313,29008,,5,5,6,1925,0,0,0,,0,001,"KENNETH ROAD","JUSTIN AVENUE",5.00,E,N,A,-,N,,,,,,,,,,N,4,0,2,2,A,-,09,21804,A,N,D,C,A,A,H,-,C,A,0,,,,,Y,,A,01,0,0,2,0,0,0,0,0,0,"- ","- ",34.174339294433594,-118.28291320800781,"LOS ANGELES",GLENDALE,-118.28284454345703,34.174312591552734
84757715,2025,2025-07-11,1925,2025-06-25,1744,26161,,3,5,6,1925,0,0,0,,0,004,"JACKSON STREET","HARVARD STREET",0.00,,Y,A,-,N,,,,,,,,,,N,4,0,1,2,A,-,12,22450,A,N,D,C,A,A,H,-,A,A,0,,,,,Y,,A,07,0,0,1,0,0,0,0,0,0,"- ","- ",,,"LOS ANGELES",GLENDALE,-118.25009155273438,34.144462585449219
84757719,2025,2025-07-11,1925,2025-06-28,1028,28644,,6,5,6,1925,0,0,0,,0,002,"CENTRAL AVENUE",BROADWAY,0.00,,Y,A,-,N,,,,,,,,,,N,3,0,4,2,A,-,09,21801,A,N,A,C,A,A,H,-,A,A,0,,,,,Y,,A,01,0,2,2,0,0,0,0,0,0,"- ","- ",34.146831512451172,-118.25788116455078,"LOS ANGELES",GLENDALE,-118.25791168212891,34.146835327148438
84759143,2025,2025-07-14,1925,2025-06-10,1726,25630,,2,5,6,1925,0,0,0,,0,002,"COLORADO STREET","PACIFIC AVENUE",183.00,W,N,A,-,N,,,,,,,,,,N,4,0,1,2,A,-,03,22350,,M,C,C,A,A,H,-,A,-,0,,,,,Y,,A,01,0,0,1,0,0,0,0,0,0,"- ","- ",34.142551422119141,-118.26439666748047,"LOS ANGELES",GLENDALE,-118.26502227783203,34.142520904541016
84759467,2025,2025-07-14,1925,2025-06-30,2353,30654,,1,5,6,1925,0,0,0,,0,002,"CENTRAL AVENUE","MILFORD STREET (N)",0.00,,Y,A,-,N,,,,,,,,,,N,3,0,1,2,A,-,09,21801,A,N,D,C,A,A,H,-,C,A,0,,,Y,,Y,,A,01,0,1,0,0,0,0,0,0,1,"- ","- ",34.152881622314453,-118.25791168212891,"LOS ANGELES",GLENDALE,-118.25791931152344,34.152748107910156
84759743,2025,2025-07-14,1925,2025-06-28,1240,28644,,6,5,6,1925,0,0,0,,0,001,"AIR WAY","SONORA AVENUE",0.00,,Y,A,-,N,,,,,,,,,,N,3,0,1,2,A,-,09,21801,A,N,D,G,A,A,H,-,A,A,0,,Y,,,Y,,A,01,0,1,0,0,0,0,1,0,0,"- ","- ",34.164878845214844,-118.2894287109375,"LOS ANGELES",GLENDALE,-118.28941345214844,34.164901733398438
84759745,2025,2025-07-14,1925,2025-06-30,1517,30053,,1,5,6,1925,0,0,0,,0,003,"CHEVY CHASE DRIVE","BOYNTON STREET",10.00,W,N,A,-,N,,,,,,,,,,N,3,0,1,2,A,-,10,21950,A,N,G,B,B,A,H,-,A,A,0,Y,,,,Y,,A,01,0,1,0,0,1,0,0,0,0,"- ","- ",34.133678436279297,-118.24906158447266,"LOS ANGELES",GLENDALE,-118.24911499023438,34.133670806884766
84763046,2025,2025-07-16,1925,2025-06-27,1919,30886,,5,5,6,1925,0,0,0,,0,004,"N GLENDALE AVE","E DORAN STREET",0.00,,Y,A,-,N,,,,,,,,,,Y,3,0,1,2,A,-,12,21453,A,N,D,C,A,A,H,-,A,A,0,,,,,Y,,A,01,0,1,0,0,0,0,0,0,0,"- ","- ",34.153530120849609,-118.24362945556641,"LOS ANGELES",GLENDALE,-118.24365997314453,34.153541564941406
84771713,2025,2025-07-23,1925,2025-07-03,1713,28644,,4,5,6,1925,0,0,0,,0,002,"SAN FERNANDO ROAD","WINDSOR ROAD",90.00,S,N,A,-,N,,,,,,,,,,N,3,0,1,2,A,-,06,21751,,N,B,G,A,A,H,-,A,A,0,,Y,,,Y,,A,01,0,1,0,0,0,0,1,0,0,"- ","- ",34.136348724365234,-118.26400756835938,"LOS ANGELES",GLENDALE,-118.26394653320312,34.136276245117188
84771714,2025,2025-07-22,1925,2025-07-04,1055,28644,,5,5,6,1925,0,0,0,,0,001,"HIGHLAND AVENUE","GLENOAKS BOULEVARD",187.00,S,N,A,-,N,,,,,,,,,,N,4,0,2,2,A,-,09,21800,A,N,D,C,A,A,H,-,A,A,0,,,,,Y,,A,01,0,0,2,0,0,0,0,0,0,"- ","- ",34.160850524902344,-118.27478790283203,"LOS ANGELES",GLENDALE,-118.27512359619141,34.160312652587891
84771716,2025,2025-07-22,1925,2025-07-05,1412,28922,,6,5,6,1925,0,0,0,,0,005,"VERDUGO BOULEVARD","VALIHI WAY",0.00,,Y,A,-,N,,,,,,,,,,N,3,0,1,2,A,-,10,21950,A,N,G,B,B,A,H,-,A,A,0,Y,,,,Y,,D,22,0,1,0,0,1,0,0,0,0,"- ","- ",34.204700469970703,-118.22154998779297,"LOS ANGELES",GLENDALE,-118.22152709960938,34.204715728759766
84771719,2025,2025-08-29,1925,2025-07-07,1515,24810,,1,5,6,1925,0,0,0,,0,001,"GLENOAKS BOULEVARD","HIGHLAND AVENUE",200.00,E,N,A,-,N,,,,,,,,,,N,3,0,1,2,A,-,03,22350,,N,C,G,A,A,H,-,A,D,0,,Y,,,Y,,L,04,0,1,0,0,0,0,1,0,0,"- ","- ",34.160789489746094,-118.27477264404297,"LOS ANGELES",GLENDALE,-118.27426910400391,34.160556793212891
84771721,2025,2025-07-22,1925,2025-07-07,1832,21089,,1,5,6,1925,0,0,0,,0,004,"GLENDALE AVENUE","LEXINGTON DRIVE",0.00,,N,A,-,N,,,,,,,,,,N,4,0,1,2,A,-,03,22350,,M,C,C,A,A,H,-,A,D,0,,,,,Y,,A,07,0,0,1,0,0,0,0,0,0,"- ","- ",,,"LOS ANGELES",GLENDALE,-118.24477386474609,34.151786804199219
84771729,2025,2025-07-22,1925,2025-07-10,"720 ",28644,,4,5,6,1925,0,0,0,,0,002,"PACIFIC AVENUE","CALIFORNIA AVENUE",0.00,,Y,A,-,N,,,,,,,,,,N,3,0,1,2,A,-,10,21950,A,N,G,B,B,A,H,-,A,A,0,Y,,,,Y,,A,07,0,1,0,0,1,0,0,0,0,"- ","- ",34.149829864501953,-118.2645263671875,"LOS ANGELES",GLENDALE,-118.26454162597656,34.149806976318359
84771730,2025,2025-07-22,1925,2025-07-10,"950 ",28644,,4,5,6,1925,0,0,0,,0,001,"ALLEN AVENUE","GLENOAKS BOULEVARD",172.00,S,N,A,-,N,,,,,,,,,,N,3,0,2,2,A,-,03,22350,,N,A,C,A,A,H,-,A,A,0,,,,,Y,,-,"- ",0,2,0,0,0,0,0,0,0,"- ","- ",34.173931121826172,-118.29355621337891,"LOS ANGELES",GLENDALE,-118.29398345947266,34.173511505126953
84773411,2025,2025-07-23,1925,2025-07-02,1812,30053,,3,5,6,1925,0,0,0,,0,002,"CENTRAL AVENUE","PIONEER DRIVE",0.00,,Y,A,-,N,,,,,,,,,,Y,4,0,1,2,A,-,12,21453,A,N,D,C,A,A,H,-,A,A,0,,,,,Y,,-,"- ",0,0,1,0,0,0,0,0,0,"- ","- ",,,"LOS ANGELES",GLENDALE,-118.25794219970703,34.155269622802734
84775129,2025,2025-07-24,1925,2025-07-12,2328,30341,,6,5,6,1925,0,0,0,,0,004,"GLENDALE BOULEVARD",GLENOAKS,0.00,N,Y,A,-,N,,,,,,,,,,N,3,0,1,3,A,-,00,20002,A,M,C,E,A,A,H,-,C,B,0,,,,,Y,,-,99,0,1,0,0,0,0,0,0,0,"- ","- ",,,"LOS ANGELES",GLENDALE,-118.23995971679688,34.158851623535156
84778337,2025,2025-07-28,1925,2025-07-08,1810,26039,,2,5,6,1925,0,0,0,,0,004,"VERDUGO ROAD","GLENDALE AVENUE",257.00,S,N,A,-,N,,,,,,,,,,N,4,0,1,3,A,-,08,22107,,N,D,E,A,A,H,-,A,D,0,,,,,Y,,A,01,0,0,1,0,0,0,0,0,0,"- ","- ",34.161430358886719,-118.23609924316406,"LOS ANGELES",GLENDALE,,
84778343,2025,2025-07-28,1925,2025-07-14,1504,28524,,1,5,6,1925,0,0,0,,0,002,"CENTRAL AVENUE","GOODE AVENUE",0.00,,Y,A,-,N,,,,,,,,,,Y,3,0,1,2,A,-,12,21453,A,N,D,C,A,A,H,-,A,A,0,,,,,Y,,A,07,0,1,0,0,0,0,0,0,0,"- ","- ",,,"LOS ANGELES",GLENDALE,-118.25798034667969,34.156745910644531
84778345,2025,2025-07-28,1925,2025-07-15,1506,28524,,2,5,6,1925,0,0,0,,0,003,"WILSON AVENUE","HARVEY DRIVE",16.00,E,N,A,-,N,,,,,,,,,,Y,3,0,2,2,A,-,03,22350,,N,C,C,A,A,H,-,A,A,0,,,,,Y,,A,07,0,1,1,0,0,0,0,0,0,"- ","- ",,,"LOS ANGELES",GLENDALE,-118.22954559326172,34.146640777587891
84778348,2025,2025-07-28,1925,2025-07-16,"856 ",21089,,3,5,6,1925,0,0,0,,0,005,"VERDUGO ROAD","ARLINGTON AVENUE",40.00,S,N,A,-,N,,,,,,,,,,N,3,0,1,1,C,-,18,,,N,E,I,A,A,H,-,A,D,0,,,,,Y,,-,"- ",0,1,0,0,0,0,0,0,0,"- ","- ",,,"LOS ANGELES",GLENDALE,-118.22875213623047,34.199924468994141
84778349,2025,2025-07-28,1925,2025-07-16,"950 ",28644,,3,5,6,1925,0,0,0,,0,002,"PACIFIC AVENUE","PIONEER DRIVE (N)",0.00,,Y,A,-,N,,,,,,,,,,N,4,0,1,2,A,-,04,21703,,N,C,C,A,A,H,-,A,A,0,,,,,Y,,I,11,0,0,1,0,0,0,0,0,0,"- ","- ",34.155220031738281,-118.26455688476562,"LOS ANGELES",GLENDALE,-118.26461029052734,34.154838562011719
84780464,2025,2025-08-11,1925,2025-07-09,"29  ",26161,,3,5,6,1925,0,0,0,,0,003,"VERDUGO ROAD","WILSON AVENUE",0.00,,Y,A,-,N,,,,,,,,,,Y,1,1,1,2,A,-,12,21453,A,N,D,C,A,A,H,-,C,A,0,,,,,Y,,A,07,0,0,1,0,0,0,0,0,0,"- ","- ",34.148040771484375,-118.23557281494141,"LOS ANGELES",GLENDALE,-118.23555755615234,34.148059844970703
84782142,2025,2025-07-30,1925,2025-07-16,2127,29009,,3,5,6,1925,0,0,0,,0,005,"LA CRESCENTA AVENUE","SHIRLEY JEAN STREET",30.00,S,N,A,-,N,,,,,,,,,,N,4,0,1,2,A,-,04,21703,,N,C,C,A,A,H,-,C,A,0,,,,,Y,,A,01,0,0,1,0,0,0,0,0,0,"- ","- ",34.206378936767578,-118.23996734619141,"LOS ANGELES",GLENDALE,-118.23995971679688,34.206241607666016
84783805,2025,2025-07-31,1925,2025-07-18,2042,30155,,5,5,6,1925,0,0,0,,0,002,"S ARTSAKH AVE","HARVARD STREET (E)",288.00,N,N,A,-,N,,,,,,,,,,N,4,0,1,2,A,-,10,21950,A,N,G,B,C,A,H,-,C,D,0,Y,,,,Y,,A,07,0,0,1,0,1,0,0,0,0,"- ","- ",,,"LOS ANGELES",GLENDALE,-118.25386810302734,34.145198822021484
84787292,2025,2025-08-04,1925,2025-07-12,1839,30120,,6,5,6,1925,0,0,0,,0,003,"PALMER AVENUE","ECL BRAND BLVD",96.00,E,N,A,-,N,,,,,,,,,,N,4,0,1,2,A,-,09,21804,A,N,D,C,A,A,H,-,A,A,0,,,,,Y,,A,01,0,0,1,0,0,0,0,0,0,"- ","- ",34.132278442382812,-118.25489807128906,"LOS ANGELES",GLENDALE,,
84787717,2025,2025-08-04,1925,2025-07-19,1742,30867,,6,5,6,1925,0,0,0,,0,003,"HARVEY DRIVE","WILSON TERRACE",0.00,W,Y,A,-,N,,,,,,,,,,Y,3,0,1,1,-,-,"- ",,,N,E,I,A,A,H,-,A,A,0,,,,,Y,,-,"- ",0,1,0,0,0,0,0,0,0,"- ","- ",34.148799896240234,-118.22801208496094,"LOS ANGELES",GLENDALE,-118.22792053222656,34.148872375488281
84787721,2025,2025-08-04,1925,2025-07-21,2158,30317,,1,5,6,1925,0,0,0,,0,004,"BRAND BOULEVARD","DORAN STREET",0.00,,Y,A,-,N,,,,,,,,,,Y,4,0,1,2,A,-,09,21801,A,N,D,C,A,A,H,-,C,A,0,,,,,Y,,A,01,0,0,1,0,0,0,0,0,0,"- ","- ",,,"LOS ANGELES",GLENDALE,-118.25511169433594,34.154647827148438
84787723,2025,2025-08-04,1925,2025-07-22,1922,30416,,2,5,6,1925,0,0,0,,0,004,"GLENDALE AVENUE","LEXINGTON DRIVE",0.00,,Y,A,-,N,,,,,,,,,,N,3,0,1,2,A,-,12,21453,A,N,D,C,A,A,H,-,B,A,0,,,,,Y,,A,01,0,1,0,0,0,0,0,0,0,"- ","- ",34.151790618896484,-118.24474334716797,"LOS ANGELES",GLENDALE,-118.24477386474609,34.151786804199219
84789414,2025,2025-08-05,1925,2025-07-18,1545,21055,,5,5,6,1925,0,0,0,,0,003,"GARDENA AVENUE","EL BONITA AVENUE",141.00,S,N,A,-,N,,,,,,,,,,N,4,0,1,2,A,-,09,21804,A,N,D,C,A,A,H,-,A,D,0,,,,,Y,,I,19,0,0,1,0,0,0,0,0,0,"- ","- ",34.124969482421875,-118.25901794433594,"LOS ANGELES",GLENDALE,-118.25874328613281,34.124603271484375
84789419,2025,2025-08-05,1925,2025-07-20,1739,29405,,7,5,6,1925,0,0,0,,0,003,"HARVEY DRIVE","ORCHARD AVE",10.00,W,N,A,-,N,,,,,,,,,,N,4,0,1,2,A,-,08,22107,,F,D,D,A,A,H,-,A,D,0,,,,,Y,,A,01,0,0,1,0,0,0,0,0,0,"- ","- ",,,"LOS ANGELES",GLENDALE,-118.22628021240234,34.151615142822266
84789426,2025,2025-08-05,1925,2025-07-24,1042,28644,,4,5,6,1925,0,0,0,,0,002,"SAN FERNANDO ROAD","PACIFIC AVENUE",56.00,N,N,A,-,N,,,,,,,,,,N,3,0,1,2,A,-,04,21703,,N,C,C,A,A,H,-,A,A,0,,,,,Y,,D,22,0,1,0,0,0,0,0,0,0,"- ","- ",34.136459350585938,-118.26406860351562,"LOS ANGELES",GLENDALE,-118.26467895507812,34.136947631835938
84789432,2025,2025-08-05,1925,2025-07-25,"810 ",28644,,5,5,6,1925,0,0,0,,0,002,"COLORADO STREET","KENILWORTH AVENUE",0.00,,Y,A,-,N,,,,,,,,,,N,3,0,1,2,A,-,12,21453,A,N,A,C,A,A,H,-,A,A,0,,,,,Y,,-,"- ",0,1,0,0,0,0,0,0,0,"- ","- ",34.142410278320312,-118.26722717285156,"LOS ANGELES",GLENDALE,-118.26718902587891,34.14251708984375
84792811,2025,2025-08-07,1925,2025-07-25,1745,25649,,5,5,6,1925,0,0,0,,0,003,"SAN FERNANDO ROAD","DOLORES STREET",84.00,E,N,A,-,N,,,,,,,,,,N,2,0,1,2,A,-,05,21650,,N,D,G,A,A,H,-,A,D,0,,Y,,,Y,,L,04,1,0,0,0,0,0,1,0,0,"- ","- ",34.121681213378906,-118.25270843505859,"LOS ANGELES",GLENDALE,-118.25250244140625,34.121479034423828
84794604,2025,2025-08-08,1925,2025-07-26,1555,28644,,6,5,6,1925,0,0,0,,0,001,"GLENOAKS BOULEVARD","WESTERN AVENUE",0.00,,Y,A,-,N,,,,,,,,,,N,3,0,1,2,A,-,11,21456,B,N,G,B,B,A,H,-,A,A,0,Y,,,,Y,,N,60,0,1,0,0,1,0,0,0,0,"- ","- ",34.171131134033203,-118.28965759277344,"LOS ANGELES",GLENDALE,-118.28974151611328,34.171054840087891
84795945,2025,2025-08-11,1925,2025-07-28,2217,19893,,1,5,6,1925,0,0,0,,0,002,"CENTRAL AVENUE","CHEVY CHASE DRIVE",0.00,,Y,A,-,N,,,,,,,,,,Y,4,0,1,2,A,-,09,21801,A,M,A,C,A,A,H,-,C,A,0,,,,,Y,,A,01,0,0,1,0,0,0,0,0,0,"- ","- ",,,"LOS ANGELES",GLENDALE,-118.25782775878906,34.133506774902344
84796706,2025,2025-08-11,1925,2025-07-26,2212,30862,,6,5,6,1925,0,0,0,,0,004,"LOUISE STREET","STOCKER STREET",0.00,,Y,A,-,N,,,,,,,,,,Y,3,0,1,2,A,-,09,21800,A,M,D,D,A,A,H,-,C,A,0,,,,,Y,,-,99,0,1,0,0,0,0,0,0,0,"- ","- ",34.163551330566406,-118.25267791748047,"LOS ANGELES",GLENDALE,-118.25273895263672,34.163665771484375
84802088,2025,2025-08-14,1925,2025-07-26,"530 ",29009,,6,5,6,1925,0,0,0,,0,001,"WESTERN AVENUE","SAN FERNANDO ROAD",500.00,S,N,A,-,N,,,,,,,,,,Y,3,0,1,2,A,-,05,21651,A,N,A,C,A,A,H,-,A,D,0,,,,,Y,,A,01,0,1,0,0,0,0,0,0,0,"- ","- ",34.168800354003906,-118.29215240478516,"LOS ANGELES",GLENDALE,-118.29331207275391,34.167793273925781
84805291,2025,2025-08-18,1925,2025-07-28,1712,27377,,1,5,6,1925,0,0,0,,0,002,"COLUMBUS AVENUE","COLORADO STREET",70.00,N,N,A,-,N,,,,,,,,,,Y,4,0,1,3,A,-,03,22350,,N,C,C,A,A,H,-,A,D,0,,,,,Y,,A,01,0,0,1,0,0,0,0,0,0,"- ","- ",34.142551422119141,-118.26087951660156,"LOS ANGELES",GLENDALE,-118.26091766357422,34.142711639404297
84805295,2025,2025-08-18,1925,2025-07-30,1509,26039,,3,5,6,1925,0,0,0,,0,005,"ROSEMONT AVENUE","HONOLULU AVENUE",210.00,N,N,A,-,N,,,,,,,,,,N,4,0,1,2,A,-,09,21804,A,N,D,C,A,A,H,-,A,D,0,,,,,Y,,A,07,0,0,1,0,0,0,0,0,0,"- ","- ",34.208530426025391,-118.2352294921875,"LOS ANGELES",GLENDALE,-118.23525238037109,34.209087371826172
84805298,2025,2025-08-18,1925,2025-07-30,1604,27377,,3,5,6,1925,0,0,0,,0,004,"WILSON AVENUE","JACKSON STREET",0.00,,Y,A,-,N,,,,,,,,,,N,4,0,1,2,A,-,12,21453,A,N,D,C,A,A,H,-,A,A,0,,,,,Y,,A,01,0,0,1,0,0,0,0,0,0,"- ","- ",,,"LOS ANGELES",GLENDALE,-118.25015258789062,34.148178100585938
84805299,2025,2025-08-18,1925,2025-07-30,1635,26039,,3,5,6,1925,0,0,0,,0,002,"COLORADO STREET","PACIFIC AVENUE",0.00,,Y,A,-,N,,,,,,,,,,N,4,0,2,2,A,-,09,21801,A,N,D,C,A,A,H,-,A,A,0,,,,,Y,,A,07,0,0,2,0,0,0,0,0,0,"- ","- ",34.142421722412109,-118.26445770263672,"LOS ANGELES",GLENDALE,-118.26441955566406,34.14251708984375
84805302,2025,2025-08-18,1925,2025-07-31,1715,28644,,4,5,6,1925,0,0,0,,0,004,BROADWAY,"EVERETT STREET",108.00,W,N,A,-,N,,,,,,,,,,N,3,0,1,2,A,-,05,21651,B,N,A,E,A,A,H,-,A,A,0,,,,,Y,,M,94,0,1,0,0,0,0,0,0,0,"- ","- ",34.146339416503906,-118.24559020996094,"LOS ANGELES",GLENDALE,-118.24593353271484,34.146308898925781
84805835,2025,2025-08-18,1925,2025-08-05,1541,28595,,2,5,6,1925,0,0,0,,0,004,BROADWAY,"LOUISE STREET",0.00,,Y,A,-,N,,,,,,,,,,N,4,0,1,2,A,-,03,22350,,M,C,D,A,A,H,-,A,A,0,,,,,Y,,D,22,0,0,1,0,0,0,0,0,0,"- ","- ",34.146331787109375,-118.25263214111328,"LOS ANGELES",GLENDALE,-118.25263977050781,34.146324157714844
84805839,2025,2025-08-18,1925,2025-08-05,1723,24810,,2,5,6,1925,0,0,0,,0,004,"ISABEL STREET","WILSON AVENUE",0.00,,Y,A,-,N,,,,,,,,,,Y,4,0,2,3,A,-,12,21453,A,N,D,C,A,A,H,-,A,A,0,,,,,Y,,A,07,0,0,2,0,0,0,0,0,0,"- ","- ",34.148151397705078,-118.24884796142578,"LOS ANGELES",GLENDALE,-118.24887084960938,34.148151397705078
84806212,2025,2025-08-18,1925,2025-08-06,2029,21975,,3,5,6,1925,0,0,0,,0,005,"HONOLULU AVENUE","LOWELL AVENUE",18.00,W,N,A,-,N,,,,,,,,,,N,3,0,1,2,A,-,03,22350,,N,C,C,A,A,H,-,C,A,0,,,,,Y,,A,07,0,1,0,0,0,0,0,0,0,"- ","- ",34.23175048828125,-118.26618194580078,"LOS ANGELES",GLENDALE,-118.26625061035156,34.231731414794922
84806217,2025,2025-08-18,1925,2025-08-07,"220 ",25630,,4,5,6,1925,0,0,0,,0,004,"JACKSON STREET","LEXINGTON DRIVE",216.00,S,N,A,-,N,,,,,,,,,,Y,2,0,4,6,A,-,03,22350,,N,C,E,A,A,H,-,C,A,0,,,,,Y,Y,A,01,3,1,0,0,0,0,0,0,0,"- ","- ",,,"LOS ANGELES",GLENDALE,-118.25012969970703,34.151199340820312
84808114,2025,2025-08-19,1925,2025-08-08,"234 ",27526,,5,5,6,1925,0,0,0,,0,004,"VERDUGO ROAD","WABASSO WAY",20.00,N,N,A,-,N,,,,,,,,,,Y,3,0,2,3,A,-,03,22350,,N,C,E,A,A,H,-,C,D,0,,,,,Y,,A,07,0,1,1,0,0,0,0,0,0,"- ","- ",34.178440093994141,-118.22554779052734,"LOS ANGELES",GLENDALE,-118.2255859375,34.178474426269531
84811798,2025,2025-08-21,1925,2025-08-09,"41  ",29009,,6,5,6,1925,0,0,0,,0,005,"CANADA BOULEVARD","SANTA MARIA AVENUE",208.00,S,N,A,-,N,,,,,,,,,,Y,2,0,1,2,A,-,08,22107,,N,E,I,A,A,H,-,C,A,0,,,Y,,Y,Y,C,02,1,0,0,0,0,0,0,0,1,"- ","- ",34.189838409423828,-118.22901153564453,"LOS ANGELES",GLENDALE,-118.22911834716797,34.189277648925781
84811801,2025,2025-08-21,1925,2025-08-09,2111,30806,,6,5,6,1925,0,0,0,,0,005,"VERDUGO ROAD","GLORIETTA AVENUE",400.00,S,N,A,-,N,,,,,,,,,,Y,4,0,1,2,A,-,00,21650,A,N,B,C,A,A,H,-,C,D,0,,,,,Y,,A,07,0,0,1,0,0,0,0,0,0,"- ","- ",,,"LOS ANGELES",GLENDALE,-118.22634887695312,34.186489105224609
84815344,2025,2025-08-25,1925,2025-08-02,1053,28922,,6,5,6,1925,0,0,0,,0,004,"KENWOOD STREET","LEXINGTON DRIVE",250.00,S,N,A,-,N,,,,,,,,,,Y,4,0,1,4,A,-,08,22107,,N,B,E,A,A,H,-,A,D,0,,,,,Y,,A,01,0,0,1,0,0,0,0,0,0,"- ","- ",34.151798248291016,-118.25137329101562,"LOS ANGELES",GLENDALE,-118.25140380859375,34.151084899902344
84815345,2025,2025-08-25,1925,2025-08-02,1606,28922,,6,5,6,1925,0,0,0,,0,001,"PACIFIC AVENUE","DRYDEN STREET",0.00,,Y,A,-,N,,,,,,,,,,N,4,0,1,2,A,-,10,21950,A,N,G,B,B,A,H,-,A,A,0,Y,,,,Y,,A,01,0,0,1,0,1,0,0,0,0,"- ","- ",34.160678863525391,-118.26438140869141,"LOS ANGELES",GLENDALE,-118.264404296875,34.160743713378906
84815348,2025,2025-08-25,1925,2025-08-04,1249,21089,,1,5,6,1925,0,0,0,,0,004,"BRAND BOULEVARD","SANCHEZ DRIVE",0.00,,Y,A,-,N,,,,,,,,,,Y,4,0,1,3,A,-,12,21453,A,N,D,C,A,A,H,-,A,A,0,,,,,Y,,A,01,0,0,1,0,0,0,0,0,0,"- ","- ",,,"LOS ANGELES",GLENDALE,-118.25514221191406,34.155937194824219
84815356,2025,2025-08-25,1925,2025-08-07,1410,28644,,4,5,6,1925,0,0,0,,0,001,"GLENOAKS BOULEVARD","ALLEN AVENUE",0.00,,Y,A,-,N,,,,,,,,,,N,4,0,2,2,A,-,12,21453,A,N,D,C,A,A,H,-,A,A,0,,,,,Y,,A,07,0,0,2,0,0,0,0,0,0,"- ","- ",34.173931121826172,-118.29355621337891,"LOS ANGELES",GLENDALE,-118.29360198974609,34.173862457275391
84815358,2025,2025-08-25,1925,2025-08-08,1814,28043,,5,5,6,1925,0,0,0,,0,,"COLORADO STREET","CHEVY CHASE DRIVE",0.00,,Y,A,-,N,,,,,,,,,,N,3,0,2,2,A,-,09,21801,A,N,D,C,A,A,H,-,A,A,0,,,,,Y,,D,22,0,2,0,0,0,0,0,0,0,"- ","- ",34.142620086669922,-118.23963928222656,"LOS ANGELES",GLENDALE,-118.23960876464844,34.142635345458984
84815360,2025,2025-08-25,1925,2025-08-11,1207,30913,,1,5,6,1925,0,0,0,,0,002,"BRAND BOULEVARD","GOODE AVENUE",0.00,,Y,A,-,N,,,,,,,,,,Y,4,0,1,2,A,-,12,21453,A,N,D,C,A,A,H,-,A,A,0,,,,,Y,,A,07,0,0,1,0,0,0,0,0,0,"- ","- ",,,"LOS ANGELES",GLENDALE,-118.25514984130859,34.156764984130859
84817584,2025,2025-08-26,1925,2025-08-10,"951 ",29405,,7,5,6,1925,0,0,0,,0,002,"CALIFORNIA AVENUE","BRAND BOULEVARD",3.00,W,N,A,-,N,,,,,,,,,,N,4,0,1,2,A,-,08,22107,,N,G,B,C,A,H,-,A,A,0,Y,,,,Y,,A,01,0,0,1,0,1,0,0,0,0,"- ","- ",34.149791717529297,-118.25504302978516,"LOS ANGELES",GLENDALE,-118.25508880615234,34.149898529052734
84817590,2025,2025-10-27,1925,2025-08-14,1710,28644,,4,5,6,1925,0,0,0,,0,002,"CENTRAL AVENUE","MAPLE STREET (N)",0.00,,Y,A,-,N,,,,,,,,,,N,3,0,2,3,A,-,09,21801,B,N,D,C,A,A,H,-,A,A,0,,,,,Y,,A,07,0,2,0,0,0,0,0,0,0,"- ","- ",34.1380615234375,-118.25785827636719,"LOS ANGELES",GLENDALE,-118.25785827636719,34.137710571289062
84822852,2025,2025-08-29,1925,2025-08-16,1647,22598,,6,5,6,1925,0,0,0,,0,002,"SAN FERNANDO ROAD",BROADWAY,13.00,N,N,A,-,N,,,,,,,,,,N,4,0,2,2,A,-,01,23152,B,N,C,C,A,A,H,-,A,A,0,,,,,Y,Y,A,01,0,0,2,0,0,0,0,0,0,"- ","- ",34.146778106689453,-118.27176666259766,"LOS ANGELES",GLENDALE,-118.2718505859375,34.146812438964844
84824618,2025,2025-09-01,1925,2025-08-19,1200,30907,,2,5,6,1925,0,0,0,,0,004,"BRAND BOULEVARD","GLENOAKS BOULEVARD",50.00,S,N,A,-,N,,,,,,,,,,N,4,0,1,2,A,-,03,22350,,N,C,C,A,A,H,-,A,A,0,,,,,Y,,A,01,0,0,1,0,0,0,0,0,0,"- ","- ",34.159168243408203,-118.25505828857422,"LOS ANGELES",GLENDALE,-118.25514984130859,34.159103393554688
84825648,2025,2025-09-08,1925,2025-08-20,1115,28644,,3,5,6,1925,0,0,0,,0,001,"VIOLA AVENUE","LORAINE STREET",137.00,N,N,A,-,N,,,,,,,,,,N,4,0,1,2,A,-,03,22350,,N,G,B,E,A,H,-,A,A,0,Y,,,,Y,,A,01,0,0,1,0,1,0,0,0,0,"- ","- ",34.164569854736328,-118.258056640625,"LOS ANGELES",GLENDALE,-118.25814056396484,34.164936065673828
84825650,2025,2025-09-02,1925,2025-08-20,1648,21055,,3,5,6,1925,0,0,0,,0,003,"LOUISE STREET","COLORADO STREET",0.00,,Y,A,-,N,,,,,,,,,,N,3,0,2,2,A,-,12,21453,A,N,D,C,A,A,H,-,A,A,0,,,,,Y,,A,01,0,1,1,0,0,0,0,0,0,"- ","- ",,,"LOS ANGELES",GLENDALE,-118.25260162353516,34.142597198486328
84825651,2025,2025-09-02,1925,2025-08-20,1640,28644,,3,5,6,1925,0,0,0,,0,004,"GLENDALE AVENUE","WILSON AVENUE",456.00,N,N,A,-,N,,,,,,,,,,N,4,0,1,3,A,-,03,22350,,N,C,C,A,A,H,-,A,A,0,,,,,Y,,I,09,0,0,1,0,0,0,0,0,0,"- ","- ",34.148151397705078,-118.24645233154297,"LOS ANGELES",GLENDALE,-118.2459716796875,34.149333953857422
84832651,2025,2025-09-08,1925,2025-08-24,1158,20814,,7,5,6,1925,0,0,0,,0,002,"IVY STREET","COLUMBUS AVENUE",387.00,W,N,A,-,N,,,,,,,,,,N,2,0,1,1,A,-,03,22350,,N,H,A,A,A,H,-,A,D,0,,,Y,,Y,,C,03,1,0,0,0,0,0,0,0,1,"- ","- ",,,"LOS ANGELES",GLENDALE,-118.26211547851562,34.145858764648438
84832653,2025,2025-09-08,1925,2025-08-25,"723 ",30866,,1,5,6,1925,0,0,0,,0,004,"VERDUGO ROAD",BROADWAY,0.00,,Y,A,-,N,,,,,,,,,,N,3,0,1,2,A,-,09,21800,A,N,C,C,A,A,H,-,A,A,0,,,Y,,Y,,A,07,0,1,0,0,0,0,0,0,1,"- ","- ",34.146011352539062,-118.23504638671875,"LOS ANGELES",GLENDALE,-118.23506164550781,34.146160125732422
84833144,2025,2025-09-08,1925,2025-08-20,1718,26039,,3,5,6,1925,0,0,0,,0,004,"GLENDALE AVENUE","GLENOAKS BOULEVARD",0.00,,Y,A,-,N,,,,,,,,,,N,3,0,1,2,A,-,12,21453,A,M,D,C,A,A,H,-,A,A,0,,,,,Y,,A,01,0,1,0,0,0,0,0,0,0,"- ","- ",34.158821105957031,-118.23992156982422,"LOS ANGELES",GLENDALE,-118.23995971679688,34.158851623535156
84833148,2025,2025-09-08,1925,2025-08-25,1325,27629,,1,5,6,1925,0,0,0,,0,004,"STOCKER STREET","ISABEL STREET",22.00,W,N,A,-,N,,,,,,,,,,N,3,0,2,2,A,-,09,21804,A,N,D,C,A,A,H,-,A,A,0,,,,,Y,,A,07,0,1,1,0,0,0,0,0,0,"- ","- ",34.163810729980469,-118.24838256835938,"LOS ANGELES",GLENDALE,-118.24851989746094,34.163803100585938
84833556,2025,2025-09-08,1925,2025-08-25,1513,30861,,1,5,6,1925,0,0,0,,0,002,"SAN FERNANDO ROAD","CHEVY CHASE DRIVE",0.00,,Y,A,-,N,,,,,,,,,,Y,3,0,1,3,A,-,09,21801,A,N,D,C,A,A,H,-,A,A,0,,,,,Y,,A,01,0,1,0,0,0,0,0,0,0,"- ","- ",34.133369445800781,-118.26255798339844,"LOS ANGELES",GLENDALE,-118.26248168945312,34.133480072021484
84833558,2025,2025-09-08,1925,2025-08-26,1730,30861,,2,5,6,1925,0,0,0,,0,002,BROADWAY,"CENTRAL AVENUE",121.00,W,N,A,-,N,,,,,,,,,,N,4,0,1,2,A,-,03,22350,,N,C,C,A,A,H,-,A,A,0,,,,,Y,,A,01,0,0,1,0,0,0,0,0,0,"- ","- ",34.146831512451172,-118.25788116455078,"LOS ANGELES",GLENDALE,-118.25830841064453,34.146839141845703
84833563,2025,2025-09-08,1925,2025-08-27,2233,27526,,3,5,6,1925,0,0,0,,0,004,"MOUNTAIN STREET","VERDUGO ROAD",50.00,W,N,A,-,N,,,,,,,,,,Y,3,0,1,2,A,-,03,22350,,N,A,C,A,A,H,-,C,A,0,,,,,Y,,A,01,0,1,0,0,0,0,0,0,0,"- ","- ",34.165008544921875,-118.23207092285156,"LOS ANGELES",GLENDALE,-118.23227691650391,34.165164947509766
84833565,2025,2025-09-08,1925,2025-08-28,1135,28644,,4,5,6,1925,0,0,0,,0,005,"RAMSDELL AVENUE","MAYFIELD AVENUE",0.00,,Y,A,-,N,,,,,,,,,,N,4,0,1,3,A,-,09,21804,A,N,D,E,A,A,H,-,A,A,0,,,,,Y,,A,01,0,0,1,0,0,0,0,0,0,"- ","- ",34.220218658447266,-118.24436187744141,"LOS ANGELES",GLENDALE,-118.24433135986328,34.220268249511719
84836545,2025,2025-09-09,1925,2025-08-28,2005,28660,,4,5,6,1925,0,0,0,,0,003,"GLENDALE AVENUE","PALMER AVENUE (S)",315.00,S,N,A,-,N,,,,,,,,,,N,3,0,1,2,A,-,09,21804,A,N,D,C,A,A,H,-,C,D,0,,,,,Y,,A,07,0,1,0,0,0,0,0,0,0,"- ","- ",34.132270812988281,-118.25218963623047,"LOS ANGELES",GLENDALE,-118.25232696533203,34.131393432617188
84838332,2025,2025-09-10,1925,2025-08-30,"754 ",27563,,6,5,6,1925,0,0,0,,0,002,"ORANGE STREET","CALIFORNIA AVENUE",0.00,,Y,A,-,N,,,,,,,,,,Y,3,0,1,2,A,-,12,21453,A,N,D,C,A,A,H,-,A,A,0,,,,,Y,,A,01,0,1,0,0,0,0,0,0,0,"- ","- ",34.1497802734375,-118.25641632080078,"LOS ANGELES",GLENDALE,-118.25640869140625,34.149940490722656
84840004,2025,2025-09-11,1925,2025-08-30,2333,30157,,6,5,6,1925,0,0,0,,0,004,"BRAND BOULEVARD","FAIRVIEW AVENUE",96.00,S,N,A,-,N,,,,,,,,,,N,4,0,1,2,A,-,08,22107,,N,B,C,A,A,H,-,C,D,0,,,,,Y,,A,01,0,0,1,0,0,0,0,0,0,"- ","- ",34.160148620605469,-118.25505828857422,"LOS ANGELES",GLENDALE,-118.25508880615234,34.160026550292969
84841884,2025,2025-09-12,1925,2025-08-16,1151,27377,,6,5,6,1925,0,0,0,,0,004,"CHEVY CHASE DR","SOLWAY ST.",160.00,E,N,A,-,N,,,,,,,,,,N,3,0,1,2,A,-,17,22517,,N,H,G,A,A,H,-,A,D,0,,Y,,,Y,,A,01,0,1,0,0,0,0,1,0,0,"- ","- ",,,"LOS ANGELES",GLENDALE,-118.22187042236328,34.156902313232422
84841888,2025,2025-09-12,1925,2025-08-29,1344,21055,,5,5,6,1925,0,0,0,,0,004,"HARVEY DRIVE","WILSON TERRACE",0.00,,Y,A,-,N,,,,,,,,,,N,4,0,1,2,A,-,09,21801,A,N,D,C,A,A,H,-,A,A,0,,,,,Y,,A,01,0,0,1,0,0,0,0,0,0,"- ","- ",,,"LOS ANGELES",GLENDALE,-118.22792053222656,34.148872375488281
84841889,2025,2025-09-12,1925,2025-08-29,1554,21055,,5,5,6,1925,0,0,0,,0,001,"ALLEN AVENUE","SAN FERNANDO ROAD",384.00,N,N,A,-,N,,,,,,,,,,N,4,0,2,2,A,-,06,21751,,N,D,C,A,A,H,-,A,D,0,,,,,Y,,A,01,0,0,2,0,0,0,0,0,0,"- ","- ",,,"LOS ANGELES",GLENDALE,-118.29518890380859,34.172389984130859
84843731,2025,2025-09-15,1925,2025-08-30,2148,29572,,6,5,6,1925,0,0,0,,0,002,"LOS FELIZ ROAD","GARDENA AVENUE",0.00,,Y,A,-,N,,,,,,,,,,Y,3,0,2,2,A,-,01,23152,A,F,D,C,A,A,H,-,C,A,0,,,,,Y,Y,A,07,0,2,0,0,0,0,0,0,0,"- ","- ",34.127590179443359,-118.26058959960938,"LOS ANGELES",GLENDALE,-118.26050567626953,34.127666473388672
84843732,2025,2025-09-15,1925,2025-08-31,1257,27629,,7,5,6,1925,0,0,0,,0,002,"BRAND BOULEVARD","LOMITA AVENUE",14.00,N,N,A,-,N,,,,,,,,,,N,4,0,4,4,A,-,03,22350,,N,A,C,A,A,H,-,A,A,0,,,,,Y,,A,07,0,0,4,0,0,0,0,0,0,"- ","- ",34.140621185302734,-118.25498199462891,"LOS ANGELES",GLENDALE,-118.25504302978516,34.140640258789062
84843733,2025,2025-09-15,1925,2025-09-01,"253 ",29572,,1,5,6,1925,0,0,0,,0,001,"CENTRAL AVENUE","GOODE AVENUE",0.00,,Y,A,-,N,,,,,,,,,,Y,3,0,1,2,A,-,12,21453,A,F,D,C,A,A,H,-,C,A,0,,,,,Y,,A,01,0,1,0,0,0,0,0,0,0,"- ","- ",34.156749725341797,-118.25797271728516,"LOS ANGELES",GLENDALE,-118.25798034667969,34.156745910644531
84843734,2025,2025-09-15,1925,2025-09-01,1343,28595,,1,5,6,1925,0,0,0,,0,002,"CENTRAL AVENUE","WILSON AVENUE",0.00,,Y,A,-,N,,,,,,,,,,N,3,0,1,2,A,-,10,21950,A,N,G,B,B,A,H,-,A,A,0,Y,,,,Y,,A,07,0,1,0,0,1,0,0,0,0,"- ","- ",,,"LOS ANGELES",GLENDALE,-118.25794219970703,34.148086547851562
84844155,2025,2025-09-15,1925,2025-08-28,1538,28644,,4,5,6,1925,0,0,0,,0,004,"LEXINGTON DRIVE","GLENDALE AVENUE",208.00,W,N,A,-,N,,,,,,,,,,N,3,0,1,2,A,-,09,21804,A,N,D,C,A,A,H,-,A,A,0,,,,,Y,,A,01,0,1,0,0,0,0,0,0,0,"- ","- ",34.151790618896484,-118.24474334716797,"LOS ANGELES",GLENDALE,-118.24545288085938,34.151805877685547
84845637,2025,2025-09-16,1925,2025-08-25,1708,30866,,1,5,6,1925,0,0,0,,0,004,"CHEVY CHASE DRIVE","GLENOAKS BOULEVARD",200.00,S,N,A,-,N,,,,,,,,,,N,3,0,2,2,A,-,21,22106,,N,B,C,A,A,H,-,A,A,0,,,,,Y,,A,01,0,2,0,0,0,0,0,0,0,"- ","- ",34.153301239013672,-118.22910308837891,"LOS ANGELES",GLENDALE,-118.22969055175781,34.153236389160156
84850848,2025,2025-09-19,1925,2025-09-04,"735 ",28644,,4,5,6,1925,0,0,0,,0,001,"KENNETH ROAD","ALLEN AVENUE",80.00,W,N,A,-,N,,,,,,,,,,N,3,0,1,2,A,-,11,21954,A,N,G,B,E,A,H,-,A,A,0,Y,,,,Y,,N,60,0,1,0,0,1,0,0,0,0,"- ","- ",34.178581237792969,-118.28868865966797,"LOS ANGELES",GLENDALE,-118.28885650634766,34.178718566894531
84852674,2025,2025-09-22,1925,2025-09-08,"53  ",29572,,1,5,6,1925,0,0,0,,0,005,"LOWELL AVENUE","ABELLA STREET",107.00,S,N,A,-,N,,,,,,,,,,Y,3,0,3,2,A,-,03,22350,,N,C,C,A,A,H,-,D,D,0,,,,,Y,,A,01,0,1,2,0,0,0,0,0,0,"- ","- ",34.238048553466797,-118.26611328125,"LOS ANGELES",GLENDALE,-118.26615905761719,34.237705230712891
84852676,2025,2025-09-22,1925,2025-09-08,1508,21089,,1,5,6,1925,0,0,0,,0,002,"PACIFIC AVENUE","MYRTLE STREET",0.00,,Y,A,-,N,,,,,,,,,,Y,3,0,4,2,A,-,09,21802,A,N,D,C,A,A,A,-,A,A,0,,,,,Y,,A,07,0,1,3,0,0,0,0,0,0,"- ","- ",,,"LOS ANGELES",GLENDALE,-118.26454162597656,34.150768280029297
84852679,2025,2025-09-22,1925,2025-09-08,1803,21089,,1,5,6,1925,0,0,0,,0,003,"ELK AVENUE","ADAMS STREET (S)",5.00,E,N,A,-,N,,,,,,,,,,N,3,0,1,2,A,-,12,22450,A,N,G,B,B,A,H,-,A,A,0,Y,,,,Y,,A,01,0,1,0,0,1,0,0,0,0,"- ","- ",34.141410827636719,-118.24182891845703,"LOS ANGELES",GLENDALE,,
84852680,2025,2025-09-22,1925,2025-09-08,1921,21370,,1,5,6,1925,0,0,0,,0,004,"GLENOAKS BOULEVARD","LOUISE STREET",0.00,,Y,A,-,N,,,,,,,,,,Y,4,0,2,2,A,-,12,21453,A,N,D,C,A,A,H,-,B,A,0,,,,,Y,,A,01,0,0,2,0,0,0,0,0,0,"- ","- ",,,"LOS ANGELES",GLENDALE,-118.25267791748047,34.158367156982422
84852681,2025,2025-09-22,1925,2025-09-08,2227,28284,,1,5,6,1925,0,0,0,,0,001,"SAN FERNANDO ROAD","ALLEN AVENUE",164.00,E,N,A,-,N,,,,,,,,,,N,4,0,3,2,A,-,09,21804,A,N,D,C,A,A,H,-,C,D,0,,,,,Y,,A,01,0,0,3,0,0,0,0,0,0,"- ","- ",34.17156982421875,-118.29593658447266,"LOS ANGELES",GLENDALE,-118.29563140869141,34.171314239501953
84855628,2025,2025-09-23,1925,2025-09-04,1707,28043,,4,5,6,1925,0,0,0,,0,,"GLENDALE AVENUE","CERRITOS AVENUE",70.00,N,N,A,-,N,,,,,,,,,,N,3,0,1,2,A,-,03,22350,,F,C,C,A,A,H,-,A,D,0,,,Y,,Y,,-,99,0,1,0,0,0,0,0,0,1,"- ","- ",34.125419616699219,-118.25332641601562,"LOS ANGELES",GLENDALE,-118.25316619873047,34.125782012939453
84862568,2025,2025-09-29,1925,2025-09-09,1449,26039,,2,5,6,1925,0,0,0,,0,004,"GLENOAKS BOULEVARD","SCHOLL DRIVE",59.00,E,N,A,-,N,,,,,,,,,,N,4,0,2,2,A,-,21,22106,,N,B,C,A,A,H,-,A,A,0,,,,,Y,,A,08,0,0,2,0,0,0,0,0,0,"- ","- ",34.150798797607422,-118.21842956542969,"LOS ANGELES",GLENDALE,-118.21818542480469,34.150737762451172
84862571,2025,2025-09-29,1925,2025-09-11,1620,28644,,4,5,6,1925,0,0,0,,0,003,"BRAND BOULEVARD","MAPLE STREET",0.00,,Y,A,-,N,,,,,,,,,,N,4,0,1,2,A,-,12,21453,A,N,D,C,A,A,H,-,A,A,0,,,,,Y,,A,01,0,0,1,0,0,0,0,0,0,"- ","- ",34.138359069824219,-118.25496673583984,"LOS ANGELES",GLENDALE,-118.25502014160156,34.138351440429688
84862576,2025,2025-09-29,1925,2025-09-12,1450,28644,,5,5,6,1925,0,0,0,,0,001,"PACIFIC AVENUE","DRYDEN STREET",50.00,N,N,A,-,N,,,,,,,,,,N,4,0,2,2,A,-,17,22517,,N,B,C,A,A,H,-,A,A,0,,,,,Y,,A,01,0,0,2,0,0,0,0,0,0,"- ","- ",34.160678863525391,-118.26438140869141,"LOS ANGELES",GLENDALE,-118.26443481445312,34.160873413085938
84862578,2025,2025-09-29,1925,2025-09-13,"848 ",28644,,6,5,6,1925,0,0,0,,0,001,"BRAND BOULEVARD","GOODE AVENUE",0.00,,Y,A,-,N,,,,,,,,,,N,3,0,1,2,A,-,12,21453,A,N,D,C,A,A,H,-,A,A,0,,,,,Y,,A,01,0,1,0,0,0,0,0,0,0,"- ","- ",34.156761169433594,-118.25507354736328,"LOS ANGELES",GLENDALE,-118.25514984130859,34.156764984130859
84862579,2025,2025-09-29,1925,2025-09-14,1746,27424,,7,5,6,1925,0,0,0,,0,002,BROADWAY,"BRAND BOULEVARD",0.00,,Y,A,-,N,,,,,,,,,,Y,4,0,1,2,A,-,09,21801,A,N,D,C,A,A,H,-,A,A,0,,,,,Y,,A,01,0,0,1,0,0,0,0,0,0,"- ","- ",,,"LOS ANGELES",GLENDALE,-118.25508880615234,34.146251678466797
84863109,2025,2025-09-29,1925,2025-09-16,1215,21089,,2,5,6,1925,0,0,0,,0,003,"ACACIA AVENUE","BOYNTON STREET",830.00,E,N,A,-,N,,,,,,,,,,N,3,0,1,2,A,-,11,21954,A,N,G,B,D,A,H,-,A,D,0,Y,,,,Y,,N,60,0,1,0,0,1,0,0,0,0,"- ","- ",34.134899139404297,-118.24906921386719,"LOS ANGELES",GLENDALE,-118.24633026123047,34.134883880615234
84863111,2025,2025-09-29,1925,2025-09-11,1900,21089,,4,5,6,1925,0,0,0,,0,004,"WILSON AVENUE","VERDUGO ROAD",0.00,,Y,A,-,N,,,,,,,,,,N,4,0,2,3,A,-,10,21950,A,M,G,B,B,A,H,-,A,D,0,Y,,,,Y,,A,01,0,0,2,0,2,0,0,0,0,"- ","- ",,,"LOS ANGELES",GLENDALE,-118.23555755615234,34.148059844970703
84865562,2025,2025-09-30,1925,2025-09-17,1455,21089,,3,5,6,1925,0,0,0,,0,001,"GLENOAKS BOULEVARD","BRAND BOULEVARD",280.00,W,N,A,-,N,,,,,,,,,,Y,3,0,2,2,A,-,09,21801,A,N,D,C,A,A,H,-,A,A,0,,,,,Y,,A,07,0,1,1,0,0,0,0,0,0,"- ","- ",34.159271240234375,-118.25505828857422,"LOS ANGELES",GLENDALE,-118.25607299804688,34.159309387207031
84870924,2025,2025-10-03,1925,2025-08-31,1709,28942,,7,5,6,1925,0,0,0,,0,002,"CALIFORNIA AVENUE","CENTRAL AVENUE",100.00,W,N,A,-,N,,,,,,,,,,Y,2,0,1,1,A,-,03,22350,,N,H,A,A,A,H,-,A,D,0,,,,,Y,,D,22,1,0,0,0,0,0,0,0,0,"- ","- ",34.149871826171875,-118.25791168212891,"LOS ANGELES",GLENDALE,-118.25823974609375,34.149921417236328
84870935,2025,2025-10-03,1925,2025-09-21,1408,21089,,7,5,6,1925,0,0,0,,0,,"LOUISE STREET","LEXINGTON DRIVE",0.00,,Y,A,-,N,,,,,,,,,,N,4,0,1,2,A,-,09,21802,A,N,D,C,A,A,H,-,A,A,0,,,,,Y,,A,07,0,0,1,0,0,0,0,0,0,"- ","- ",,,"LOS ANGELES",GLENDALE,-118.25266265869141,34.151767730712891
84872507,2025,2025-10-06,1925,2025-09-21,1446,21089,,7,5,6,1925,0,0,0,,0,004,"LEXINGTON DRIVE","NARANJA DRIVE",0.00,,Y,A,-,N,,,,,,,,,,N,4,0,1,2,A,-,05,21460,A,N,D,C,A,A,H,-,A,D,0,,,,,Y,,A,01,0,0,1,0,0,0,0,0,0,"- ","- ",,,"LOS ANGELES",GLENDALE,-118.23966979980469,34.1517333984375
84872508,2025,2025-10-06,1925,2025-09-22,1820,22249,,1,5,6,1925,0,0,0,,0,003,BROADWAY,"LOUISE STREET",174.00,E,N,A,B,N,,,,,,,,,,N,4,0,1,2,A,-,17,21235,G,N,D,C,A,A,H,-,B,D,0,,,,,Y,,M,94,0,0,1,0,0,0,0,0,0,"- ","- ",,,"LOS ANGELES",GLENDALE,-118.25206756591797,34.146320343017578
84872509,2025,2025-10-06,1925,2025-09-22,2254,24967,,1,5,6,1925,0,0,0,,0,001,"COLUMBUS AVENUE","LORAINE STREET (W)",211.00,N,N,A,-,N,,,,,,,,,,N,2,0,2,2,A,-,08,22107,,N,A,C,A,A,H,-,D,D,0,,,,,Y,,A,01,1,1,0,0,0,0,0,0,0,"- ","- ",34.164199829101562,-118.26222229003906,"LOS ANGELES",GLENDALE,-118.26210784912109,34.164920806884766
84872510,2025,2025-10-06,1925,2025-09-23,"828 ",21089,,2,5,6,1925,0,0,0,,0,005,"BOSTON AVENUE","ALTURA AVENUE (S)",0.00,,Y,A,-,N,,,,,,,,,,N,3,0,2,2,A,-,03,22350,,N,C,D,A,A,H,-,A,D,0,,,,,Y,,A,07,0,1,1,0,0,0,0,0,0,"- ","- ",,,"LOS ANGELES",GLENDALE,-118.26181030273438,34.233001708984375
84872513,2025,2025-10-06,1925,2025-09-23,"943 ",22249,,2,5,6,1925,0,0,0,,0,001,"STOCKER STREET","DOROTHY DRIVE",32.00,E,N,A,B,N,,,,,,,,,,Y,4,0,1,2,A,-,09,21804,A,N,D,C,A,A,H,-,A,D,0,,,,,Y,,A,07,0,0,1,0,0,0,0,0,0,"- ","- ",,,"LOS ANGELES",GLENDALE,-118.26334381103516,34.163364410400391
84872514,2025,2025-10-06,1925,2025-09-23,1346,22249,,2,5,6,1925,0,0,0,,0,004,"SINCLAIR AVENUE","STANLEY AVENUE",0.00,,Y,A,-,N,,,,,,,,,,N,3,0,1,2,A,-,09,21802,A,N,D,C,A,A,H,-,A,A,0,,,,,Y,,A,01,0,1,0,0,0,0,0,0,0,"- ","- ",,,"LOS ANGELES",GLENDALE,-118.23249816894531,34.149078369140625
84873025,2025,2025-10-06,1925,2025-09-12,1351,21055,,5,5,6,1925,0,0,0,,0,003,"VERDUGO ROAD",BROADWAY,0.00,S,Y,A,-,N,,,,,,,,,,N,4,0,1,2,A,-,10,21950,A,N,G,B,B,A,H,-,A,A,0,Y,,,,Y,,A,08,0,0,1,0,1,0,0,0,0,"- ","- ",,,"LOS ANGELES",GLENDALE,-118.23506164550781,34.146160125732422
84873026,2025,2025-10-06,1925,2025-09-23,1307,28418,,2,5,6,1925,0,0,0,,0,004,"WILSON AVENUE","ADAMS STREET",0.00,,Y,A,-,N,,,,,,,,,,N,3,0,1,2,A,-,10,21950,A,N,G,B,B,A,H,-,A,A,0,Y,,,,Y,,A,01,0,1,0,0,1,0,0,0,0,"- ","- ",34.148101806640625,-118.24181365966797,"LOS ANGELES",GLENDALE,-118.24182891845703,34.148086547851562
84873027,2025,2025-10-06,1925,2025-09-23,1334,26039,,2,5,6,1925,0,0,0,,0,001,"CUMBERLAND ROAD","HILLCREST AVENUE (W)",0.00,,Y,A,-,N,,,,,,,,,,N,4,0,1,2,A,-,09,21802,A,N,D,C,A,A,H,-,A,A,0,,,,,Y,,A,01,0,0,1,0,0,0,0,0,0,"- ","- ",34.174560546875,-118.26880645751953,"LOS ANGELES",GLENDALE,-118.26882171630859,34.174556732177734
84875452,2025,2025-10-07,1925,2025-09-24,2210,27526,,3,5,6,1925,0,0,0,,0,004,"CAMINO SAN RAFAEL","EMERALD ISLE DRIVE",2000.00,S,N,A,-,N,,,,,,,,,,Y,2,0,1,1,A,-,03,22350,,N,-,I,A,A,H,-,C,D,0,,,,,Y,,D,22,1,0,0,0,0,0,0,0,0,"- ","- ",34.181350708007812,-118.21038818359375,"LOS ANGELES",GLENDALE,-118.21461486816406,34.177841186523438
84882610,2025,2025-10-13,1925,2025-09-17,1215,28595,,3,5,6,1925,0,0,0,,0,002,"WILSON AVENUE","CENTRAL AVENUE",0.00,,Y,A,-,N,,,,,,,,,,N,3,0,2,2,A,-,09,21801,A,N,A,C,A,A,H,-,A,A,0,,,,,Y,,A,01,0,2,0,0,0,0,0,0,0,"- ","- ",34.147941589355469,-118.25792694091797,"LOS ANGELES",GLENDALE,-118.25794219970703,34.148086547851562
84882611,2025,2025-10-13,1925,2025-09-29,1649,21089,,1,5,6,1925,0,0,0,,0,004,"CEDAR STREET","CALIFORNIA AVENUE",170.00,N,N,A,-,N,,,,,,,,,,N,2,0,1,2,A,-,11,21954,A,F,G,B,D,A,H,-,A,D,0,Y,,,,Y,,N,60,1,0,0,0,1,0,0,0,0,"- ","- ",,,"LOS ANGELES",GLENDALE,-118.24423980712891,34.150402069091797
84882614,2025,2025-10-13,1925,2025-09-29,2150,29572,,1,5,6,1925,0,0,0,,0,002,"SAN FERNANDO ROAD","IVY STREET",20.00,N,N,A,-,N,,,,,,,,,,Y,3,0,2,2,A,-,08,22107,,N,C,C,A,A,H,-,C,D,0,,,,,Y,,A,01,0,2,0,0,0,0,0,0,0,"- ","- ",34.145889282226562,-118.27133178710938,"LOS ANGELES",GLENDALE,-118.27142333984375,34.145950317382812
84883087,2025,2025-10-13,1925,2025-09-24,"954 ",28043,,3,5,6,1925,0,0,0,,0,004,"MOUNTAIN STREET","VERDUGO ROAD",15.00,E,N,A,-,N,,,,,,,,,,N,4,0,1,2,A,-,03,22350,,N,C,C,A,A,H,-,A,A,0,,,,,Y,,A,01,0,0,1,0,0,0,0,0,0,"- ","- ",34.165008544921875,-118.23207092285156,"LOS ANGELES",GLENDALE,-118.23210144042969,34.165065765380859
84883091,2025,2025-10-13,1925,2025-10-01,1520,28644,,3,5,6,1925,0,0,0,,0,004,"CHEVY CHASE DRIVE","HILL DRIVE",107.00,E,N,A,-,N,,,,,,,,,,N,3,0,1,2,A,-,06,21755,A,N,D,C,A,A,H,-,A,A,0,,,Y,,Y,,C,02,0,1,0,0,0,0,0,0,1,"- ","- ",34.154651641845703,-118.22653961181641,"LOS ANGELES",GLENDALE,-118.22617340087891,34.154815673828125
84886718,2025,2025-10-15,1925,2025-10-03,2048,30342,,5,5,6,1925,0,0,0,,0,005,"FOOTHILL BOULEVARD","LOWELL AVENUE",0.00,,Y,A,-,N,,,,,,,,,,Y,4,0,1,2,A,-,09,21801,A,N,A,C,A,A,H,-,C,A,0,,,,,Y,,A,07,0,0,1,0,0,0,0,0,0,"- ","- ",,,"LOS ANGELES",GLENDALE,-118.26608276367188,34.240375518798828
84890604,2025,2025-10-17,1925,2025-09-30,1041,26039,,2,5,6,1925,0,0,0,,0,001,"FLOWER STREET","IRVING AVENUE",85.00,W,N,A,-,N,,,,,,,,,,N,3,0,1,4,A,-,08,22107,,N,D,E,A,A,H,-,A,D,0,,,,,Y,,A,07,0,1,0,0,0,0,0,0,0,"- ","- ",34.167888641357422,-118.29820251464844,"LOS ANGELES",GLENDALE,-118.29845428466797,34.168048858642578
84890605,2025,2025-10-17,1925,2025-10-01,1352,26161,,3,5,6,1925,0,0,0,,0,004,"MELWOOD DRIVE","CIELITO DRIVE",1276.00,E,N,A,-,N,,,,,,,,,,Y,3,0,1,1,A,-,03,22350,,N,F,A,A,A,H,-,A,D,0,,,,,Y,,A,07,0,1,0,0,0,0,0,0,0,"- ","- ",34.170738220214844,-118.24877166748047,"LOS ANGELES",GLENDALE,-118.24817657470703,34.168350219726562
84890606,2025,2025-10-17,1925,2025-10-01,1753,28043,,3,5,6,1925,0,0,0,,0,003,"CHEVY CHASE DRIVE","MARIPOSA STREET",75.00,E,N,A,-,N,,,,,,,,,,N,2,0,1,2,A,-,03,22350,,N,C,C,A,A,H,-,A,D,0,,,Y,,Y,,C,02,1,0,0,0,0,0,0,0,1,"- ","- ",34.133419036865234,-118.25057983398438,"LOS ANGELES",GLENDALE,-118.25033569335938,34.133571624755859
84892029,2025,2025-10-20,1925,2025-09-20,1812,30962,,6,5,6,1925,0,0,0,,0,003,"COLORADO STREET","VERDUGO ROAD",121.00,E,N,A,-,N,,,,,,,,,,N,3,0,1,2,C,-,18,,,N,D,G,A,A,H,-,A,D,0,,Y,,,Y,,-,"- ",0,1,0,0,0,0,1,0,0,"- ","- ",,,"LOS ANGELES",GLENDALE,-118.23367309570312,34.142757415771484
84892031,2025,2025-10-20,1925,2025-09-30,2130,28134,,2,5,6,1925,0,0,0,,0,002,"CENTRAL AVENUE","SAN FERNANDO ROAD",0.00,S,Y,A,-,N,,,,,,,,,,Y,3,0,3,2,A,-,12,21453,A,N,D,C,A,A,H,-,C,A,0,,,,,Y,,A,01,0,3,0,0,0,0,0,0,0,"- ","- ",34.1268310546875,-118.25795745849609,"LOS ANGELES",GLENDALE,-118.25794219970703,34.126792907714844
84892033,2025,2025-10-20,1925,2025-10-06,"835 ",30154,,1,5,6,1925,0,0,0,,0,001,"GRAYNOLD AVENUE","GLENWOOD ROAD",0.00,,Y,B,-,N,,,,,,,,,,N,4,0,2,2,A,-,09,21802,A,N,D,C,A,A,H,-,A,A,0,,,,,Y,,D,22,0,0,2,0,0,0,0,0,0,"- ","- ",,,"LOS ANGELES",GLENDALE,-118.27683258056641,34.166610717773438
84892034,2025,2025-10-20,1925,2025-10-06,1047,30154,,1,5,6,1925,0,0,0,,0,003,"CHEVY CHASE DRIVE","GLENDALE AVENUE",0.00,,Y,A,-,N,,,,,,,,,,N,3,0,1,2,A,-,09,21804,A,N,A,C,A,A,H,-,A,A,0,,,,,Y,,M,94,0,1,0,0,0,0,0,0,0,"- ","- ",,,"LOS ANGELES",GLENDALE,-118.25199127197266,34.133518218994141
84892035,2025,2025-10-20,1925,2025-10-06,1812,19364,,1,5,6,1925,0,0,0,,0,002,"SAN FERNANDO ROAD","MIRA LOMA AVENUE",0.00,,Y,A,-,N,,,,,,,,,,N,4,0,1,2,A,-,09,21801,A,N,B,C,A,A,H,-,B,D,0,,,Y,,Y,,A,01,0,0,1,0,0,0,0,0,1,"- ","- ",34.124629974365234,-118.25579833984375,"LOS ANGELES",GLENDALE,-118.25579071044922,34.1246337890625
84892628,2025,2025-10-20,1925,2025-10-03,1252,21055,,5,5,6,1925,0,0,0,,0,001,"SONORA AVENUE","RANDALL STREET",83.00,N,N,A,-,N,,,,,,,,,,N,2,0,2,2,A,-,09,21802,A,N,D,E,A,A,H,-,A,A,0,,,Y,,Y,,C,03,2,0,0,0,0,0,0,0,2,"- ","- ",34.159481048583984,-118.29508209228516,"LOS ANGELES",GLENDALE,-118.294921875,34.159671783447266
84892629,2025,2025-10-20,1925,2025-10-03,1534,21055,,5,5,6,1925,0,0,0,,0,002,"ELK AVENUE","PACIFIC AVENUE",0.00,,Y,A,-,N,,,,,,,,,,N,4,0,1,2,D,-,00,,,N,D,G,A,A,H,-,A,D,0,,Y,,,Y,,-,"- ",0,0,1,0,0,0,1,0,0,"- ","- ",,,"LOS ANGELES",GLENDALE,-118.26441192626953,34.141643524169922
84892632,2025,2025-10-20,1925,2025-10-06,1518,30154,,1,5,6,1925,0,0,0,,0,001,"GLENWOOD ROAD","GRANDVIEW AVENUE (N)",0.00,,Y,A,-,N,,,,,,,,,,N,3,0,1,2,A,-,12,22450,A,N,D,C,A,A,H,-,A,A,0,,,,,Y,,-,"- ",0,1,0,0,0,0,0,0,0,"- ","- ",,,"LOS ANGELES",GLENDALE,-118.28069305419922,34.167392730712891
84892633,2025,2025-10-20,1925,2025-10-06,1715,30154,,1,5,6,1925,0,0,0,,0,001,"RAYMOND AVENUE","GLENWOOD ROAD",0.00,,Y,A,-,N,,,,,,,,,,Y,4,0,1,2,A,-,12,22450,A,N,D,C,A,A,H,-,A,A,0,,,,,Y,,A,01,0,0,1,0,0,0,0,0,0,"- ","- ",,,"LOS ANGELES",GLENDALE,-118.2882080078125,34.174144744873047
84892635,2025,2025-10-20,1925,2025-10-07,1244,30154,,2,5,6,1925,0,0,0,,0,001,"CENTRAL AVENUE","GLENOAKS BOULEVARD",0.00,,Y,A,-,N,,,,,,,,,,N,4,0,2,2,A,-,03,22350,,F,C,C,A,A,H,-,A,A,0,,,,,Y,,A,01,0,0,2,0,0,0,0,0,0,"- ","- ",,,"LOS ANGELES",GLENDALE,-118.25774383544922,34.159381866455078
84898832,2025,2025-10-23,1925,2025-10-09,2208,28660,,4,5,6,1925,0,0,0,,0,001,"CENTRAL AVENUE","DRYDEN STREET",0.00,,Y,A,-,N,,,,,,,,,,N,4,0,1,2,A,-,06,21755,A,N,B,C,A,A,H,-,C,A,0,,,,,Y,,A,01,0,0,1,0,0,0,0,0,0,"- ","- ",34.161460876464844,-118.25685882568359,"LOS ANGELES",GLENDALE,-118.25688934326172,34.161472320556641
84898833,2025,2025-10-23,1925,2025-10-10,1825,25649,,5,5,6,1925,0,0,0,,0,004,"E LEXINGTON DR","PIEDMONT AV",170.00,E,N,A,-,N,,,,,,,,,,Y,4,0,1,3,A,-,03,22350,,N,C,E,A,A,H,-,B,D,0,,,,,Y,,A,01,0,0,1,0,0,0,0,0,0,"- ","- ",,,"LOS ANGELES",GLENDALE,-118.24032592773438,34.151748657226562
84900615,2025,2025-10-24,1925,2025-09-28,1922,28284,,7,5,6,1925,0,0,0,,0,001,"GLENOAKS BOULEVARD","SONORA AVENUE",0.00,,Y,A,-,N,,,,,,,,,,N,4,0,1,2,A,-,12,21453,A,F,G,B,B,A,H,-,C,A,0,Y,,,,Y,,A,07,0,0,1,0,1,0,0,0,0,"- ","- ",34.168258666992188,-118.28575134277344,"LOS ANGELES",GLENDALE,-118.28588104248047,34.168239593505859
84902721,2025,2025-10-27,1925,2025-10-04,1902,26161,,6,5,6,1925,0,0,0,,0,005,"VERDUGO ROAD","HARMON PLACE",170.00,S,N,A,-,N,,,,,,,,,,N,3,0,1,1,A,-,01,21200,5,N,E,I,A,A,H,-,C,D,0,,Y,,,Y,Y,L,04,0,1,0,0,0,0,1,0,0,"- ","- ",34.195549011230469,-118.22924041748047,"LOS ANGELES",GLENDALE,-118.22914886474609,34.195079803466797
84902723,2025,2025-10-27,1925,2025-10-09,1603,27016,,4,5,6,1925,0,0,0,,0,005,"LA CRESCENTA AVENUE","MAYFIELD AVENUE",50.00,S,N,A,-,N,,,,,,,,,,N,3,0,1,2,A,-,03,22350,,N,C,C,A,A,H,-,A,A,0,,,,,Y,,D,22,0,1,0,0,0,0,0,0,0,"- ","- ",34.217670440673828,-118.23995971679688,"LOS ANGELES",GLENDALE,-118.23997497558594,34.217571258544922
84902728,2025,2025-10-27,1925,2025-10-10,1544,21055,,5,5,6,1925,0,0,0,,0,004,"JACKSON STREET","MONTEREY ROAD",0.00,,Y,A,-,N,,,,,,,,,,N,4,0,2,2,D,-,00,,,N,D,C,A,A,H,-,A,A,0,,,,,Y,,-,"- ",0,0,2,0,0,0,0,0,0,"- ","- ",,,"LOS ANGELES",GLENDALE,-118.25025177001953,34.157493591308594
84902729,2025,2025-10-27,1925,2025-10-10,1558,28043,,5,5,6,1925,0,0,0,,0,,"ADAMS STREET","ORANGE GROVE AVENUE",0.00,,Y,A,-,N,,,,,,,,,,N,3,0,1,2,A,-,09,21453,B,N,D,C,A,A,H,-,A,A,0,,,,,Y,,A,07,0,1,0,0,0,0,0,0,0,"- ","- ",34.143539428710938,-118.24182891845703,"LOS ANGELES",GLENDALE,-118.24179840087891,34.143543243408203
84902734,2025,2025-10-27,1925,2025-10-13,1635,28595,,1,5,6,1925,0,0,0,,0,001,"GLENOAKS BOULEVARD","CONCORD STREET",515.00,E,N,A,B,N,,,,,,,,,,N,4,0,1,2,A,-,09,21804,A,N,D,C,A,A,H,-,A,D,0,,,,,Y,,A,07,0,0,1,0,0,0,0,0,0,"- ","- ",34.159938812255859,-118.27082061767578,"LOS ANGELES",GLENDALE,-118.26915740966797,34.159732818603516
84903186,2025,2025-10-27,1925,2025-10-14,"923 ",26039,,2,5,6,1925,0,0,0,,0,001,"GLENOAKS BOULEVARD","PACIFIC AVENUE",75.00,E,N,C,-,N,,,,,,,,,,N,4,0,1,3,A,-,03,22350,,N,D,E,A,B,H,-,A,A,0,,,,,Y,,A,07,0,0,1,0,0,0,0,0,0,"- ","- ",34.159351348876953,-118.26407623291016,"LOS ANGELES",GLENDALE,-118.26396942138672,34.159881591796875
84903189,2025,2025-10-27,1925,2025-10-15,"802 ",21089,,3,5,6,1925,0,0,0,,0,005,"LA CRESCENTA AVENUE","OAKMONT VIEW DRIVE",0.00,,Y,A,-,N,,,,,,,,,,N,3,0,2,2,A,-,09,21802,A,N,D,C,A,A,H,-,A,A,0,,,,,Y,,A,01,0,1,1,0,0,0,0,0,0,"- ","- ",,,"LOS ANGELES",GLENDALE,-118.23933410644531,34.205337524414062
84903190,2025,2025-10-27,1925,2025-10-15,"805 ",22249,,3,5,6,1925,0,0,0,,0,005,"CANADA BOULEVARD","CAMULOS AVENUE",40.00,S,N,A,-,N,,,,,,,,,,N,4,0,2,3,A,-,03,22350,,N,C,C,A,A,H,-,A,D,0,,,,,Y,,A,07,0,0,2,0,0,0,0,0,0,"- ","- ",,,"LOS ANGELES",GLENDALE,-118.22901916503906,34.179439544677734
84903191,2025,2025-10-27,1925,2025-10-15,1135,28595,,3,5,6,1925,0,0,0,,0,002,"COLORADO STREET","PACIFIC AVENUE",0.00,,Y,A,-,N,,,,,,,,,,Y,4,0,2,2,A,-,09,21801,A,N,D,C,A,A,H,-,A,A,0,,,,,Y,,A,01,0,0,2,0,0,0,0,0,0,"- ","- ",34.142551422119141,-118.26439666748047,"LOS ANGELES",GLENDALE,-118.26441955566406,34.14251708984375
84903192,2025,2025-10-27,1925,2025-10-15,1532,21089,,3,5,6,1925,0,0,0,,0,001,"5TH STREET","GRANDVIEW AVENUE",0.00,,Y,A,-,N,,,,,,,,,,N,4,0,1,2,A,-,09,21802,A,N,D,C,A,A,H,-,A,A,0,,,Y,,Y,,A,01,0,0,1,0,0,0,0,0,1,"- ","- ",,,"LOS ANGELES",GLENDALE,-118.28069305419922,34.167392730712891
84904998,2025,2025-10-28,1925,2025-10-17,"427 ",30862,,5,5,6,1925,0,0,0,,0,002,"PACIFIC AVENUE","COLORADO STREET",0.00,,Y,A,-,N,,,,,,,,,,Y,2,0,1,2,A,-,09,21800,A,N,A,C,A,A,H,-,C,A,0,,,Y,,Y,,A,01,1,0,0,0,0,0,0,0,1,"- ","- ",34.142551422119141,-118.26439666748047,"LOS ANGELES",GLENDALE,-118.26441955566406,34.14251708984375
84908433,2025,2025-10-30,1925,2025-10-12,"349 ",22783,,7,5,6,1925,0,0,0,,0,004,"GLENDALE AVENUE","LEXINGTON DRIVE",350.00,S,N,A,-,N,,,,,,,,,,Y,3,0,1,1,A,-,08,22107,,N,E,I,A,A,H,-,C,C,0,,,,,Y,,D,22,0,1,0,0,0,0,0,0,0,"- ","- ",34.151790618896484,-118.24474334716797,"LOS ANGELES",GLENDALE,-118.24530029296875,34.15093994140625
84908436,2025,2025-10-30,1925,2025-10-18,1010,29580,,6,5,6,1925,0,0,0,,0,001,"GLENWOOD ROAD","JUSTIN AVENUE",0.00,,Y,A,-,N,,,,,,,,,,N,4,0,1,2,A,-,09,21802,A,N,D,C,A,A,H,-,A,A,0,,,,,Y,,A,01,0,0,1,0,0,0,0,0,0,"- ","- ",34.171981811523438,-118.28524017333984,"LOS ANGELES",GLENDALE,-118.28530883789062,34.172019958496094
84908437,2025,2025-10-30,1925,2025-10-17,1340,26050,,5,5,6,1925,0,0,0,,0,003,"GLENDALE AVENUE","CYPRESS STREET (S)",0.00,,Y,A,-,N,,,,,,,,,,N,3,0,1,2,A,-,08,22107,,N,D,C,A,A,H,-,A,A,0,,,,,Y,,A,01,0,1,0,0,0,0,0,0,0,"- ","- ",34.129848480224609,-118.25257110595703,"LOS ANGELES",GLENDALE,-118.25257110595703,34.129810333251953
84910167,2025,2025-10-31,1925,2025-10-19,1636,19770,,7,5,6,1925,0,0,0,,0,001,"BRAND BOULEVARD","RANDOLPH STREET",0.00,,Y,A,-,N,,,,,,,,,,N,4,0,1,3,A,-,09,21802,A,N,D,C,A,A,H,-,A,A,0,,,,,Y,,A,07,0,0,1,0,0,0,0,0,0,"- ","- ",34.16510009765625,-118.25507354736328,"LOS ANGELES",GLENDALE,-118.25508117675781,34.165233612060547
84911740,2025,2025-11-05,1925,2025-10-20,1618,21089,,1,5,6,1925,0,0,0,,0,003,"MARIPOSA STREET","PALMER AVENUE",270.00,E,N,A,-,N,,,,,,,,,,N,4,0,1,2,A,-,09,21804,A,N,G,B,F,A,H,-,A,D,0,Y,,,,Y,,A,07,0,0,1,0,1,0,0,0,0,"- ","- ",,,"LOS ANGELES",GLENDALE,,
84912251,2025,2025-11-05,1925,2025-10-12,1146,28524,,7,5,6,1925,0,0,0,,0,002,"GALLERIA WAY","COLORADO STREET",390.00,N,N,A,-,N,,,,,,,,,,N,3,0,1,2,A,-,03,22350,,N,G,B,C,A,H,-,A,D,0,Y,,,,Y,,A,07,0,1,0,0,1,0,0,0,0,"- ","- ",34.142559051513672,-118.25920104980469,"LOS ANGELES",GLENDALE,-118.25917816162109,34.143619537353516
84912252,2025,2025-11-05,1925,2025-10-21,1151,21089,,2,5,6,1925,0,0,0,,0,004,"MARYLAND AVENUE","LEXINGTON DRIVE",160.00,N,N,A,-,N,,,,,,,,,,Y,4,0,1,2,A,-,05,21650,,N,B,C,A,A,H,-,A,D,0,,,,,Y,,A,07,0,0,1,0,0,0,0,0,0,"- ","- ",,,"LOS ANGELES",GLENDALE,-118.25380706787109,34.152210235595703
84912255,2025,2025-11-05,1925,2025-10-21,1440,21089,,2,5,6,1925,0,0,0,,0,005,"OCEAN VIEW BOULEVARD","HONOLULU AVENUE",195.00,N,N,A,-,N,,,,,,,,,,N,4,0,1,2,A,-,21,22106,,N,G,B,E,A,H,-,A,D,0,Y,,,,Y,,A,01,0,0,1,0,1,0,0,0,0,"- ","- ",34.205318450927734,-118.22785186767578,"LOS ANGELES",GLENDALE,-118.22801208496094,34.206024169921875
84914505,2025,2025-12-05,1925,2025-10-16,1400,28043,,4,5,6,1925,0,0,0,,0,001,"CENTRAL AVENUE","GLENOAKS BOULEVARD",0.00,,Y,A,-,N,,,,,,,,,,N,3,0,1,4,A,-,09,21802,A,N,D,C,A,A,H,-,A,A,0,,,,,Y,,A,01,0,1,0,0,0,0,0,0,0,"- ","- ",34.159339904785156,-118.25765991210938,"LOS ANGELES",GLENDALE,-118.25774383544922,34.159381866455078
84914506,2025,2025-11-06,1925,2025-10-18,1533,27016,,6,5,6,1925,0,0,0,,0,003,"HAWTHORNE STREET","PACIFIC AVENUE",150.00,E,N,A,-,N,,,,,,,,,,N,4,0,1,2,A,-,09,21804,A,N,D,C,A,A,H,-,A,D,0,,,,,Y,,A,01,0,0,1,0,0,0,0,0,0,"- ","- ",,,"LOS ANGELES",GLENDALE,-118.26358795166016,34.145023345947266
84914508,2025,2025-11-06,1925,2025-10-21,1644,22249,,2,5,6,1925,0,0,0,,0,005,"HONOLULU AVENUE","LOWELL AVENUE",0.00,,Y,A,B,N,,,,,,,,,,Y,4,0,3,3,A,-,12,21453,A,N,D,C,A,A,H,-,A,A,0,,,,,Y,,A,07,0,0,3,0,0,0,0,0,0,"- ","- ",,,"LOS ANGELES",GLENDALE,-118.26618957519531,34.231716156005859
84914509,2025,2025-11-06,1925,2025-10-21,1753,28595,,2,5,6,1925,0,0,0,,0,005,"HONOLULU AVENUE","CLOUD AVENUE",40.00,E,N,A,-,N,,,,,,,,,,N,4,0,1,2,A,-,08,22107,,N,C,E,A,A,H,-,B,D,0,,,,,Y,,A,01,0,0,1,0,0,0,0,0,0,"- ","- ",,,"LOS ANGELES",GLENDALE,-118.24654388427734,34.215534210205078
84914511,2025,2025-11-06,1925,2025-10-22,1345,21055,,3,5,6,1925,0,0,0,,0,004,"MARYLAND AVENUE","LEXINGTON DRIVE",141.00,N,N,A,-,N,,,,,,,,,,N,3,0,1,2,A,-,08,22107,,N,D,C,A,A,H,-,A,D,0,,,,,Y,,A,01,0,1,0,0,0,0,0,0,0,"- ","- ",,,"LOS ANGELES",GLENDALE,-118.25379943847656,34.152156829833984
84914514,2025,2025-12-05,1925,2025-10-22,1709,28043,,3,5,6,1925,0,0,0,,0,001,"GLENOAKS BOULEVARD","THOMPSON AVENUE",0.00,,Y,A,-,N,,,,,,,,,,Y,3,0,1,2,A,-,07,21658,A,N,C,C,A,A,H,-,A,D,0,,,,,Y,,A,07,0,1,0,0,0,0,0,0,0,"- ","- ",34.172489166259766,-118.29152679443359,"LOS ANGELES",GLENDALE,-118.29167938232422,34.172458648681641
84914515,2025,2025-11-06,1925,2025-10-23,1308,27016,,4,5,6,1925,0,0,0,,0,002,"LOS FELIZ ROAD","CENTRAL AVENUE",0.00,,Y,A,-,N,,,,,,,,,,N,4,0,1,2,A,-,09,21801,A,N,D,C,A,A,H,-,A,A,0,,,,,Y,,A,01,0,0,1,0,0,0,0,0,0,"- ","- ",,,"LOS ANGELES",GLENDALE,-118.25780487060547,34.128646850585938
84914516,2025,2025-11-06,1925,2025-10-23,1258,21055,,4,5,6,1925,0,0,0,,0,002,"CENTRAL AVENUE","PIONEER DRIVE",0.00,,Y,A,-,N,,,,,,,,,,N,3,0,1,3,A,-,12,21453,A,N,D,C,A,A,H,-,A,A,0,,,,,Y,,A,07,0,1,0,0,0,0,0,0,0,"- ","- ",,,"LOS ANGELES",GLENDALE,-118.25794219970703,34.155269622802734
84916517,2025,2025-11-07,1925,2025-10-22,1920,30155,,3,5,6,1925,0,0,0,,0,002,"ORANGE STREET","CALIFORNIA AVENUE",0.00,,Y,A,-,N,,,,,,,,,,N,3,0,1,2,A,-,10,21950,A,F,G,B,B,A,H,-,C,A,0,Y,,,,Y,Y,-,99,0,1,0,0,1,0,0,0,0,"- ","- ",34.149879455566406,-118.25639343261719,"LOS ANGELES",GLENDALE,-118.25640869140625,34.149940490722656
84920388,2025,2025-11-11,1925,2025-10-24,1353,21055,,5,5,6,1925,0,0,0,,0,002,"WILSON AVENUE","PACIFIC AVENUE",70.00,E,N,A,-,N,,,,,,,,,,N,4,0,1,2,A,-,03,22350,,N,C,C,A,A,H,-,A,D,0,,,,,Y,,A,01,0,0,1,0,0,0,0,0,0,"- ","- ",,,"LOS ANGELES",GLENDALE,-118.26426696777344,34.14801025390625
84920394,2025,2025-11-11,1925,2025-10-27,"826 ",31342,,1,5,6,1925,0,0,0,,0,001,"CENTRAL AVENUE","GOODE AVENUE",0.00,,Y,B,-,Y,,,,,,,,,,Y,4,0,3,2,A,-,08,22101,D,N,D,C,A,A,H,-,A,A,0,,,,,Y,,D,22,0,0,3,0,0,0,0,0,0,"- ","- ",,,"LOS ANGELES",GLENDALE,-118.25798034667969,34.156745910644531
84924378,2025,2025-11-12,1925,2025-10-18,1906,30157,,6,5,6,1925,0,0,0,,0,001,"GRANGE STREET","SAN FERNANDO ROAD",2.00,S,N,A,-,N,,,,,,,,,,N,3,0,1,2,A,-,08,22107,,N,D,G,A,A,H,-,C,D,0,,Y,,,Y,,A,01,0,1,0,0,0,0,1,0,0,"- ","- ",34.155349731445312,-118.27641296386719,"LOS ANGELES",GLENDALE,,
84924390,2025,2025-11-12,1925,2025-10-22,1727,28595,,3,5,6,1925,0,0,0,,0,001,"SONORA AVENUE","GARDEN STREET",0.00,,Y,A,-,N,,,,,,,,,,N,4,0,1,2,A,-,09,21801,A,N,D,C,A,A,H,-,A,A,0,,,,,Y,,A,01,0,0,1,0,0,0,0,0,0,"- ","- ",,,"LOS ANGELES",GLENDALE,-118.29576110839844,34.158905029296875
84924393,2025,2025-11-12,1925,2025-10-26,"56  ",28594,,7,5,6,1925,0,0,0,,0,004,"MONTEREY ROAD","VERDUGO ROAD",95.00,W,N,A,-,N,,,,,,,,,,N,4,0,1,1,A,-,03,22350,,N,E,I,A,A,H,-,C,A,0,,,,,Y,,A,01,0,0,1,0,0,0,0,0,0,"- ","- ",,,"LOS ANGELES",GLENDALE,-118.23779296875,34.155021667480469
84924410,2025,2025-11-12,1925,2025-10-28,1415,31342,,2,5,6,1925,0,0,0,,0,005,"MARYLAND AVENUE","FOOTHILL BOULEVARD",95.00,S,N,A,-,N,,,,,,,,,,N,4,0,1,2,A,-,21,22106,,M,B,E,A,A,H,-,A,D,0,,,,,Y,,A,07,0,0,1,0,0,0,0,0,0,"- ","- ",34.230808258056641,-118.25058746337891,"LOS ANGELES",GLENDALE,-118.25086975097656,34.230670928955078
84924412,2025,2025-11-12,1925,2025-10-29,1155,31342,,3,5,6,1925,0,0,0,,0,003,"COLORADO STREET","VERDUGO ROAD",0.00,,Y,A,-,N,,,,,,,,,,Y,4,0,1,2,A,-,09,21801,A,N,D,C,A,A,H,-,A,A,0,,,,,Y,,A,07,0,0,1,0,0,0,0,0,0,"- ","- ",,,"LOS ANGELES",GLENDALE,-118.23406982421875,34.142749786376953
84924414,2025,2025-11-12,1925,2025-10-29,1234,21055,,3,5,6,1925,0,0,0,,0,003,"GLENDALE AVENUE","GARFIELD AVENUE",55.00,N,N,A,-,N,,,,,,,,,,N,4,0,2,2,A,-,03,22350,,N,C,C,A,A,H,-,A,B,0,,,,,Y,,A,01,0,0,2,0,0,0,0,0,0,"- ","- ",34.135879516601562,-118.25160217285156,"LOS ANGELES",GLENDALE,-118.25159454345703,34.135978698730469
84924418,2025,2025-11-12,1925,2025-10-29,1449,21089,,3,5,6,1925,0,0,0,,0,004,"CHEVY CHASE DRIVE","GLENOAKS BOULEVARD",260.00,W,N,A,-,N,,,,,,,,,,N,3,0,1,4,A,-,09,21804,A,N,D,C,A,A,H,-,A,D,0,,,,,Y,,A,07,0,1,0,0,0,0,0,0,0,"- ","- ",,,"LOS ANGELES",GLENDALE,-118.2298583984375,34.153152465820312
84924424,2025,2025-11-12,1925,2025-10-29,1954,28769,,3,5,6,1925,0,0,0,,0,005,"HONOLULU AVENUE","WCL OF LA CRESCENTA AVE",12.00,W,N,A,-,N,,,,,,,,,,N,3,0,1,2,A,-,10,21950,A,N,G,B,B,A,H,-,C,A,0,Y,,,,Y,,A,07,0,1,0,0,1,0,0,0,0,"- ","- ",,,"LOS ANGELES",GLENDALE,-118.24002838134766,34.211479187011719
84925327,2025,2025-11-12,1925,2025-10-31,1739,30120,,5,5,6,1925,0,0,0,,0,004,"LOUISE STREET","CALIFORNIA AVENUE",0.00,,Y,A,-,N,,,,,,,,,,N,3,0,1,2,A,-,09,21800,A,N,D,G,A,A,H,-,C,D,0,,Y,,,Y,,-,"- ",0,1,0,0,0,0,1,0,0,"- ","- ",34.149948120117188,-118.25263214111328,"LOS ANGELES",GLENDALE,-118.25267028808594,34.149925231933594
84927284,2025,2025-11-13,1925,2025-10-31,2350,29009,,5,5,6,1925,0,0,0,,0,002,"CENTRAL AVENUE","CHEVY CHASE DRIVE",45.00,N,N,A,-,N,,,,,,,,,,N,3,0,1,2,A,-,03,22350,,N,C,C,A,A,H,-,C,A,0,,,,,Y,,A,07,0,1,0,0,0,0,0,0,0,"- ","- ",34.133399963378906,-118.25791168212891,"LOS ANGELES",GLENDALE,-118.25783538818359,34.133632659912109
84927286,2025,2025-11-13,1925,2025-11-02,1653,31099,,7,5,6,1925,0,0,0,,0,001,"SAN FERNANDO ROAD","WESTERN AVENUE",39.00,W,N,A,-,N,,,,,,,,,,Y,4,0,1,2,C,-,18,,,N,C,C,A,A,H,-,B,A,0,,,,,Y,,-,"- ",0,0,1,0,0,0,0,0,0,"- ","- ",,,"LOS ANGELES",GLENDALE,-118.29227447509766,34.168861389160156
84932019,2025,2025-11-17,1925,2025-10-24,1322,30591,,5,5,6,1925,0,0,0,,0,002,"GALLERIA WAY","COLORADO STREET",160.00,N,N,A,-,N,,,,,,,,,,N,3,0,1,2,A,-,03,22350,,N,C,C,A,A,H,-,A,D,0,,,,,Y,Y,A,01,0,1,0,0,0,0,0,0,0,"- ","- ",34.142429351806641,-118.25926208496094,"LOS ANGELES",GLENDALE,-118.25916290283203,34.142990112304688
84932021,2025,2025-11-17,1925,2025-10-30,1326,30591,,4,5,6,1925,0,0,0,,0,004,"STOCKER STREET","CAMPBELL STREET",5.00,E,N,A,-,N,,,,,,,,,,N,2,0,1,2,A,-,10,21950,A,N,G,B,B,A,H,-,A,A,0,Y,,,,Y,,A,07,1,0,0,0,1,0,0,0,0,"- ","- ",34.163658142089844,-118.25113677978516,"LOS ANGELES",GLENDALE,-118.25120544433594,34.163688659667969
84932029,2025,2025-11-17,1925,2025-11-03,1223,28595,,1,5,6,1925,0,0,0,,0,001,"STOCKER STREET","CENTRAL AVENUE",0.00,,Y,A,-,N,,,,,,,,,,N,3,0,1,2,A,-,10,21950,A,N,G,B,B,A,H,-,A,A,0,Y,,,,Y,,A,07,0,1,0,0,1,0,0,0,0,"- ","- ",,,"LOS ANGELES",GLENDALE,-118.25689697265625,34.163719177246094
84932032,2025,2025-11-17,1925,2025-11-03,1612,28595,,1,5,6,1925,0,0,0,,0,004,"CAMINO SAN RAFAEL","EMERALD ISLE DRIVE",4850.00,W,N,A,-,N,,,,,,,,,,N,3,0,1,1,A,-,03,22350,,N,E,I,A,A,H,-,A,D,0,,,,,Y,,A,01,0,1,0,0,0,0,0,0,0,"- ","- ",34.181121826171875,-118.21031188964844,"LOS ANGELES",GLENDALE,-118.21433258056641,34.170646667480469
84932516,2025,2025-11-17,1925,2025-10-29,1559,21055,,3,5,6,1925,0,0,0,,0,005,"DUNSMORE AVENUE","ALTURA AVENUE",0.00,,Y,A,-,N,,,,,,,,,,N,4,0,2,2,A,-,12,22450,A,N,D,C,A,A,H,-,A,A,0,,,,,Y,,A,01,0,0,2,0,0,0,0,0,0,"- ","- ",,,"LOS ANGELES",GLENDALE,-118.25743103027344,34.230438232421875
84932518,2025,2025-11-17,1925,2025-11-04,"851 ",22249,,2,5,6,1925,0,0,0,,0,004,"GLENDALE AVENUE","GLENOAKS BOULEVARD",393.00,N,N,A,-,N,,,,,,,,,,Y,4,0,1,2,A,-,07,21658,A,M,H,A,A,A,H,-,A,D,0,,,,,Y,,A,01,0,0,1,0,0,0,0,0,0,"- ","- ",,,"LOS ANGELES",GLENDALE,-118.23908233642578,34.159641265869141
84932519,2025,2025-11-17,1925,2025-11-04,1328,27629,,2,5,6,1925,0,0,0,,0,003,"COLORADO STREET","EVERETT STREET",14.00,W,N,A,-,N,,,,,,,,,,N,3,0,1,2,A,-,10,21950,A,N,G,B,B,A,H,-,A,A,0,Y,,,,Y,,A,07,0,1,0,0,1,0,0,0,0,"- ","- ",34.142658233642578,-118.24559020996094,"LOS ANGELES",GLENDALE,-118.24560546875,34.142669677734375
84932524,2025,2025-11-17,1925,2025-11-05,1748,28595,,3,5,6,1925,0,0,0,,0,003,"COLORADO STREET","LINCOLN AVENUE",145.00,E,N,A,-,N,,,,,,,,,,Y,3,0,1,1,A,-,03,22350,,N,E,I,A,A,H,-,C,D,0,,,,,Y,,A,01,0,1,0,0,0,0,0,0,0,"- ","- ",34.142730712890625,-118.22955322265625,"LOS ANGELES",GLENDALE,-118.22904205322266,34.142768859863281
84932527,2025,2025-11-17,1925,2025-11-05,"830 ",24810,,3,5,6,1925,0,0,0,,0,004,"GLENDALE AVENUE","MONTEREY ROAD",0.00,,Y,A,-,N,,,,,,,,,,N,4,0,1,2,A,-,05,21650,1,N,D,G,A,A,H,-,A,A,0,,Y,,,Y,,L,04,0,0,1,0,0,0,1,0,0,"- ","- ",34.156219482421875,-118.24192047119141,"LOS ANGELES",GLENDALE,-118.24192047119141,34.15618896484375
84932938,2025,2025-11-17,1925,2025-11-04,1613,31342,,2,5,6,1925,0,0,0,,0,005,"HONOLULU AVENUE","DUNSMORE AVENUE",0.00,,Y,A,-,N,,,,,,,,,,N,4,0,1,2,A,-,05,21460,A,N,D,C,A,A,H,-,A,A,0,,,Y,,Y,,A,01,0,0,1,0,0,0,0,0,1,"- ","- ",,,"LOS ANGELES",GLENDALE,-118.25746917724609,34.22589111328125
84934965,2025,2025-11-18,1925,2025-11-05,1630,26161,,3,5,6,1925,0,0,0,,0,003,"CHEVY CHASE DRIVE","ADAMS STREET",138.00,E,N,A,-,N,,,,,,,,,,N,3,0,1,3,A,-,07,21658,A,N,C,E,A,A,H,-,A,D,0,,,,,Y,,A,01,0,1,0,0,0,0,0,0,0,"- ","- ",,,"LOS ANGELES",GLENDALE,-118.24129486083984,34.133926391601562
84936794,2025,2025-11-19,1925,2025-11-08,2356,30417,,6,5,6,1925,0,0,0,,0,002,"COLORADO STREET","CENTRAL AVENUE",0.00,,Y,A,-,N,,,,,,,,,,N,4,0,1,2,A,-,10,21950,A,F,G,B,B,A,H,-,C,A,0,Y,,,,Y,,-,99,0,0,1,0,1,0,0,0,0,"- ","- ",34.142570495605469,-118.25788116455078,"LOS ANGELES",GLENDALE,-118.25787353515625,34.142543792724609
84940865,2025,2025-11-21,1925,2025-10-22,2134,30530,,3,5,6,1925,0,0,0,,0,004,"CANADA BOULEVARD","VERDUGO PARK",0.00,N,Y,A,-,N,,,,,,,,,,N,4,0,1,2,A,-,03,22350,,N,C,C,A,A,H,-,C,A,0,,,,,Y,,A,01,0,0,1,0,0,0,0,0,0,"- ","- ",,,"LOS ANGELES",GLENDALE,-118.23011016845703,34.167320251464844
84940868,2025,2025-11-21,1925,2025-11-06,1659,27016,,4,5,6,1925,0,0,0,,0,003,"GLENDALE AVENUE","RALEIGH STREET",0.00,,Y,A,-,N,,,,,,,,,,Y,4,0,1,2,A,-,05,21650,,N,D,C,A,A,H,-,B,A,0,,,,,Y,,A,01,0,0,1,0,0,0,0,0,0,"- ","- ",,,"LOS ANGELES",GLENDALE,-118.25121307373047,34.138107299804688
84940872,2025,2025-11-21,1925,2025-11-09,1203,29008,,7,5,6,1925,0,0,0,,0,004,"LOUISE STREET","LEXINGTON DRIVE",300.00,N,N,A,-,N,,,,,,,,,,N,4,0,1,2,A,-,09,21804,A,N,D,C,A,A,H,-,A,A,0,,,,,Y,,A,01,0,0,1,0,0,0,0,0,0,"- ","- ",34.151790618896484,-118.25263214111328,"LOS ANGELES",GLENDALE,-118.25266265869141,34.152591705322266
84944357,2025,2025-11-24,1925,2025-10-26,1640,29788,,7,5,6,1925,0,0,0,,0,001,"CUMBERLAND ROAD","HILLCREST AVENUE (E)",0.00,,Y,-,-,N,,,,,,,,,,N,4,0,2,2,A,-,09,21802,A,N,D,C,A,A,H,-,A,A,0,,,,,Y,,A,07,0,0,2,0,0,0,0,0,0,"- ","- ",34.174331665039062,-118.26824188232422,"LOS ANGELES",GLENDALE,-118.26882171630859,34.174556732177734
84944358,2025,2025-11-24,1925,2025-11-08,2356,30342,,6,5,6,1925,0,0,0,,0,001,"SAN FERNANDO ROAD","LINDEN AVENUE (E)",65.00,W,N,A,-,N,,,,,,,,,,Y,4,0,1,2,A,-,08,22107,,N,C,C,A,A,H,-,C,D,0,,,,,Y,,A,07,0,0,1,0,0,0,0,0,0,"- ","- ",,,"LOS ANGELES",GLENDALE,-118.29714965820312,34.172412872314453
84949839,2025,2025-11-27,1925,2025-11-01,1938,30120,,6,5,6,1925,0,0,0,,0,002,"GOODE AVENUE","ECL OF N CENTRAL AVE",50.00,E,N,A,-,N,,,,,,,,,,N,4,0,1,2,A,-,03,22350,,F,C,C,A,A,H,-,C,A,0,,,,,Y,Y,-,99,0,0,1,0,0,0,0,0,0,"- ","- ",,,"LOS ANGELES",GLENDALE,-118.2578125,34.156749725341797
84949841,2025,2025-11-27,1925,2025-11-10,2145,30120,,1,5,6,1925,0,0,0,,0,004,"FERN LANE","DELISLE COURT",20.00,E,N,A,-,N,,,,,,,,,,N,4,0,1,2,A,-,03,22350,,N,C,C,A,A,H,-,C,D,0,,,,,Y,,A,01,0,0,1,0,0,0,0,0,0,"- ","- ",34.183708190917969,-118.21901702880859,"LOS ANGELES",GLENDALE,-118.21907806396484,34.183944702148438
84949843,2025,2025-11-27,1925,2025-11-13,1008,30591,,4,5,6,1925,0,0,0,,0,001,"SAN FERNANDO ROAD","WINCHESTER AVENUE",80.00,S,N,B,-,N,,,,,,,,,,N,4,0,1,2,A,-,09,21804,A,N,D,C,A,A,H,-,A,D,0,,,,,Y,,A,07,0,0,1,0,0,0,0,0,0,"- ","- ",34.167911529541016,-118.29100799560547,"LOS ANGELES",GLENDALE,-118.29097747802734,34.167919158935547
84949844,2025,2025-11-27,1925,2025-11-13,"953 ",28043,,4,5,6,1925,0,0,0,,0,005,"HONOLULU AVENUE","ROSEMONT AVENUE",0.00,,Y,A,-,N,,,,,,,,,,N,3,0,1,2,A,-,12,22450,A,N,D,C,A,A,H,-,A,A,0,,,,,Y,,A,07,0,1,0,0,0,0,0,0,0,"- ","- ",34.208530426025391,-118.2352294921875,"LOS ANGELES",GLENDALE,-118.23525238037109,34.208515167236328
84949851,2025,2025-11-27,1925,2025-11-15,1751,25649,,6,5,6,1925,0,0,0,,0,001,"SONORA AVENUE","GARDEN STREET",57.00,N,N,C,-,N,,,,,,,,,,Y,4,0,1,2,A,-,08,22107,,N,D,C,A,B,H,-,D,D,0,,,,,Y,,A,01,0,0,1,0,0,0,0,0,0,"- ","- ",34.158908843994141,-118.29570007324219,"LOS ANGELES",GLENDALE,-118.29563140869141,34.159023284912109
84951002,2025,2025-12-01,1925,2025-11-10,1228,30416,,1,5,6,1925,0,0,0,,0,002,"CENTRAL AVENUE","SANCHEZ DRIVE",0.00,,Y,A,-,N,,,,,,,,,,N,4,0,1,2,A,-,08,22100,A,N,B,C,A,A,H,-,A,A,0,,,,,Y,,A,01,0,0,1,0,0,0,0,0,0,"- ","- ",34.156040191650391,-118.25797271728516,"LOS ANGELES",GLENDALE,-118.25794982910156,34.156024932861328
84951003,2025,2025-12-01,1925,2025-11-12,2154,22359,,3,5,6,1925,0,0,0,,0,001,"CENTRAL AVENUE","STOCKER STREET",11.00,S,N,A,-,N,,,,,,,,,,N,3,0,1,2,A,-,10,21950,A,N,G,B,B,A,H,-,C,A,0,Y,,,,Y,,A,01,0,1,0,0,1,0,0,0,0,"- ","- ",34.163681030273438,-118.25682830810547,"LOS ANGELES",GLENDALE,-118.25689697265625,34.163688659667969
84951004,2025,2025-12-01,1925,2025-11-17,1616,29326,,1,5,6,1925,0,0,0,,0,002,"COLUMBUS AVENUE","IVY STREET",0.00,,Y,C,-,N,,,,,,,,,,Y,4,0,1,2,A,-,09,21804,A,N,D,C,A,B,H,-,B,D,0,,,,,Y,,A,07,0,0,1,0,0,0,0,0,0,"- ","- ",34.145759582519531,-118.26091766357422,"LOS ANGELES",GLENDALE,-118.26084136962891,34.1458740234375
84951401,2025,2025-12-01,1925,2025-11-11,"51  ",29572,,2,5,6,1925,0,0,0,,0,003,"ADAMS STREET","PALMER AVENUE",37.00,N,N,A,-,N,,,,,,,,,,N,4,0,1,2,A,-,03,22350,,N,C,C,A,A,H,-,C,D,0,,,,,Y,,A,01,0,0,1,0,0,0,0,0,0,"- ","- ",34.13262939453125,-118.24212646484375,"LOS ANGELES",GLENDALE,-118.24208831787109,34.132694244384766
84951403,2025,2025-12-01,1925,2025-11-11,1456,31343,,2,5,6,1925,0,0,0,,0,004,"CALIFORNIA AVENUE","JACKSON STREET",12.00,W,N,A,-,N,,,,,,,,,,N,3,0,1,2,A,-,05,21650,,N,D,C,A,A,H,-,A,A,0,,,Y,,Y,,C,03,0,1,0,0,0,0,0,0,1,"- ","- ",34.149959564208984,-118.25010681152344,"LOS ANGELES",GLENDALE,-118.25018310546875,34.149959564208984
84951404,2025,2025-12-01,1925,2025-11-11,1505,26039,,2,5,6,1925,0,0,0,,0,001,"GLENOAKS BOULEVARD","NEWBY STREET",43.00,W,N,A,-,N,,,,,,,,,,N,4,0,1,2,A,-,01,23152,F,N,C,E,A,A,H,-,A,A,0,,,,,Y,,A,01,0,0,1,0,0,0,0,0,0,"- ","- ",34.165908813476562,-118.28254699707031,"LOS ANGELES",GLENDALE,-118.28275299072266,34.16595458984375
84951405,2025,2025-12-01,1925,2025-11-11,1606,31343,,2,5,6,1925,0,0,0,,0,003,"CHEVY CHASE DRIVE","BRAND BOULEVARD",9.00,E,N,A,-,N,,,,,,,,,,N,4,0,1,2,A,-,03,22350,,M,C,C,A,A,H,-,A,A,0,,,,,Y,,D,22,0,0,1,0,0,0,0,0,0,"- ","- ",,,"LOS ANGELES",GLENDALE,-118.25483703613281,34.133510589599609
84951409,2025,2025-12-01,1925,2025-11-14,1341,30591,,5,5,6,1925,0,0,0,,0,001,"WONDERVIEW DRIVE","NOLAN AVENUE",317.00,E,N,B,C,N,,,,,,,,,,N,3,0,1,2,A,-,03,22350,,N,A,E,A,B,H,-,A,D,0,,,,,Y,,A,01,0,1,0,0,0,0,0,0,0,"- ","- ",34.177898406982422,-118.26181030273438,"LOS ANGELES",GLENDALE,-118.26104736328125,34.177639007568359
84951410,2025,2025-12-01,1925,2025-11-15,"812 ",30591,,6,5,6,1925,0,0,0,,0,002,"BRAND BOULEVARD","WILSON AVENUE",21.00,N,N,B,C,N,,,,,,,,,,N,2,0,1,2,A,-,00,21456,1,N,G,B,B,B,H,-,A,A,0,Y,,,,Y,,N,60,1,0,0,0,1,0,0,0,0,"- ","- ",34.148189544677734,-118.25511169433594,"LOS ANGELES",GLENDALE,-118.25495910644531,34.148117065429688
84951412,2025,2025-12-01,1925,2025-11-17,"822 ",31344,,1,5,6,1925,0,0,0,,0,003,"GLENDALE AVENUE","CYPRESS STREET (N)",0.00,,Y,A,-,N,,,,,,,,,,Y,4,0,3,2,A,-,09,21802,A,N,D,C,A,B,H,-,A,A,0,,,,,Y,,A,01,0,0,3,0,0,0,0,0,0,"- ","- ",,,"LOS ANGELES",GLENDALE,-118.25257110595703,34.129810333251953
84951413,2025,2025-12-01,1925,2025-11-17,1525,27629,,1,5,6,1925,0,0,0,,0,004,"GLENDALE AVENUE","LEXINGTON DRIVE",20.00,N,N,B,C,N,,,,,,,,,,N,3,0,1,2,A,-,05,21650,1,N,B,G,A,A,H,-,A,A,0,,Y,,,Y,,L,04,0,1,0,0,0,0,1,0,0,"- ","- ",34.151790618896484,-118.24474334716797,"LOS ANGELES",GLENDALE,-118.24474334716797,34.151840209960938
84953608,2025,2025-12-02,1925,2025-11-17,1541,31344,,1,5,6,1925,0,0,0,,0,004,"LOUISE STREET","LEXINGTON DRIVE",0.00,,Y,C,-,N,,,,,,,,,,N,3,0,1,2,A,-,09,21804,A,N,H,G,A,B,H,-,A,A,0,,Y,,,Y,,L,04,0,1,0,0,0,0,1,0,0,"- ","- ",34.151649475097656,-118.25264739990234,"LOS ANGELES",GLENDALE,-118.25266265869141,34.151767730712891
84953610,2025,2025-12-02,1925,2025-11-19,1137,26039,,3,5,6,1925,0,0,0,,0,004,"VERDUGO ROAD","MOUNTAIN STREET",286.00,S,N,A,-,N,,,,,,,,,,Y,3,0,1,2,A,-,03,22350,,N,D,C,A,A,H,-,A,A,0,,,,,Y,,A,01,0,1,0,0,0,0,0,0,0,"- ","- ",34.164859771728516,-118.23204803466797,"LOS ANGELES",GLENDALE,-118.23274993896484,34.16448974609375
84955315,2025,2025-12-03,1925,2025-11-20,1423,31343,,4,5,6,1925,0,0,0,,0,004,"COLORADO STREET","BRAND BOULEVARD",157.00,E,N,B,C,N,,,,,,,,,,Y,4,0,1,2,A,-,09,21804,A,N,D,C,A,B,H,-,A,D,0,,,,,Y,,A,07,0,0,1,0,0,0,0,0,0,"- ","- ",34.142459869384766,-118.25504302978516,"LOS ANGELES",GLENDALE,-118.25440979003906,34.142578125
84955316,2025,2025-12-03,1925,2025-11-20,1436,31343,,4,5,6,1925,0,0,0,,0,001,"VICTORY BOULEVARD","WESTERN AVENUE",0.00,,Y,B,C,N,,,,,,,,,,N,2,0,1,2,A,-,17,21235,G,N,D,C,A,B,H,-,D,A,0,,,Y,,Y,,C,03,1,0,0,0,0,0,0,0,1,"- ","- ",34.161128997802734,-118.3001708984375,"LOS ANGELES",GLENDALE,-118.30020141601562,34.161136627197266
84955317,2025,2025-12-03,1925,2025-11-21,"920 ",31343,,5,5,6,1925,0,0,0,,0,005,"HONOLULU AVENUE","CAL TRANS LIGHT POLE #GFS 15814",120.00,W,N,B,C,N,,,,,,,,,,Y,2,0,1,1,C,-,18,,,N,E,I,A,B,H,-,A,D,0,,,,,Y,,-,"- ",1,0,0,0,0,0,0,0,0,"- ","- ",,,"LOS ANGELES",GLENDALE,,
84955320,2025,2025-12-03,1925,2025-11-22,1222,31343,,6,5,6,1925,0,0,0,,0,002,"CENTRAL AVENUE","RIVERDALE DRIVE",0.00,,Y,A,-,N,,,,,,,,,,Y,4,0,2,2,A,-,09,21801,A,N,D,C,A,A,H,-,A,D,0,,,,,Y,,A,01,0,0,2,0,0,0,0,0,0,"- ","- ",34.138771057128906,-118.25787353515625,"LOS ANGELES",GLENDALE,-118.25787353515625,34.138736724853516
84960829,2025,2025-12-08,1925,2025-11-19,2008,24810,,3,5,6,1925,0,0,0,,0,004,"ISABEL STREET","CALIFORNIA AVENUE",0.00,,Y,A,-,N,,,,,,,,,,Y,4,0,4,2,A,-,08,22107,,N,A,C,A,A,H,-,C,A,0,,,,,Y,,D,22,0,0,4,0,0,0,0,0,0,"- ","- ",34.149978637695312,-118.24886322021484,"LOS ANGELES",GLENDALE,-118.24888610839844,34.149967193603516
84960832,2025,2025-12-08,1925,2025-11-23,1320,21089,,7,5,6,1925,0,0,0,,0,002,"GALLERIA WAY","COLORADO STREET",30.00,N,N,A,-,N,,,,,,,,,,N,4,0,1,2,A,-,03,22350,,M,C,C,A,A,H,-,A,D,0,,,,,Y,,A,01,0,0,1,0,0,0,0,0,0,"- ","- ",,,"LOS ANGELES",GLENDALE,-118.25917053222656,34.142631530761719
84960833,2025,2025-12-08,1925,2025-11-24,1248,21089,,1,5,6,1925,0,0,0,,0,003,"GLENDALE AVENUE","CHESTNUT STREET",0.00,,Y,A,-,N,,,,,,,,,,N,4,0,1,2,A,-,10,21950,A,N,G,B,B,A,H,-,A,A,0,Y,,,,Y,,A,01,0,0,1,0,1,0,0,0,0,"- ","- ",,,"LOS ANGELES",GLENDALE,-118.25054931640625,34.139881134033203
84960835,2025,2025-12-08,1925,2025-11-24,1742,28595,,1,5,6,1925,0,0,0,,0,002,"CENTRAL AVENUE","LOMITA AVENUE (N)",0.00,,Y,A,-,N,,,,,,,,,,N,4,0,1,2,A,-,09,21801,A,N,D,C,A,A,H,-,C,A,0,,,Y,,Y,,A,01,0,0,1,0,0,0,0,0,1,"- ","- ",,,"LOS ANGELES",GLENDALE,-118.25785827636719,34.139907836914062
84960837,2025,2025-12-08,1925,2025-11-25,1723,22249,,2,5,6,1925,0,0,0,,0,003,"MAPLE STREET","GRANADA STREET",0.00,,Y,A,-,N,,,,,,,,,,N,3,0,1,2,A,-,10,21950,A,N,G,B,B,A,H,-,C,A,0,Y,,,,Y,,A,01,0,1,0,0,1,0,0,0,0,"- ","- ",,,"LOS ANGELES",GLENDALE,-118.24835968017578,34.138988494873047
84967254,2025,2025-12-11,1925,2025-11-21,2142,30063,,5,5,6,1925,0,0,0,,0,004,"CHEVY CHASE DRIVE","CALIFORNIA AVENUE",0.00,,Y,A,-,N,,,,,,,,,,N,3,0,3,2,A,-,03,22350,,N,C,D,A,A,H,-,D,D,0,,,,,Y,,A,01,0,3,0,0,0,0,0,0,0,"- ","- ",34.149871826171875,-118.23874664306641,"LOS ANGELES",GLENDALE,-118.23876190185547,34.149887084960938
84967257,2025,2025-12-11,1925,2025-11-28,1730,31090,,5,5,6,1925,0,0,0,,0,002,"SAN FERNANDO ROAD","HARVARD STREET",20.00,S,N,A,-,N,,,,,,,,,,Y,4,0,1,2,A,-,06,21751,,N,D,C,A,A,H,-,C,A,0,,,,,Y,,-,"- ",0,0,1,0,0,0,0,0,0,"- ","- ",34.144340515136719,-118.27053833007812,"LOS ANGELES",GLENDALE,-118.27053070068359,34.144279479980469
84969206,2025,2025-12-12,1925,2025-11-14,1430,27377,,5,5,6,1925,0,0,0,,0,002,"GALLERIA WAY","COLORADO STREET",165.00,N,N,A,B,N,,,,,,,,,,N,4,0,1,2,A,-,10,21950,A,N,G,B,B,A,H,-,A,D,0,Y,,,,Y,,A,01,0,0,1,0,1,0,0,0,0,"- ","- ",34.142429351806641,-118.25926208496094,"LOS ANGELES",GLENDALE,-118.25916290283203,34.143001556396484
84969208,2025,2025-12-12,1925,2025-11-23,1234,21055,,7,5,6,1925,0,0,0,,0,003,"MAPLE STREET","EVERETT STREET",112.00,E,N,A,-,N,,,,,,,,,,N,3,0,1,1,A,-,03,22350,,N,E,I,A,A,H,-,A,D,0,,,,,Y,,A,01,0,1,0,0,0,0,0,0,0,"- ","- ",34.139019012451172,-118.24616241455078,"LOS ANGELES",GLENDALE,-118.24580383300781,34.138988494873047
84969211,2025,2025-12-12,1925,2025-11-26,1207,30591,,3,5,6,1925,0,0,0,,0,002,"COLORADO STREET","PACIFIC AVENUE",314.00,W,N,A,-,N,,,,,,,,,,N,4,0,2,2,A,-,03,22350,,N,C,C,A,A,H,-,A,D,0,,,,,Y,,A,07,0,0,2,0,0,0,0,0,0,"- ","- ",34.142440795898438,-118.26557159423828,"LOS ANGELES",GLENDALE,-118.26545715332031,34.142520904541016
84969213,2025,2025-12-12,1925,2025-11-28,1132,31344,,5,5,6,1925,0,0,0,,0,002,"RIVERDALE DRIVE","PACIFIC AVENUE",167.00,E,N,A,-,N,,,,,,,,,,N,4,0,2,2,A,-,09,21804,A,N,D,C,A,A,H,-,A,D,0,,,,,Y,,A,01,0,0,2,0,0,0,0,0,0,"- ","- ",,,"LOS ANGELES",GLENDALE,-118.26386260986328,34.138713836669922
84969216,2025,2025-12-16,1925,2025-11-30,"53  ",30120,,7,5,6,1925,0,0,0,,0,004,"BRAND BOULEVARD","SANCHEZ DRIVE",0.00,,Y,A,-,N,,,,,,,,,,Y,3,0,2,2,B,-,22,,,N,D,C,A,A,H,-,C,A,0,,,,,Y,,J,48,0,1,1,0,0,0,0,0,0,"- ","- ",34.155849456787109,-118.25507354736328,"LOS ANGELES",GLENDALE,-118.25514221191406,34.155937194824219
84969224,2025,2025-12-12,1925,2025-12-01,1409,22249,,1,5,6,1925,0,0,0,,0,004,"LOUISE STREET","DRYDEN STREET",0.00,,Y,A,-,N,,,,,,,,,,N,4,0,1,2,A,-,09,21800,A,M,D,C,A,A,H,-,A,A,0,,,,,Y,,A,01,0,0,1,0,0,0,0,0,0,"- ","- ",,,"LOS ANGELES",GLENDALE,-118.25270843505859,34.161445617675781
84970745,2025,2025-12-15,1925,2025-12-01,"911 ",28595,,1,5,6,1925,0,0,0,,0,003,"VERDUGO ROAD",BROADWAY,155.00,N,N,A,-,N,,,,,,,,,,N,3,0,1,2,A,-,17,21235,G,N,D,C,A,A,H,-,A,D,0,,,Y,,Y,,C,03,0,1,0,0,0,0,0,0,1,"- ","- ",,,"LOS ANGELES",GLENDALE,,
84970748,2025,2025-12-15,1925,2025-12-02,1212,22249,,2,5,6,1925,0,0,0,,0,005,"VERDUGO ROAD","BROADVIEW DRIVE",0.00,,Y,A,-,N,,,,,,,,,,Y,4,0,1,3,A,-,12,21453,A,N,D,C,A,A,H,-,A,A,0,,,,,Y,,A,01,0,0,1,0,0,0,0,0,0,"- ","- ",,,"LOS ANGELES",GLENDALE,-118.22606658935547,34.203697204589844
84971147,2025,2025-12-15,1925,2025-11-21,1624,28043,,5,5,6,1925,0,0,0,,0,004,"VERDUGO ROAD","MONTEREY ROAD",190.00,N,N,A,-,N,,,,,,,,,,Y,3,0,1,2,A,-,08,22103,,F,D,C,A,B,H,-,B,D,0,,,,,Y,,D,22,0,1,0,0,0,0,0,0,0,"- ","- ",34.154861450195312,-118.23745727539062,"LOS ANGELES",GLENDALE,-118.23748779296875,34.155494689941406
84971151,2025,2025-12-15,1925,2025-12-01,1301,28418,,1,5,6,1925,0,0,0,,0,004,"CHEVY CHASE DRIVE","WILSON AVENUE",50.00,N,N,A,-,N,,,,,,,,,,N,4,0,1,2,C,-,18,,,N,B,E,A,A,H,-,A,D,0,,,,,Y,,-,"- ",0,0,1,0,0,0,0,0,0,"- ","- ",34.1480712890625,-118.23948669433594,"LOS ANGELES",GLENDALE,-118.23947143554688,34.148235321044922
84971153,2025,2025-12-15,1925,2025-12-02,1048,27629,,2,5,6,1925,0,0,0,,0,004,"LOUISE STREET","CALIFORNIA AVENUE",0.00,W,Y,A,-,N,,,,,,,,,,N,4,0,2,3,A,-,12,22450,A,N,D,E,A,A,H,-,A,A,0,,,,,Y,,A,01,0,0,2,0,0,0,0,0,0,"- ","- ",,,"LOS ANGELES",GLENDALE,-118.25267028808594,34.149925231933594
84971472,2025,2025-12-15,1925,2025-11-30,1615,28594,,7,5,6,1925,0,0,0,,0,004,"CHEVY CHASE DRIVE","GLENMORE BOULEVARD",17.00,W,N,A,-,N,,,,,,,,,,N,3,0,1,2,A,-,03,22350,,F,G,B,D,A,H,-,A,D,0,Y,,,,Y,,-,99,0,1,0,0,1,0,0,0,0,"- ","- ",34.154090881347656,-118.22772979736328,"LOS ANGELES",GLENDALE,-118.22777557373047,34.154075622558594
84978653,2025,2025-12-19,1925,2025-12-06,"803 ",29008,,6,5,6,1925,0,0,0,,0,001,"GLENOAKS BOULEVARD","ALLEN AVENUE",25.00,W,N,A,-,N,,,,,,,,,,Y,4,0,2,2,A,-,12,21453,A,N,D,C,A,A,H,-,A,A,0,,,,,Y,,A,07,0,0,2,0,0,0,0,0,0,"- ","- ",34.173931121826172,-118.29355621337891,"LOS ANGELES",GLENDALE,-118.29366302490234,34.173904418945312
84978657,2025,2025-12-19,1925,2025-12-08,1423,31455,,1,5,6,1925,0,0,0,,0,003,"ADAMS STREET","GARFIELD AVENUE",0.00,,Y,A,-,N,,,,,,,,,,N,3,0,1,2,A,-,12,22450,A,N,D,C,A,A,H,-,A,D,0,,,,,Y,,A,01,0,1,0,0,0,0,0,0,0,"- ","- ",34.136009216308594,-118.24176025390625,"LOS ANGELES",GLENDALE,-118.24176025390625,34.135990142822266
84980671,2025,2025-12-22,1925,2025-11-02,"118 ",30705,,7,5,6,1925,0,0,0,,0,005,"LA CRESCENTA AVENUE","INVALE DRIVE",0.00,,Y,B,-,N,,,,,,,,,,Y,2,0,1,4,A,-,01,23152,A,N,A,E,A,A,H,-,C,A,0,,,,,Y,Y,A,07,1,0,0,0,0,0,0,0,0,"- ","- ",34.207790374755859,-118.24005126953125,"LOS ANGELES",GLENDALE,-118.24002838134766,34.207759857177734
84980672,2025,2025-12-22,1925,2025-11-29,1515,30591,,6,5,6,1925,0,0,0,,0,002,"COLUMBUS AVENUE","ELK AVENUE",0.00,,Y,A,-,N,,,,,,,,,,N,4,0,2,2,A,-,09,21801,A,F,D,C,A,A,H,-,A,A,0,,,,,Y,,A,01,0,0,2,0,0,0,0,0,0,"- ","- ",34.141681671142578,-118.26091766357422,"LOS ANGELES",GLENDALE,-118.26093292236328,34.14166259765625
84980674,2025,2025-12-22,1925,2025-12-03,1200,24810,,3,5,6,1925,0,0,0,,0,005,"ENCINAL AVENUE","NEW YORK AVENUE",100.00,W,N,A,-,N,,,,,,,,,,N,3,0,1,2,A,-,08,22107,,N,G,B,E,A,H,-,A,D,0,Y,,,,Y,,A,07,0,1,0,0,1,0,0,0,0,"- ","- ",34.226860046386719,-118.2530517578125,"LOS ANGELES",GLENDALE,-118.25333404541016,34.226970672607422
84980678,2025,2025-12-22,1925,2025-12-05,1141,28922,,5,5,6,1925,0,0,0,,0,003,"ACACIA AVENUE","FISCHER STREET",137.00,W,N,A,-,N,,,,,,,,,,N,4,0,1,2,A,-,08,22107,,N,B,E,A,A,H,-,A,D,0,,,,,Y,,A,07,0,0,1,0,0,0,0,0,0,"- ","- ",,,"LOS ANGELES",GLENDALE,-118.23625946044922,34.13555908203125
84980680,2025,2025-12-22,1925,2025-12-05,"925 ",31344,,5,5,6,1925,0,0,0,,0,004,"VERDUGO ROAD","SHERER LANE",10.00,E,N,A,-,N,,,,,,,,,,N,4,0,1,2,A,-,10,21950,A,M,G,B,B,A,H,-,A,D,0,Y,,,,Y,,D,22,0,0,1,0,1,0,0,0,0,"- ","- ",34.173141479492188,-118.226318359375,"LOS ANGELES",GLENDALE,-118.22639465332031,34.173347473144531
84980682,2025,2025-12-22,1925,2025-12-08,"724 ",30859,,1,5,6,1925,0,0,0,,0,002,"LOS FELIZ ROAD","SAN FERNANDO ROAD",0.00,,Y,A,-,N,,,,,,,,,,N,3,0,1,2,A,-,00,21456,1,N,G,B,B,A,H,-,A,A,0,Y,,,,Y,,N,60,0,1,0,0,1,0,0,0,0,"- ","- ",34.128261566162109,-118.25933837890625,"LOS ANGELES",GLENDALE,-118.25923919677734,34.128334045410156
84980683,2025,2025-12-22,1925,2025-12-08,"747 ",27629,,1,5,6,1925,0,0,0,,0,002,"BRAND BOULEVARD","SANCHEZ DRIVE",22.00,E,N,A,-,N,,,,,,,,,,N,4,0,4,2,A,-,12,21453,A,N,D,C,A,A,H,-,A,A,0,,,,,Y,,-,"- ",0,0,4,0,0,0,0,0,0,"- ","- ",34.155948638916016,-118.25508117675781,"LOS ANGELES",GLENDALE,,
84980685,2025,2025-12-22,1925,2025-12-08,1028,21089,,1,5,6,1925,0,0,0,,0,005,"MONTROSE AVENUE","RAMSDELL AVENUE",280.00,E,N,A,-,N,,,,,,,,,,Y,4,0,1,2,A,-,21,22106,,N,C,C,A,A,H,-,A,D,0,,,,,Y,,A,07,0,0,1,0,0,0,0,0,0,"- ","- ",,,"LOS ANGELES",GLENDALE,-118.24359893798828,34.218238830566406
84981104,2025,2025-12-24,1925,2025-12-08,1339,30591,,1,5,6,1925,0,0,0,,0,004,"MONTEREY ROAD","JACKSON STREET",8.00,W,N,A,-,N,,,,,,,,,,Y,2,0,1,2,A,-,10,21950,A,F,G,B,B,A,H,-,A,A,0,Y,,,,Y,Y,A,01,1,0,0,0,1,0,0,0,0,"- ","- ",34.157360076904297,-118.25025177001953,"LOS ANGELES",GLENDALE,-118.25027465820312,34.157489776611328
84981107,2025,2025-12-22,1925,2025-12-11,"156 ",24967,,4,5,6,1925,0,0,0,,0,001,"ALLEY TO THE REAR OF 1909 GLENWOOD RD #B","ALLEN AVE",125.00,W,N,A,-,N,,,,,,,,,,N,2,0,1,1,A,-,05,21650,,N,A,I,A,A,H,-,D,D,0,,,,,Y,,A,07,1,0,0,0,0,0,0,0,0,"- ","- ",34.176868438720703,-118.29110717773438,"LOS ANGELES",GLENDALE,,
84981109,2025,2025-12-23,1925,2025-12-11,1323,20871,,4,5,6,1925,0,0,0,,0,002,"CALIFORNIA AVENUE","ORANGE STREET",64.00,W,N,A,-,N,,,,,,,,,,Y,4,0,1,2,A,-,08,22107,,N,B,E,A,A,H,-,A,D,0,,,,,Y,,A,07,0,0,1,0,0,0,0,0,0,"- ","- ",34.1497802734375,-118.25641632080078,"LOS ANGELES",GLENDALE,-118.25662231445312,34.149932861328125
84986791,2025,2025-12-26,1925,2025-12-10,"653 ",30591,,3,5,6,1925,0,0,0,,0,004,"BRAND BOULEVARD","SANCHEZ DRIVE",28.00,W,N,A,-,N,,,,,,,,,,N,3,0,1,2,B,-,22,,,N,D,C,A,A,H,-,A,A,0,,,,,Y,,-,"- ",0,1,0,0,0,0,0,0,0,"- ","- ",34.155998229980469,-118.25498962402344,"LOS ANGELES",GLENDALE,,
84986793,2025,2025-12-26,1925,2025-12-12,1440,31344,,5,5,6,1925,0,0,0,,0,003,"CHEVY CHASE DRIVE","ADAMS STREET",88.00,W,N,A,-,N,,,,,,,,,,N,4,0,1,2,A,-,08,22100,A,M,D,C,A,A,H,-,A,D,0,,,,,Y,,A,07,0,0,1,0,0,0,0,0,0,"- ","- ",,,"LOS ANGELES",GLENDALE,-118.24201965332031,34.133811950683594
84988069,2025,2025-12-29,1925,2025-12-12,"18  ",29987,,5,5,6,1925,0,0,0,,0,001,"PACIFIC AVENUE","ARDEN AVENUE (N)",115.00,N,N,A,-,N,,,,,,,,,,Y,4,0,1,3,A,-,07,21658,A,N,C,C,A,A,H,-,C,A,0,,,,,Y,,A,01,0,0,1,0,0,0,0,0,0,"- ","- ",,,"LOS ANGELES",GLENDALE,-118.26406860351562,34.158576965332031
84988071,2025,2025-12-29,1925,2025-12-14,1800,28134,,7,5,6,1925,0,0,0,,0,002,"BRAND BOULEVARD",BROADWAY,0.00,E,Y,A,-,N,,,,,,,,,,Y,4,0,2,2,A,-,09,21806,A,N,D,C,A,A,H,-,A,A,0,,,,,Y,,A,01,0,0,2,0,0,0,0,0,0,"- ","- ",34.146308898925781,-118.25501251220703,"LOS ANGELES",GLENDALE,-118.25508880615234,34.146251678466797
84988625,2025,2025-12-29,1925,2025-12-16,1548,30962,,2,5,6,1925,0,0,0,,0,001,"GLENOAKS BOULEVARD","ROSEDALE AVENUE",60.00,E,N,A,-,N,,,,,,,,,,N,2,0,1,2,A,-,08,22107,,N,D,G,A,A,H,-,A,D,0,,Y,,,Y,,D,22,1,0,0,0,0,0,1,0,0,"- ","- ",34.166400909423828,-118.28321838378906,"LOS ANGELES",GLENDALE,-118.28324127197266,34.166309356689453
84989049,2025,2025-12-29,1925,2025-12-06,2324,30342,,6,5,6,1925,0,0,0,,0,001,"GLENOAKS BOULEVARD","CONCORD STREET",470.00,E,N,A,-,N,,,,,,,,,,Y,4,0,1,3,A,-,08,22107,,N,B,C,A,A,H,-,C,D,0,,,,,Y,,A,07,0,0,1,0,0,0,0,0,0,"- ","- ",,,"LOS ANGELES",GLENDALE,-118.26930236816406,34.159744262695312
84991003,2025,2025-12-30,1925,2025-12-18,1201,29636,,4,5,6,1925,0,0,0,,0,004,"VERDUGO ROAD","CALLE VAQUERO",0.00,,Y,A,-,N,,,,,,,,,,Y,3,0,2,2,A,-,09,21801,A,N,D,C,A,A,H,-,A,A,0,,,,,Y,,A,07,0,1,1,0,0,0,0,0,0,"- ","- ",,,"LOS ANGELES",GLENDALE,-118.23313903808594,34.164108276367188
84993079,2025,2025-12-31,1925,2025-12-19,1635,29636,,5,5,6,1925,0,0,0,,0,003,"GARFIELD AVENUE","ADAMS STREET",850.00,W,N,A,-,N,,,,,,,,,,Y,4,0,2,2,A,-,09,21801,A,N,D,C,A,A,H,-,B,D,0,,,,,Y,,A,07,0,0,2,0,0,0,0,0,0,"- ","- ",34.136009216308594,-118.24176025390625,"LOS ANGELES",GLENDALE,-118.24456024169922,34.136001586914062
84993080,2025,2025-12-31,1925,2025-12-19,2102,30705,,5,5,6,1925,0,0,0,,0,003,"COLORADO STREET","CHEVY CHASE DRIVE",26.00,N,N,A,-,N,,,,,,,,,,Y,4,0,1,2,A,-,12,21453,A,N,D,C,A,A,H,-,C,A,0,,,,,Y,,A,07,0,0,1,0,0,0,0,0,0,"- ","- ",34.142620086669922,-118.23963928222656,"LOS ANGELES",GLENDALE,-118.23952484130859,34.142631530761719
84995730,2025,2026-01-02,1925,2025-12-06,1806,29987,,6,5,6,1925,0,0,0,,0,,"ROCK GLEN AVENUE","VERDUGO ROAD",340.00,E,N,A,-,N,,,,,,,,,,N,4,0,1,2,A,-,03,22350,,N,G,B,D,A,H,-,D,D,0,Y,,,,Y,,A,01,0,0,1,0,1,0,0,0,0,"- ","- ",,,"LOS ANGELES",GLENDALE,-118.23247528076172,34.140232086181641
84995733,2025,2026-01-02,1925,2025-12-20,1132,29636,,6,5,6,1925,0,0,0,,0,004,"SANCHEZ DRIVE","BRAND BOULEVARD",0.00,,Y,A,-,Y,,,,,,,,,,Y,3,0,3,3,A,-,12,21453,A,N,D,C,A,A,H,-,A,A,0,,,,,Y,,A,07,0,2,1,0,0,0,0,0,0,"- ","- ",34.155849456787109,-118.25507354736328,"LOS ANGELES",GLENDALE,-118.25514221191406,34.155937194824219
84995735,2025,2026-01-02,1925,2025-12-21,1255,31455,,7,5,6,1925,0,0,0,,0,005,"HONOLULU AVENUE","OAK GROVE COURT",612.00,N,N,A,-,Y,,,,,,,,,,Y,3,0,1,1,A,-,03,22350,,N,E,I,A,A,H,-,A,D,0,,,Y,,Y,,C,02,0,1,0,0,0,0,0,0,1,"- ","- ",34.229209899902344,-118.26273345947266,"LOS ANGELES",GLENDALE,-118.26399230957031,34.230766296386719
84997155,2025,2026-01-05,1925,2025-12-11,"939 ",30591,,4,5,6,1925,0,0,0,,0,002,"BRAND BOULEVARD","COLORADO STREET",0.00,,Y,A,-,N,,,,,,,,,,N,4,0,1,2,A,-,11,21456,B,N,G,B,D,A,H,-,A,A,0,Y,,,,Y,,N,60,0,0,1,0,1,0,0,0,0,"- ","- ",34.1427001953125,-118.25508880615234,"LOS ANGELES",GLENDALE,-118.25492858886719,34.142570495605469
84997158,2025,2026-01-05,1925,2025-12-21,1812,31100,,7,5,6,1925,0,0,0,,0,,"PACIFIC AVENUE","IVY STREET",0.00,,Y,A,-,N,,,,,,,,,,N,3,0,2,3,A,-,10,21950,A,N,G,B,D,A,H,-,C,A,0,Y,,,,Y,,A,01,0,2,0,0,2,0,0,0,0,"- ","- ",34.145858764648438,-118.26409912109375,"LOS ANGELES",GLENDALE,-118.26409149169922,34.145839691162109
84997159,2025,2026-01-05,1925,2025-12-21,2045,31090,,7,5,6,1925,0,0,0,,0,001,"GLENWOOD ROAD","RAYMOND AVENUE",200.00,E,N,-,-,N,,,,,,,,,,N,2,0,1,2,A,-,03,22350,,F,G,B,D,A,H,-,C,D,0,Y,,,,Y,,-,99,1,0,0,0,1,0,0,0,0,"- ","- ",34.174129486083984,-118.28820037841797,"LOS ANGELES",GLENDALE,-118.28771209716797,34.173782348632812
84997675,2025,2026-01-05,1925,2025-12-16,1725,30962,,2,5,6,1925,0,0,0,,0,003,"MAPLE STREET","VERDUGO RD",0.00,,N,A,-,N,,,,,,,,,,N,3,0,1,2,A,-,17,22517,,N,B,C,A,A,H,-,C,A,0,,,,,Y,,A,01,0,1,0,0,0,0,0,0,0,"- ","- ",,,"LOS ANGELES",GLENDALE,-118.23358917236328,34.138980865478516
84997676,2025,2026-01-05,1925,2025-12-15,2016,28284,,1,5,6,1925,0,0,0,,0,004,"JACKSON STREET","MONTEREY ROAD",0.00,,Y,A,-,N,,,,,,,,,,N,4,0,2,2,A,-,12,21453,A,N,D,D,A,A,H,-,C,A,0,,,,,Y,,A,07,0,0,2,0,0,0,0,0,0,"- ","- ",34.157459259033203,-118.25025939941406,"LOS ANGELES",GLENDALE,-118.25025177001953,34.157493591308594
84997683,2025,2026-01-05,1925,2025-12-23,2026,28284,,2,5,6,1925,0,0,0,,0,001,"SAN FERNANDO ROAD","GRANGE STREET",116.00,E,N,B,-,N,,,,,,,,,,N,4,0,2,2,A,-,08,22107,,N,D,C,A,A,H,-,C,D,0,,,,,Y,,A,07,0,0,2,0,0,0,0,0,0,"- ","- ",34.155349731445312,-118.27641296386719,"LOS ANGELES",GLENDALE,-118.27625274658203,34.155063629150391
85000080,2025,2026-01-06,1925,2025-12-22,1355,26039,,1,5,6,1925,0,0,0,,0,004,"JACKSON STREET","DORAN STREET",420.00,S,N,A,-,N,,,,,,,,,,N,3,0,2,2,C,-,18,,,N,B,E,A,A,H,-,A,D,0,,,,,Y,,-,"- ",0,1,1,0,0,0,0,0,0,"- ","- ",34.154579162597656,-118.25018310546875,"LOS ANGELES",GLENDALE,-118.25016021728516,34.153541564941406
85000083,2025,2026-01-06,1925,2025-12-22,1701,22249,,1,5,6,1925,0,0,0,,0,002,"SAN FERNANDO ROAD","IVY STREET",124.00,S,N,A,B,N,,,,,,,,,,N,4,0,1,4,A,-,03,22350,,N,C,C,A,A,H,-,C,A,0,,,,,Y,,A,07,0,0,1,0,0,0,0,0,0,"- ","- ",,,"LOS ANGELES",GLENDALE,-118.27123260498047,34.145587921142578
85000087,2025,2026-01-06,1925,2025-12-23,1002,22249,,2,5,6,1925,0,0,0,,0,004,"MOUNTAIN STREET","COLLEGE DWY",287.00,E,N,B,C,N,,,,,,,,,,N,4,0,1,2,A,-,07,21658,A,N,B,C,A,B,H,-,A,D,0,,,,,Y,,A,07,0,0,1,0,0,0,0,0,0,"- ","- ",,,"LOS ANGELES",GLENDALE,,
85001947,2025,2026-01-07,1925,2025-12-19,2117,30867,,5,5,6,1925,0,0,0,,0,003,"CHEVY CHASE DRIVE","GLENDALE AVENUE",0.00,,Y,A,B,N,,,,,,,,,,N,3,0,1,2,A,-,03,22350,,N,C,C,A,A,H,-,C,A,0,,,,,Y,Y,-,"- ",0,1,0,0,0,0,0,0,0,"- ","- ",34.133541107177734,-118.25198364257812,"LOS ANGELES",GLENDALE,-118.25199127197266,34.133518218994141
85003800,2025,2026-01-08,1925,2025-12-28,1537,29405,,7,5,6,1925,0,0,0,,0,003,"CYPRESS STREET",BOYNTON,284.00,W,N,A,-,N,,,,,,,,,,N,3,0,1,2,A,-,09,21804,A,N,B,G,A,A,H,-,A,D,0,,Y,,,Y,,-,"- ",0,1,0,0,0,0,1,0,0,"- ","- ",,,"LOS ANGELES",GLENDALE,-118.24981689453125,34.129261016845703
85005586,2025,2026-01-09,1925,2025-11-23,1910,28594,,7,5,6,1925,0,0,0,,0,004,BROADWAY,"CEDAR STREET",0.00,,Y,A,-,N,,,,,,,,,,Y,3,0,1,3,A,-,09,21800,A,N,D,C,A,A,H,-,C,A,0,,,,,Y,,A,07,0,1,0,0,0,0,0,0,0,"- ","- ",,,"LOS ANGELES",GLENDALE,-118.24433135986328,34.146270751953125
85005587,2025,2026-01-09,1925,2025-12-23,1936,31100,,2,5,6,1925,0,0,0,,0,,"CENTRAL AVENUE","GARFIELD AVENUE",0.00,,Y,A,-,N,,,,,,,,,,N,4,0,2,3,A,-,03,22350,,N,C,C,A,A,H,-,C,A,0,,,,,Y,,A,08,0,0,2,0,0,0,0,0,0,"- ","- ",,,"LOS ANGELES",GLENDALE,-118.25787353515625,34.135757446289062
85007472,2025,2026-01-12,1925,2025-12-16,1500,26039,,2,5,6,1925,0,0,0,,0,005,"VERDUGO BOULEVARD","CLIFTON PLACE",0.00,,Y,A,-,N,,,,,,,,,,N,4,0,1,2,A,-,09,21802,A,M,D,C,A,A,H,-,A,A,0,,,,,Y,,A,01,0,0,1,0,0,0,0,0,0,"- ","- ",34.204879760742188,-118.22406005859375,"LOS ANGELES",GLENDALE,-118.22403717041016,34.204879760742188
85007474,2025,2026-01-12,1925,2025-12-19,"926 ",20871,,5,5,6,1925,0,0,0,,0,001,"GLENOAKS BOULEVARD","CENTRAL AVENUE",130.00,W,N,A,-,N,,,,,,,,,,Y,4,0,1,2,A,-,03,22350,,N,C,C,A,A,H,-,A,A,0,,,,,Y,,A,07,0,0,1,0,0,0,0,0,0,"- ","- ",,,"LOS ANGELES",GLENDALE,-118.25817108154297,34.159374237060547
85007479,2025,2026-01-12,1925,2025-12-27,1252,31343,,6,5,6,1925,0,0,0,,0,004,"GLENDALE AVENUE","DORAN STREET",333.00,N,N,A,-,N,,,,,,,,,,Y,3,0,2,2,A,-,09,21804,A,N,D,C,A,A,H,-,A,A,0,,,,,Y,,A,07,0,1,1,0,0,0,0,0,0,"- ","- ",34.153530120849609,-118.24362945556641,"LOS ANGELES",GLENDALE,-118.24314880371094,34.154350280761719
85007481,2025,2026-01-12,1925,2025-12-27,1525,27016,,6,5,6,1925,0,0,0,,0,005,"VERDUGO ROAD","CANADA BOULEVARD (S)",0.00,,Y,A,-,N,,,,,,,,,,Y,4,0,2,2,A,-,12,21453,A,N,A,C,A,A,H,-,A,A,0,,,,,Y,,A,07,0,0,2,0,0,0,0,0,0,"- ","- ",,,"LOS ANGELES",GLENDALE,-118.23011016845703,34.167320251464844
85007482,2025,2026-01-12,1925,2025-12-29,"829 ",28595,,1,5,6,1925,0,0,0,,0,001,"GLENOAKS BOULEVARD","SAN RAFAEL AVENUE",105.00,W,N,A,-,N,,,,,,,,,,N,3,0,1,3,A,-,08,22107,,N,C,E,A,A,H,-,A,D,0,,,,,Y,,A,07,0,1,0,0,0,0,0,0,0,"- ","- ",,,"LOS ANGELES",GLENDALE,-118.26120758056641,34.159816741943359
85007483,2025,2026-01-12,1925,2025-12-29,1058,28595,,1,5,6,1925,0,0,0,,0,001,"SAN FERNANDO ROAD","ALLEN AVENUE",0.00,,Y,C,-,N,,,,,,,,,,N,4,0,1,2,A,-,10,21950,A,M,G,B,B,B,H,-,C,A,0,Y,,,,Y,,A,01,0,0,1,0,1,0,0,0,0,"- ","- ",34.171600341796875,-118.29604339599609,"LOS ANGELES",GLENDALE,-118.29604339599609,34.171615600585938
85007485,2025,2026-01-12,1925,2025-12-29,1633,28595,,1,5,6,1925,0,0,0,,0,003,"VERDUGO ROAD","STANLEY AVENUE",0.00,,Y,A,-,N,,,,,,,,,,N,4,0,1,2,A,-,07,21658,A,N,B,C,A,A,H,-,A,D,0,,,,,Y,,A,07,0,0,1,0,0,0,0,0,0,"- ","- ",,,"LOS ANGELES",GLENDALE,-118.23582458496094,34.149005889892578
85007949,2025,2026-01-12,1925,2025-12-30,1417,30859,,2,5,6,1925,0,0,0,,0,002,"LEXINGTON DRIVE","CENTRAL AVENUE",100.00,W,N,B,-,N,,,,,,,,,,Y,4,0,1,2,A,-,09,21804,A,N,D,D,A,A,H,-,A,D,0,,,,,Y,,A,01,0,0,1,0,0,0,0,0,0,"- ","- ",34.151710510253906,-118.25791168212891,"LOS ANGELES",GLENDALE,-118.25823974609375,34.151699066162109
85008389,2025,2026-01-12,1925,2025-12-30,1924,31047,,2,5,6,1925,0,0,0,,0,002,"CENTRAL AVENUE","CALIFORNIA AVENUE",130.00,W,N,A,-,N,,,,,,,,,,Y,4,0,1,2,A,-,08,22107,,N,B,C,A,A,H,-,C,A,0,,,,,Y,,A,07,0,0,1,0,0,0,0,0,0,"- ","- ",34.149768829345703,-118.25794219970703,"LOS ANGELES",GLENDALE,,
85008391,2025,2026-01-12,1925,2025-12-31,1308,21092,,3,5,6,1925,0,0,0,,0,001,"GLENOAKS BOULEVARD","ROSEDALE AVENUE",78.00,W,N,C,-,N,,,,,,,,,,Y,4,0,1,2,A,-,03,22350,,N,C,C,A,B,H,-,A,A,0,,,,,Y,,D,22,0,0,1,0,0,0,0,0,0,"- ","- ",,,"LOS ANGELES",GLENDALE,-118.28358459472656,34.166557312011719
85008393,2025,2026-01-12,1925,2025-12-31,2055,31047,,3,5,6,1925,0,0,0,,0,004,"VERDUGO ROAD","STANLEY AVENUE",0.00,,Y,C,-,N,,,,,,,,,,Y,2,0,1,2,A,-,09,21801,A,N,D,C,A,B,H,-,C,D,0,,,Y,,Y,Y,A,07,1,0,0,0,0,0,0,0,1,"- ","- ",34.149028778076172,-118.23583984375,"LOS ANGELES",GLENDALE,-118.23582458496094,34.149005889892578
85010495,2025,2026-01-13,1925,2025-12-26,"928 ",28043,,5,5,6,1925,0,0,0,,0,001,"GLENOAKS BOULEVARD","GRANDVIEW AVENUE",0.00,,Y,C,-,N,,,,,,,,,,Y,3,0,1,2,A,-,12,21453,A,N,B,C,A,B,H,-,A,A,0,,,,,Y,,A,07,0,1,0,0,0,0,0,0,0,"- ","- ",34.165058135986328,-118.28140258789062,"LOS ANGELES",GLENDALE,-118.28138732910156,34.164970397949219
85010497,2025,2026-01-13,1925,2025-12-27,1803,20871,,6,5,6,1925,0,0,0,,0,001,"GLENOAKS BOULEVARD","CONCORD STREET",0.00,,Y,A,-,N,,,,,,,,,,Y,4,0,2,2,A,-,12,21453,A,N,D,C,A,A,H,-,C,A,0,,,,,Y,,-,"- ",0,0,2,0,0,0,0,0,0,"- ","- ",,,"LOS ANGELES",GLENDALE,-118.27085113525391,34.15985107421875
85012592,2025,2026-01-14,1925,2025-12-24,"851 ",31466,,3,5,6,1925,0,0,0,,0,001,"SONORA AVENUE","GLENOAKS BOULEVARD",37.00,S,N,C,-,N,,,,,,,,,,N,4,0,1,2,A,-,03,22350,,N,D,C,A,B,H,-,A,D,0,,,,,Y,,I,11,0,0,1,0,0,0,0,0,0,"- ","- ",34.168258666992188,-118.28575134277344,"LOS ANGELES",GLENDALE,-118.28596496582031,34.168167114257812
85016577,2025,2026-01-16,1925,2025-12-16,1254,21016,,2,5,6,1925,0,0,0,,0,003,"VERDUGO ROAD","ACACIA AVENUE",0.00,,Y,A,-,N,,,,,,,,,,Y,3,0,1,2,A,-,09,21800,A,N,D,C,A,A,H,-,A,-,0,,,,,Y,,A,08,0,1,0,0,0,0,0,0,0,"- ","- ",34.136081695556641,-118.23359680175781,"LOS ANGELES",GLENDALE,-118.23361968994141,34.1361083984375
85016582,2025,2026-01-16,1925,2025-12-30,1412,30416,,2,5,6,1925,0,0,0,,0,001,"OLMSTED DRIVE","PACIFIC AVENUE",0.00,,Y,A,-,N,,,,,,,,,,N,3,0,2,2,A,-,08,22107,,N,C,E,A,A,H,-,A,D,0,,,,,Y,,A,01,0,2,0,0,0,0,0,0,0,"- ","- ",34.167110443115234,-118.26580810546875,"LOS ANGELES",GLENDALE,-118.26580047607422,34.167133331298828
85028531,2025,2026-01-26,1925,2025-12-30,"733 ",28418,,2,5,6,1925,0,0,0,,0,,"PENNSYLVANIA AVENUE","COMMUNITY AVENUE (S)",80.00,S,N,A,-,N,,,,,,,,,,N,4,0,1,2,C,-,18,,,N,C,E,A,A,H,-,A,D,0,,,,,Y,,-,"- ",0,0,1,0,0,0,0,0,0,"- ","- ",34.227329254150391,-118.24868774414062,"LOS ANGELES",GLENDALE,-118.24867248535156,34.227180480957031
85030518,2025,2026-01-27,1925,2025-12-27,2222,29459,,6,5,6,1925,0,0,0,,0,002,"BRAND BOULEVARD",BROADWAY,0.00,,Y,A,-,N,,,,,,,,,,N,3,0,1,2,A,-,03,22350,,N,C,C,A,A,H,-,C,A,0,,,,,Y,,A,07,0,1,0,0,0,0,0,0,0,"- ","- ",34.146308898925781,-118.25501251220703,"LOS ANGELES",GLENDALE,-118.25508880615234,34.146251678466797
85079578,2025,2026-03-03,1925,2025-12-18,2058,30867,,4,5,6,1925,0,0,0,,0,005,"MONTROSE AVENUE","LA CRESCENTA AVENUE",0.00,W,Y,A,-,N,,,,,,,,,,Y,3,0,2,2,A,-,01,23152,A,N,D,C,A,A,H,-,C,A,0,,,Y,,Y,Y,C,06,0,2,0,0,0,0,0,0,1,"- ","- ",34.215980529785156,-118.23995971679688,"LOS ANGELES",GLENDALE,-118.23998260498047,34.215991973876953
91966866,2023,2023-01-12,9575,2023-01-02,1805,023072,,1,2,6,1925,0,1,3,,2,090,"SR-2 E/B TO SR-134 W/B","SR-2 E/B",1000.00,E,N,B,C,Y,,,,,,,,,,Y,4,0,1,1,A,-,03,22350,,N,E,8,A,B,H,-,C,D,0,,,,,Y,,A,01,0,0,1,0,0,0,0,0,0,"- ","- ",34.146800994873047,-118.2252197265625,"LOS ANGELES",GLENDALE,-118.2252197265625,34.146800994873047
91966964,2023,2023-01-12,9575,2023-01-04,1425,023016,,3,2,6,1925,0,1,3,,2,090,"SR-2 E/B (GLENDALE FREEWAY)","FERN LN.",1950.00,E,N,B,C,Y,LA,,2," ",R,21.974,H,,R,Y,4,0,1,1,A,-,03,22350,,N,E,I,A,B,H,-,A,D,0,,,,,Y,,A,07,0,0,1,0,0,0,0,0,0,"- ","- ",34.191001892089844,-118.21901702880859,"LOS ANGELES",GLENDALE,-118.21912384033203,34.190967559814453
91966989,2023,2023-01-12,9575,2023-01-05,1846,022110,,4,2,6,1925,0,1,3,,2,042,"SR-134 E/B (VENTURA FREEWAY)","PACIFIC AVENUE",83.00,E,N,B,-,Y,LA,,134," ",R,6.604,H,,R,Y,4,0,3,2,A,-,08,22107,,N,B,C,A,A,H,-,D,D,0,,,,,Y,,A,01,0,0,3,0,0,0,0,0,0,"- ","- ",34.156101226806641,-118.26412963867188,"LOS ANGELES",GLENDALE,-118.26413726806641,34.156143188476562
91970637,2023,2023-01-18,9575,2023-01-11,1758,023134,,3,2,6,1925,0,1,3,,2,042,"SR-134 W/B (VENTURA FREEWAY)","CONCORD ST.",300.00,W,N,A,-,Y,LA,,134," ",R,6.132,H,,L,N,4,0,1,3,A,-,03,22350,,N,C,C,A,A,H,-,C,D,0,,,,,Y,,A,01,0,0,1,0,0,0,0,0,0,"- ","- ",34.154609680175781,-118.27220153808594,"LOS ANGELES",GLENDALE,-118.272216796875,34.154666900634766
91971200,2023,2023-01-18,9575,2023-01-12,1700,023134,,4,2,6,1925,0,1,3,,2,042,"SR-134 E/B (VENTURA FREEWAY)","GLENDALE AVE.",980.00,E,N,A,-,Y,LA,,134," ",R,8.068,H,,R,Y,4,0,2,2,A,-,03,22350,,N,C,C,A,A,H,-,C,D,0,,,,,Y,,A,07,0,0,2,0,0,0,0,0,0,"- ","- ",34.154251098632812,-118.2393798828125,"LOS ANGELES",GLENDALE,-118.23933410644531,34.154296875
91971722,2023,2023-01-19,9575,2023-01-13,1735,020711,,5,2,6,1925,0,1,1,,2,050,"I-5 S/B (GOLDEN STATE FREEWAY)","WESTERN AVE",400.00,N,N,A,-,Y,LA,,5," "," ",27.940,H,,L,N,4,0,1,2,A,-,03,22350,,N,C,C,A,A,H,-,D,D,0,,,,,Y,,A,01,0,0,1,0,0,0,0,0,0,"- ","- ",34.165390014648438,-118.2978515625,"LOS ANGELES",GLENDALE,-118.29782867431641,34.165412902832031
91976621,2023,2023-01-25,9575,2023-01-13,1810,023134,,5,2,6,1925,0,1,3,,2,042,"SR-134 E/B (VENTURA FREEWAY)","JACKSON ST.",300.00,E,N,A,-,Y,LA,,134," ",R,7.450,H,,R,N,4,0,1,2,A,-,08,22107,,M,B,C,A,A,H,-,C,D,0,,,,,Y,,-,99,0,0,1,0,0,0,0,0,0,"- ","- ",34.156318664550781,-118.24944305419922,"LOS ANGELES",GLENDALE,-118.24944305419922,34.156280517578125
91978186,2023,2023-01-26,9575,2023-01-16,"700 ",020702,,1,1,6,1925,0,1,3,,2,042,"SR-134 W/B (VENTURA FREEWAY)","HARVEY DR.",150.00,E,N,C,-,Y,LA,,134," ",R,8.925,H,,L,N,4,0,1,1,A,-,03,22350,,N,E,8,A,B,H,-,B,D,0,,,,,Y,,A,01,0,0,1,0,0,0,0,0,0,"- ","- ",34.147190093994141,-118.22701263427734,"LOS ANGELES",GLENDALE,-118.22705841064453,34.147087097167969
91980180,2023,2023-01-27,9575,2023-01-16,1525,023126,,1,2,6,1925,0,1,3,,2,042,"SR-134 EB FROM SAN FERNANDO RD.","PACIFIC AVE",2482.00,W,N,A,-,Y,LA,,134," ",R,6.095,H,,R,N,4,0,1,2,A,-,21,22106,,N,C,C,A,A,H,-,A,A,0,,,,,Y,,D,22,0,0,1,0,0,0,0,0,0,"- ","- ",34.154109954833984,-118.27271270751953,"LOS ANGELES",GLENDALE,-118.27278900146484,34.154346466064453
91984144,2023,2023-02-01,9575,2023-01-31,1020,018814,,2,1,6,1925,0,1,3,,2,042,"SR-134 W/B (VENTURA FREEWAY)","CONCORD ST",675.00,E,N,A,-,Y,LA,,134," ",R,6.327,H,,L,N,4,0,1,2,A,-,07,21658,A,N,B,C,A,A,H,-,A,D,0,,,,,Y,,-,"- ",0,0,1,0,0,0,0,0,0,"- ","- ",34.155529022216797,-118.26894378662109,"LOS ANGELES",GLENDALE,-118.26890563964844,34.155441284179688
91996180,2023,2023-02-16,9575,2023-02-08,1744,022110,,3,2,6,1925,0,1,3,,2,042,"SR-134 W/B (VENTURA FREEWAY)","SAN FERNANDO ROAD",80.00,E,N,A,-,Y,LA,,134," ",R,5.956,H,,L,Y,4,0,3,3,A,-,03,22350,,N,C,C,A,A,H,-,D,D,0,,,,,Y,,A,01,0,0,3,0,0,0,0,0,0,"- ","- ",34.153961181640625,-118.27507781982422,"LOS ANGELES",GLENDALE,-118.27509307861328,34.154006958007812
91996932,2023,2023-02-17,9575,2023-02-08,1716,022110,,3,2,6,1925,0,1,3,,2,042,"SR-134 E/B TO SR-2 E/B","CHEVY CHASE DRIVE",495.00,E,N,A,-,Y,LA,,134," ",R,8.462,H,,R,N,4,0,1,2,A,-,03,22350,,F,C,C,A,A,H,-,A,D,0,,,,,Y,,-,99,0,0,1,0,0,0,0,0,0,"- ","- ",34.150409698486328,-118.23433685302734,"LOS ANGELES",GLENDALE,-118.23423004150391,34.150524139404297
92000123,2023,2023-02-22,9575,2023-02-16,"750 ",022626,,4,1,6,1925,0,1,1,,2,062,"I-210 E/B (FOOTHILL FREEWAY)","LOWELL AVE.",50.00,W,N,A,-,Y,LA,,210," ",R,15.604,H,,R,N,4,0,3,4,A,-,03,22350,,N,C,C,A,A,H,-,A,D,0,,,,,Y,,D,22,0,0,3,0,0,0,0,0,0,"- ","- ",34.231250762939453,-118.26666259765625,"LOS ANGELES",GLENDALE,-118.26667022705078,34.231208801269531
92000966,2023,2023-02-23,9575,2023-01-31,1838,020711,,2,2,6,1925,0,1,1,,2,050,"I-5 S/B (GOLDEN STATE FREEWAY)","SONORA AVE",300.00,S,N,A,-,Y,LA,,5," "," ",27.481,H,,L,N,4,0,1,2,A,-,07,21658,A,M,B,C,A,A,H,-,D,D,0,,,,,Y,,D,22,0,0,1,0,0,0,0,0,0,"- ","- ",34.160331726074219,-118.29292297363281,"LOS ANGELES",GLENDALE,-118.29285430908203,34.160354614257812
92001122,2023,2023-02-23,9575,2023-02-13,1420,023029,,1,2,6,1925,0,1,3,,2,090,"SR-2 W/B (GLENDALE FREEWAY)","COLORADO BOULEVARD",81.00,E,N,A,-,Y,LA,,2," ",R,18.557,H,,L,Y,3,0,2,2,A,-,08,22107,,N,B,C,A,A,H,-,A,D,0,,,,,Y,,A,07,0,1,1,0,0,0,0,0,0,"- ","- ",34.143089294433594,-118.22747039794922,"LOS ANGELES",GLENDALE,-118.22749328613281,34.143093109130859
92001395,2023,2023-02-23,9575,2023-02-18,1307,019538,,6,1,6,1925,0,1,3,,2,042,"I-5 FROM SR-134 W/B","SAN FERNANDO RD.",500.00,E,N,A,-,Y,LA,,134," ",R,6.025,H,,L,N,4,0,2,2,A,-,03,22350,,N,C,C,A,A,H,-,A,D,0,,,,,Y,,B,08,0,0,2,0,0,0,0,0,0,"- ","- ",34.154361724853516,-118.27398681640625,"LOS ANGELES",GLENDALE,-118.27396392822266,34.154281616210938
92003466,2023,2023-02-27,9575,2023-02-19,1840,021006,,7,2,6,1925,0,1,3,,2,042,"SR-134 E/B (VENTURA FREEWAY)","GLENDALE AVENUE",150.00,E,N,A,-,Y,LA,,134," ",R,7.894,H,,R,N,4,0,1,2,A,-,03,22350,,N,C,C,A,A,H,-,C,D,0,,,,,Y,,A,01,0,0,1,0,0,0,0,0,0,"- ","- ",34.155670166015625,-118.24188232421875,"LOS ANGELES",GLENDALE,-118.24190521240234,34.155628204345703
92007016,2023,2023-03-01,9575,2023-02-21,"837 ",020702,,2,1,6,1925,0,1,1,,2,062,"I-210 E/B (FOOTHILL FREEWAY)","PENNSYLVANIA AVE.",220.00,W,N,A,-,Y,LA,,210," ",R,16.733,H,,R,N,4,0,1,2,A,-,07,21658,A,N,B,C,A,A,H,-,A,D,0,,,,,Y,,D,22,0,0,1,0,0,0,0,0,0,"- ","- ",34.223560333251953,-118.24947357177734,"LOS ANGELES",GLENDALE,-118.24953460693359,34.223484039306641
92007781,2023,2023-03-02,9575,2023-02-24,1115,023126,,5,1,6,1925,0,1,3,,2,090,"SR-2 E/B (GLENDALE FREEWAY)","FERN LN",885.00,S,N,B,C,Y,LA,,2," ",R,21.428,H,,R,N,4,0,1,2,A,-,03,22350,,N,E,8,A,B,H,-,A,D,0,,,,,Y,,A,07,0,0,1,0,0,0,0,0,0,"- ","- ",34.183380126953125,-118.21804046630859,"LOS ANGELES",GLENDALE,-118.21791839599609,34.183349609375
92008894,2023,2023-03-03,9575,2023-02-24,"830 ",023126,,5,1,6,1925,0,1,3,,2,090,"SR-2 E/B (GLENDALE FREEWAY)","FERN LN",20.00,W,N,B,C,Y,LA,,2," ",R,21.593,H,,R,N,4,0,1,1,A,-,03,22350,,N,E,I,A,B,H,-,A,D,0,,,,,Y,,A,01,0,0,1,0,0,0,0,0,0,"- ","- ",34.185699462890625,-118.217529296875,"LOS ANGELES",GLENDALE,-118.21736907958984,34.185703277587891
92008915,2023,2023-05-23,9575,2023-02-24,1210,023134,,5,1,6,1925,0,1,3,,2,090,"SR-2 W/B (GLENDALE FREEWAY)","SHERER LN.",1735.00,E,N,B,C,Y,LA,,2," ",R,20.927,H,,L,N,4,0,1,2,A,-,07,21658,A,N,B,C,A,B,H,-,A,D,0,,,,,Y,,A,01,0,0,1,0,0,0,0,0,0,"- ","- ",34.176601409912109,-118.22116088867188,"LOS ANGELES",GLENDALE,-118.22117614746094,34.176605224609375
92009471,2023,2023-03-03,9575,2023-03-01,"130 ",022477,,3,3,6,1925,0,1,1,,2,062,"INTERSTATE 210 W/B (FOOTHILL FWY)","NEW YORK AVENUE",350.00,W,N,B,C,Y,LA,,210," ",R,16.403,H,,L,N,4,0,1,2,A,-,07,21658,A,M,B,2,A,B,H,-,C,D,0,,,,,Y,,-,99,0,0,1,0,0,0,0,0,0,"- ","- ",34.226688385009766,-118.25411987304688,"LOS ANGELES",GLENDALE,-118.25417327880859,34.226627349853516
92010428,2023,2023-03-06,9575,2023-03-02,1050,022626,,4,1,6,1925,0,1,3,,2,040,"I-210 E/B TO SR-2 W/B","VERDUGO RD.",555.00,W,N,A,-,Y,,,,,,,,,,N,4,0,1,2,A,-,07,21658,A,N,B,C,A,A,H,-,A,D,0,,,,,Y,,-,"- ",0,0,1,0,0,0,0,0,0,"- ","- ",34.208351135253906,-118.22100067138672,"LOS ANGELES",GLENDALE,-118.22100067138672,34.208351135253906
92013397,2023,2023-03-09,9575,2023-03-01,"925 ",023126,,3,1,6,1925,0,1,3,,2,042,"SR-134 W/B (VENTURA FREEWAY)","SAN FERNANDO RD",1056.00,E,N,A,-,Y,LA,,134," ",R,6.334,H,,L,N,4,0,1,2,A,-,03,22350,,N,C,C,A,A,H,-,A,D,0,,,,,Y,,A,01,0,0,1,0,0,0,0,0,0,"- ","- ",34.155418395996094,-118.26878356933594,"LOS ANGELES",GLENDALE,-118.268798828125,34.155467987060547
92015616,2023,2023-03-13,9575,2023-03-03,1545,022582,,5,2,6,1925,0,1,3,,2,042,"SR-134 W/B (VENTURA FREEWAY)","VERDUGO ROAD",150.00,E,N,A,-,Y,LA,,134," ",R,8.279,H,,L,Y,3,0,4,5,A,-,03,22350,,N,C,C,A,A,H,-,A,D,0,,,,,Y,,A,07,0,3,1,0,0,0,0,0,0,"- ","- ",34.152381896972656,-118.23638153076172,"LOS ANGELES",GLENDALE,-118.23639678955078,34.152362823486328
92017455,2023,2023-03-14,9575,2023-03-07,1640,023204,,2,2,6,1925,0,1,3,,2,042,"SR-134 E/B (VENTURA FREEWAY)","CENTRAL AVENUE",495.00,W,N,A,-,Y,LA,,134," ",R,6.859,H,,R,N,4,0,1,2,A,-,03,22350,,N,C,C,A,A,H,-,A,D,0,,,,,Y,,A,07,0,0,1,0,0,0,0,0,0,"- ","- ",34.156200408935547,-118.25978088378906,"LOS ANGELES",GLENDALE,-118.25978088378906,34.156269073486328
92018603,2023,2023-03-15,9575,2023-03-07,1120,018537,,2,1,6,1925,0,1,3,,2,042,"SR-134 W/B TO PACIFIC AVE","PACIFIC AVE",100.00,E,N,A,-,Y,LA,,134," ",R,6.620,H,,L,N,4,0,1,2,A,-,03,22350,,N,C,C,A,A,H,-,A,A,0,,,,,Y,,A,01,0,0,1,0,0,0,0,0,0,"- ","- ",34.156620025634766,-118.26387786865234,"LOS ANGELES",GLENDALE,-118.26384735107422,34.156352996826172
92018658,2023,2023-03-15,9575,2023-03-07,1445,020711,,2,2,6,1925,0,1,1,,2,050,"I-5 S/B (GOLDEN STATE FREEWAY)","WESTERN AVE",400.00,N,N,A,-,Y,LA,,5," "," ",27.935,H,,L,Y,4,0,2,3,A,-,03,22350,,N,C,2,A,A,H,-,A,D,0,,,,,Y,,D,22,0,0,2,0,0,0,0,0,0,"- ","- ",34.165340423583984,-118.29778289794922,"LOS ANGELES",GLENDALE,-118.29776000976562,34.165363311767578
92018934,2023,2023-04-03,9575,2023-03-05,2135,022469,,7,2,6,1925,0,1,3,,2,042,"SR-134 W/B (VENTURA FREEWAY)","VERDUGO ROAD",150.00,E,N,A,-,Y,LA,,134," ",R,8.279,H,,L,Y,2,0,1,2,A,-,08,22107,,N,B,C,A,A,H,-,C,A,0,,,,,Y,,A,01,1,0,0,0,0,0,0,0,0,"- ","- ",34.152439117431641,-118.23632049560547,"LOS ANGELES",GLENDALE,-118.23640441894531,34.152362823486328
92019328,2023,2023-03-16,9575,2023-03-07,1845,021006,,2,2,6,1925,0,1,3,,2,042,"SR-134 W/B (VENTURA FREEWAY)","CONCORD STREET",500.00,E,N,A,-,Y,LA,,134," ",R,6.360,H,,L,Y,4,0,4,3,A,-,03,22350,,N,C,2,A,A,H,-,B,D,0,,,,,Y,,A,01,0,0,4,0,0,0,0,0,0,"- ","- ",34.155651092529297,-118.26838684082031,"LOS ANGELES",GLENDALE,-118.26837158203125,34.155574798583984
92021378,2023,2023-03-17,9575,2023-03-14,2150,022526,,2,2,6,1925,0,1,3,,2,042,"SR-134 E/B (VENTURA FREEWAY)","CENTRAL AVENUE",380.00,E,N,B,C,Y,LA,,134," ",R,7.042,H,,R,N,4,0,2,2,A,-,07,21658,A,N,B,C,A,B,H,-,C,D,0,,,,Y,Y,,G,25,0,0,2,0,0,0,0,0,0,"- ","- ",34.156230926513672,-118.25656127929688,"LOS ANGELES",GLENDALE,-118.25656127929688,34.156269073486328
92022316,2023,2023-03-20,9575,2023-03-10,1403,023029,,5,2,6,1925,0,1,3,,2,090,"SR-2 E/B (GLENDALE FREEWAY)","HOLLY DRIVE",83.00,E,N,B,C,Y,LA,,2," ",R,19.070,H,,R,Y,4,0,4,2,A,-,03,22350,,N,C,C,A,B,H,-,A,D,0,,,,,Y,,A,01,0,0,4,0,0,0,0,0,0,"- ","- ",34.150310516357422,-118.22512817382812,"LOS ANGELES",GLENDALE,-118.22509765625,34.150302886962891
92026152,2023,2023-03-23,9575,2023-03-13,1550,022582,,1,2,6,1925,0,1,1,,2,050,"I-5 S/B (GOLDEN STATE FREEWAY)","WESTERN AVENUE",40.00,N,N,A,-,Y,LA,,5," "," ",27.867,H,,L,N,4,0,1,2,A,-,03,22350,,M,C,C,A,A,H,-,A,D,0,,,,,Y,,-,99,0,0,1,0,0,0,0,0,0,"- ","- ",34.164730072021484,-118.29686737060547,"LOS ANGELES",GLENDALE,-118.296875,34.164726257324219
92027717,2023,2023-03-24,9575,2023-03-16,2150,021254,,4,2,6,1925,0,1,3,,2,090,"SR-2 W/B (GLENDALE FREEWAY)","MOUNTAIN STREET",1599.00,W,N,A,-,Y,LA,,2," ",R,19.753,H,,L,Y,3,0,2,2,A,-,07,21658,A,M,B,C,A,A,H,-,C,D,0,,,,,Y,,-,"- ",0,1,1,0,0,0,0,0,0,"- ","- ",34.159988403320312,-118.22563171386719,"LOS ANGELES",GLENDALE,-118.22560882568359,34.159992218017578
92031041,2023,2023-03-28,9575,2023-03-16,1255,023236,,4,1,6,1925,0,1,3,,2,042,"SR-134 W/B (VENTURA FREEWAY)","N JACKSON STREET",115.00,E,N,B,-,Y,LA,,134," ",R,7.429,H,,L,N,4,0,1,4,A,-,03,22350,,N,C,C,A,A,H,-,A,D,0,,,,,Y,,A,01,0,0,1,0,0,0,0,0,0,"- ","- ",34.156528472900391,-118.24980926513672,"LOS ANGELES",GLENDALE,-118.24980926513672,34.156459808349609
92031053,2023,2023-03-28,9575,2023-03-17,1618,022839,,5,2,6,1925,0,1,3,,2,042,"SR-134 E/B (VENTURA FREEWAY) FROM HARVEY DRIVE","HARVEY DRIVE",10.00,E,N,A,-,Y,,,,,,,,,,N,3,0,1,2,A,-,10,21950,A,F,G,B,B,A,H,-,A,A,0,Y,,,,Y,,-,99,0,1,0,0,1,0,0,0,0,"- ","- ",34.147159576416016,-118.22905731201172,"LOS ANGELES",GLENDALE,-118.22905731201172,34.147159576416016
92032345,2023,2023-03-30,9575,2023-03-18,1825,023071,,6,2,6,1925,0,1,1,,2,062,"I-210 E/B (FOOTHILL FREEWAY)","HONOLULU AVE",100.00,E,N,A,-,Y,LA,,210," ",R,15.805,H,,R,Y,3,0,1,1,A,-,08,22107,,N,E,I,A,A,H,-,A,D,0,,,,,Y,,A,07,0,1,0,0,0,0,0,0,0,"- ","- ",34.230319976806641,-118.26325988769531,"LOS ANGELES",GLENDALE,-118.26322937011719,34.23040771484375
92032530,2023,2023-03-30,9575,2023-03-19,1537,023031,,7,2,6,1925,0,1,3,,2,090,"SR-2 E/B TO SR-134 W/B","SR-2 E/B (GLENDALE FREEWAY)",55.00,E,N,B,C,Y,LA,,2," ",R,18.842,H,,R,Y,3,0,1,1,A,-,03,22350,,N,A,I,A,B,H,-,A,D,0,,,,,Y,,A,07,0,1,0,0,0,0,0,0,0,"- ","- ",34.147018432617188,-118.22583770751953,"LOS ANGELES",GLENDALE,-118.22603607177734,34.147060394287109
92032693,2023,2023-03-30,9575,2023-03-21,1020,023236,,2,1,6,1925,0,1,1,,2,050,"I-5 S/B (GOLDEN STATE FREEWAY)","WESTERN AVE",1260.00,N,N,B,C,Y,LA,,5," "," ",28.101,H,,L,N,4,0,1,2,A,-,03,22350,,N,C,C,A,B,H,-,A,D,0,,,,Y,Y,,F,55,0,0,1,0,0,0,0,0,0,"- ","- ",34.166881561279297,-118.29994201660156,"LOS ANGELES",GLENDALE,-118.29988861083984,34.166927337646484
92034537,2023,2023-03-31,9575,2023-03-21,1326,023205,,2,1,6,1925,0,2,S,,2,730,"GLENOAKS BLVD. (1300 BLOCK)","ROSEDALE AVE.",45.00,N,N,B,-,N,,,,,,,,,,N,3,0,1,2,A,-,21,22106,,N,G,B,F,B,H,-,A,D,0,Y,,,,Y,,A,01,0,1,0,0,1,0,0,0,0,"- ","- ",34.167339324951172,-118.28285217285156,"LOS ANGELES",GLENDALE,-118.28350067138672,34.166500091552734
92035618,2023,2023-11-20,9575,2023-02-19,1650,021006,,7,2,6,1925,0,1,3,,2,042,"SR-134 E/B (VENTURA FREEWAY)","CHEVY CHASE DRIVE",150.00,E,N,A,-,Y,LA,,134," ",R,8.394,H,,R,Y,3,0,2,3,A,-,07,21658,A,N,B,0,A,A,H,-,A,D,0,,,,,Y,,A,08,0,1,1,0,0,0,0,0,0,"- ","- ",34.151210784912109,-118.23516845703125,"LOS ANGELES",GLENDALE,-118.23518371582031,34.151195526123047
92038736,2023,2023-04-06,9575,2023-03-28,2330,022084,,2,3,6,1925,0,1,3,,2,090,"SR-2 W/B (GLENDALE FREEWAY)","FERN LN",2681.00,W,N,B,-,Y,LA,,2," ",R,21.084,H,,L,Y,4,0,1,2,A,-,07,21658,A,M,B,2,A,B,H,-,C,D,0,,,,,Y,,-,99,0,0,1,0,0,0,0,0,0,"- ","- ",34.178810119628906,-118.22052764892578,"LOS ANGELES",GLENDALE,-118.22047424316406,34.178794860839844
92039284,2023,2023-04-07,9575,2023-03-27,1639,022839,,1,2,6,1925,0,1,3,,2,042,"SR-134 E/B (VENTURA FREEWAY)","CENTRAL AVENUE",644.00,W,N,A,-,Y,LA,,134," ",R,6.832,H,,R,N,4,0,1,2,A,-,03,22350,,N,C,C,A,A,H,-,A,D,0,,,,,Y,,A,01,0,0,1,0,0,0,0,0,0,"- ","- ",34.156211853027344,-118.26023864746094,"LOS ANGELES",GLENDALE,-118.26023864746094,34.156269073486328
92039299,2023,2023-04-07,9575,2023-03-28,"830 ",023236,,2,1,6,1925,0,1,3,,2,042,"SR-134 W/B (VENTURA FREEWAY)","SAN FERNANDO ROAD",518.00,E,N,A,-,Y,LA,,134," ",R,6.041,H,,L,Y,3,0,2,2,A,-,03,22350,,N,C,2,A,A,H,-,A,D,0,,,,,Y,,A,01,0,1,1,0,0,0,0,0,0,"- ","- ",34.154270172119141,-118.273681640625,"LOS ANGELES",GLENDALE,-118.27370452880859,34.154346466064453
92039754,2023,2023-07-03,9575,2023-03-28,2340,022839,,2,3,6,1925,0,1,3,,2,090,"SR-2 W/B (GLENDALE FREEWAY)","FERN LANE",2674.00,E,N,A,-,Y,LA,,2," ",R,21.079,H,,L,Y,3,0,2,2,A,-,03,22350,,N,C,C,A,A,H,-,D,D,0,,,,,Y,,A,01,0,1,1,0,0,0,0,0,0,"- ","- ",34.178730010986328,-118.22054290771484,"LOS ANGELES",GLENDALE,-118.22049713134766,34.178718566894531
92040124,2023,2023-04-10,9575,2023-03-29,2347,021879,,3,3,6,1925,0,1,3,,2,042,"SR-134 E/B (VENTURA FREEWAY)","VERDUGO RD.",130.00,W,N,B,C,Y,LA,,134," ",R,8.213,H,,R,Y,4,0,1,2,A,-,03,22350,,N,B,2,A,B,H,-,C,D,0,,,,,Y,,A,01,0,0,1,0,0,0,0,0,0,"- ","- ",34.15277099609375,-118.23735046386719,"LOS ANGELES",GLENDALE,-118.23732757568359,34.152793884277344
92040888,2023,2023-04-10,9575,2023-03-29,1540,023227,,3,2,6,1925,0,1,1,,2,050,"I-5 S/B (GOLDEN STATE FREEWAY)","SONORA AVE",300.00,S,N,A,-,Y,LA,,5," "," ",27.480,H,,L,Y,3,0,6,6,A,-,03,22350,,N,C,C,A,A,H,-,A,D,0,,,,,Y,,E,22,0,1,5,0,0,0,0,0,0,"- ","- ",34.160320281982422,-118.29292297363281,"LOS ANGELES",GLENDALE,-118.29285430908203,34.160346984863281
92041033,2023,2023-04-10,9575,2023-03-30,"245 ",022084,,4,3,6,1925,0,1,3,,2,042,"SR-134 W/B (VENTURA FREEWAY)","GLENDALE AVE.",470.00,E,N,C,-,Y,LA,,134," ",R,7.968,H,,L,Y,3,0,1,1,A,-,03,22350,,N,E,I,A,B,H,-,C,D,0,,,,,Y,,A,01,0,1,0,0,0,0,0,0,0,"- ","- ",34.155208587646484,-118.24066925048828,"LOS ANGELES",GLENDALE,-118.24061584472656,34.155288696289062
92045213,2023,2023-04-14,9575,2023-04-07,1331,023229,,5,1,6,1925,0,1,3,,2,042,"SR-134 W/B (VENTURA FREEWAY)","BRAND BLVD",1320.00,E,N,A,-,Y,LA,,134," ",R,7.981,H,,L,N,4,0,3,2,A,-,03,22350,,M,C,C,A,A,H,-,A,D,0,,,,,Y,,-,99,0,0,3,0,0,0,0,0,0,"- ","- ",34.155231475830078,-118.24037933349609,"LOS ANGELES",GLENDALE,-118.24041748046875,34.155185699462891
92048465,2023,2023-04-19,9575,2023-04-09,1539,023031,,7,2,6,1925,0,1,1,,2,062,"I-210 W/B (FOOTHILL FREEWAY)","LOWELL AVENUE",1105.00,W,N,A,-,Y,LA,,210," ",R,15.415,H,,L,Y,3,0,1,1,A,-,01,23152,A,N,E,I,A,A,H,-,A,D,0,,,,,Y,Y,A,07,0,1,0,0,0,0,0,0,0,"- ","- ",34.232070922851562,-118.26986694335938,"LOS ANGELES",GLENDALE,-118.26985168457031,34.232124328613281
92048525,2023,2023-04-19,9575,2023-04-12,1543,023263,,3,2,6,1925,0,1,3,,2,042,"SR-134 E/B (VENTURA FREEWAY)","SAN FERNANDO ROAD",405.00,E,N,B,-,Y,LA,,134," ",R,6.023,H,,R,N,4,0,1,2,A,-,03,22350,,N,C,C,A,A,H,-,A,D,0,,,,,Y,,A,07,0,0,1,0,0,0,0,0,0,"- ","- ",34.154121398925781,-118.27397918701172,"LOS ANGELES",GLENDALE,-118.27396392822266,34.154075622558594
92054168,2023,2023-04-26,9575,2023-04-23,1500,023126,,7,2,6,1925,0,1,1,,2,050,"I-5 S/B (GOLDEN STATE FREEWAY)","WESTERN AVE",528.00,S,N,A,-,Y,LA,,5," "," ",27.740,H,,L,N,4,0,1,2,A,-,03,22350,,N,C,C,A,A,H,-,A,D,0,,,,,Y,,A,01,0,0,1,0,0,0,0,0,0,"- ","- ",34.163440704345703,-118.29530334472656,"LOS ANGELES",GLENDALE,-118.29523468017578,34.163490295410156
92056505,2023,2023-04-28,9575,2023-04-18,1830,023243,,2,2,6,1925,0,1,1,,2,050,"I-5 S/B (GOLDEN STATE FREEWAY)","WESTERN AVE",390.00,N,N,A,-,Y,LA,,5," "," ",27.933,H,,L,N,4,0,2,2,A,-,03,22350,,N,C,C,A,A,H,-,A,D,0,,,,,Y,,A,01,0,0,2,0,0,0,0,0,0,"- ","- ",34.165370941162109,-118.29769897460938,"LOS ANGELES",GLENDALE,-118.2977294921875,34.16534423828125
92059337,2023,2023-05-02,9575,2023-04-27,1405,022629,,4,2,6,1925,0,1,3,,2,042,"SR-134 E/B (VENTURA FREEWAY)","SAN FERNANDO ROAD",528.00,E,N,A,-,Y,LA,,134," ",R,6.074,H,,R,N,4,0,1,2,A,-,03,22350,,N,C,C,A,A,H,-,A,D,0,,,,Y,Y,,F,27,0,0,1,0,0,0,0,0,0,"- ","- ",34.154308319091797,-118.27314758300781,"LOS ANGELES",GLENDALE,-118.27313232421875,34.154262542724609
92062915,2023,2023-05-08,9575,2023-05-03,"840 ",023205,,3,1,6,1925,0,1,1,,2,050,"I-5 S/B (GOLDEN STATE FREEWAY)","SONORA AVE.",647.00,S,N,A,-,Y,LA,,5," "," ",27.416,H,,L,N,4,0,1,2,A,-,03,22350,,N,C,C,A,A,H,-,A,D,0,,,,,Y,,A,01,0,0,1,0,0,0,0,0,0,"- ","- ",34.159549713134766,-118.29229736328125,"LOS ANGELES",GLENDALE,-118.29237365722656,34.159519195556641
92063084,2023,2023-05-08,9575,2023-04-25,1830,023263,,2,2,6,1925,0,1,3,,2,042,"SR-134 E/B (VENTURA FREEWAY)","SAN FERNANDO ROAD",259.00,E,N,A,-,Y,LA,,134," ",R,5.994,H,,R,N,3,0,1,2,A,-,03,22350,,N,C,C,A,A,H,-,A,D,0,,,,,Y,,A,01,0,1,0,0,0,0,0,0,0,"- ","- ",34.1539306640625,-118.27442169189453,"LOS ANGELES",GLENDALE,-118.27443695068359,34.153972625732422
92067487,2023,2023-05-12,9575,2023-05-03,1550,021925,,3,2,6,1925,0,1,3,,2,042,"SR-134 E/B (VENTURA FREEWAY)","PACIFIC AVENUE",1125.00,W,N,A,-,Y,LA,,134," ",R,6.369,H,,R,N,4,0,1,3,A,-,03,22350,,N,C,C,A,A,H,-,A,D,0,,,,,Y,,D,22,0,0,1,0,0,0,0,0,0,"- ","- ",34.155441284179688,-118.26824951171875,"LOS ANGELES",GLENDALE,-118.26823425292969,34.1553955078125
92067700,2023,2023-05-12,9575,2023-05-02,1700,023243,,2,2,6,1925,0,1,3,,2,042,"SR-134 E/B (VENTURA FREEWAY)","NORTH VERDUGO RD",240.00,E,N,A,-,Y,LA,,134," ",R,8.366,H,,R,N,4,0,3,2,A,-,07,21658,A,N,B,C,A,A,H,-,A,D,0,,,,,Y,,-,"- ",0,0,3,0,0,0,0,0,0,"- ","- ",34.151470184326172,-118.23554992675781,"LOS ANGELES",GLENDALE,-118.23555755615234,34.151466369628906
92068983,2023,2023-05-15,9575,2023-05-05,1340,023029,,5,1,6,1925,0,1,1,,2,062,"I-210 E/B (FOOTHILL FREEWAY)","RAMSDELL AVENUE",514.00,E,N,A,-,Y,LA,,210," ",R,17.193,H,,R,N,4,0,1,2,A,-,08,22107,,N,B,2,A,A,H,-,A,D,0,,,,Y,Y,,-,"- ",0,0,1,0,0,0,0,0,0,"- ","- ",34.219890594482422,-118.2427978515625,"LOS ANGELES",GLENDALE,-118.24279022216797,34.219902038574219
92069156,2023,2023-05-15,9575,2023-05-04,1808,022953,,4,2,6,1925,0,1,3,,2,042,"SR-134 E/B (VENTURA FREEWAY)","BRAND AVENUE",1450.00,E,N,A,-,Y,LA,,134," ",R,7.199,H,,R,N,4,0,1,2,A,-,03,22350,,N,C,C,A,A,H,-,E,D,0,,,,,Y,,A,01,0,0,1,0,0,0,0,0,0,"- ","- ",34.15631103515625,-118.25379943847656,"LOS ANGELES",GLENDALE,-118.25379943847656,34.156276702880859
92073515,2023,2023-05-22,9575,2023-05-13,1430,022651,,6,2,6,1925,0,1,3,,2,042,"SR-134 W/B (VENTURA FREEWAY)","CENTRAL AVE",360.00,W,N,A,-,Y,LA,,134," ",R,6.886,H,,L,N,4,0,2,2,A,-,03,22350,,N,C,C,A,A,H,-,A,D,0,,,,,Y,,A,01,0,0,2,0,0,0,0,0,0,"- ","- ",34.156509399414062,-118.25932312011719,"LOS ANGELES",GLENDALE,-118.25932312011719,34.156448364257812
92073690,2023,2023-05-22,9575,2023-05-05,1445,023126,,5,2,6,1925,0,1,1,,2,050,"I-5 S/B (GOLDEN STATE FREEWAY)","WESTERN AVE",1320.00,N,N,A,-,Y,LA,,5," "," ",28.113,H,,L,Y,4,0,1,3,A,-,03,22350,,N,C,C,A,A,H,-,A,D,0,,,,Y,Y,,A,01,0,0,1,0,0,0,0,0,0,"- ","- ",34.167030334472656,-118.300048828125,"LOS ANGELES",GLENDALE,-118.30004119873047,34.167037963867188
92073936,2023,2023-05-22,9575,2023-05-16,1840,022651,,2,2,6,1925,0,1,1,,2,050,"I-5 S/B (GOLDEN STATE FREEWAY)","SONORA AVE",225.00,S,N,A,-,Y,LA,,5," "," ",27.493,H,,L,N,4,0,2,3,A,-,03,22350,,N,C,C,A,A,H,-,A,D,0,,,,,Y,,A,01,0,0,2,0,0,0,0,0,0,"- ","- ",34.160549163818359,-118.29286956787109,"LOS ANGELES",GLENDALE,-118.29295349121094,34.160514831542969
92075716,2023,2023-05-23,9575,2023-05-12,1752,023029,,5,2,6,1925,0,1,1,,2,062,"I-210 E/B (FOOTHILL FREEWAY)","NEW YORK AVENUE",341.00,W,N,A,-,Y,LA,,210," ",R,16.414,H,,R,Y,4,0,1,3,A,-,03,22350,,N,C,C,A,A,H,-,A,D,0,,,,Y,Y,,G,25,0,0,1,0,0,0,0,0,0,"- ","- ",34.226219177246094,-118.25405120849609,"LOS ANGELES",GLENDALE,-118.25403594970703,34.226238250732422
92077111,2023,2023-05-25,9575,2023-05-13,2220,022918,,6,3,6,1925,0,1,3,,2,042,"SR-134 E/B (VENTURA FREEWAY) TO SR-2 (GLENDALE FRE",GLENDALE,1000.00,E,N,A,-,Y,LA,,134," ",R,8.518,H,,R,Y,4,0,1,1,A,-,08,22107,,N,E,8,A,A,H,-,C,D,0,,,,,Y,,A,01,0,0,1,0,0,0,0,0,0,"- ","- ",34.149810791015625,-118.23358154296875,"LOS ANGELES",GLENDALE,-118.23342132568359,34.149982452392578
92077122,2023,2023-05-25,9575,2023-05-15,2105,023243,,1,2,6,1925,0,1,3,,2,090,"SR-2 W/B (GLENDALE FREEWAY)","E CHEVY CHASE DR",315.00,W,N,A,-,Y,LA,,2," ",R,19.363,H,,L,N,4,0,3,1,A,-,08,22107,,N,E,I,A,A,H,-,C,D,0,,,,,Y,,A,01,0,0,3,0,0,0,0,0,0,"- ","- ",34.154460906982422,-118.22422027587891,"LOS ANGELES",GLENDALE,-118.22430419921875,34.154460906982422
92077289,2023,2023-05-25,9575,2023-05-18,1122,020847,,4,1,6,1925,0,1,3,,2,090,"SR-2 W/B (GLENDALE FREEWAY)","MOUNTAIN ST.",450.00,S,N,A,-,Y,LA,,2," ",R,19.665,H,,L,N,4,0,1,2,A,-,08,22107,,M,B,2,A,A,H,-,A,D,0,,,,,Y,,A,07,0,0,1,0,0,0,0,0,0,"- ","- ",34.158740997314453,-118.22528076171875,"LOS ANGELES",GLENDALE,-118.22531127929688,34.158733367919922
92083394,2023,2023-06-01,9575,2023-05-25,"745 ",022626,,4,1,6,1925,0,1,1,,2,062,"I-210 E/B (FOOTHILL FREEWAY)","NEW YORK AVE.",500.00,W,N,B,-,Y,LA,,210," ",R,16.374,H,,R,Y,4,0,1,3,A,-,03,22350,,N,C,C,A,A,H,-,A,D,0,,,,,Y,,A,01,0,0,1,0,0,0,0,0,0,"- ","- ",34.226608276367188,-118.25457000732422,"LOS ANGELES",GLENDALE,-118.25459289550781,34.226585388183594
92084578,2023,2023-06-02,9575,2023-05-20,1535,022940,,6,2,6,1925,0,1,3,,2,090,"SR-2 E/B TO SR-134 W/B",BROADWAY,1162.00,E,N,A,-,Y,,,,,,,,,,Y,4,0,2,1,A,-,01,23152,A,N,E,8,A,A,H,-,A,D,0,,,,,Y,Y,A,01,0,0,2,0,0,0,0,0,0,"- ","- ",34.146831512451172,-118.22458648681641,"LOS ANGELES",GLENDALE,-118.22458648681641,34.146831512451172
92085417,2023,2023-06-05,9575,2023-05-04,1158,020251,,4,1,6,1925,0,1,3,,2,090,"SR-2 W/B (GLENDALE FREEWAY)","SHERER LN.",1000.00,E,N,C,-,Y,LA,,2," ",R,21.029,H,,L,Y,4,0,1,2,A,-,03,22350,,N,C,C,A,B,H,-,A,D,0,,,,,Y,,A,01,0,0,1,0,0,0,0,0,0,"- ","- ",34.178020477294922,-118.22071075439453,"LOS ANGELES",GLENDALE,-118.22071838378906,34.178020477294922
92086208,2023,2023-06-05,9575,2023-05-28,2054,022110,,7,2,6,1925,0,1,3,,2,090,"SR-2 E/B TO SR-134 W/B","SR-134 (VENTURA FREEWAY)",500.00,N,N,A,-,Y,,,,,,,,,,N,4,0,2,2,A,-,08,22107,,M,B,2,A,A,H,-,C,D,0,,,,,Y,,-,99,0,0,2,0,0,0,0,0,0,"- ","- ",34.147918701171875,-118.22467803955078,"LOS ANGELES",GLENDALE,-118.22467803955078,34.147918701171875
92086427,2023,2023-06-05,9575,2023-06-01,1000,022489,,4,1,6,1925,0,1,3,,2,042,"SR-134 E/B (VENTURA FREEWAY)","SAN FERNANDO RD.",195.00,W,N,B,-,Y,LA,,134," ",R,5.891,H,,R,Y,3,0,1,2,A,-,07,21658,A,N,D,C,A,A,H,-,A,D,0,,,,,Y,,A,01,0,1,0,0,0,0,0,0,0,"- ","- ",34.153579711914062,-118.27617645263672,"LOS ANGELES",GLENDALE,-118.27617645263672,34.153564453125
92088095,2023,2023-06-07,9575,2023-05-17,"500 ",023263,,3,3,6,1925,0,1,3,,2,090,"SR-2 E/B (GLENDALE FREEWAY)","VERDUGO BOULEVARD",4435.00,W,N,E,-,Y,LA,,2," ",R,22.133,H,,R,N,4,0,1,1,C,-,18,,,N,H,H,A,A,C,-,B,D,0,,,,,Y,,-,"- ",0,0,1,0,0,0,0,0,0,"- ","- ",34.193149566650391,-118.21997833251953,"LOS ANGELES",GLENDALE,-118.21994018554688,34.193157196044922
92088973,2023,2023-06-08,9575,2023-05-30,1730,022513,,2,2,6,1925,0,1,3,,2,042,"SR-134 W/B (VENTURA FREEWAY)","SAN FERNANDO RD",1901.00,E,N,B,-,Y,LA,,134," ",R,6.308,H,,L,N,4,0,4,5,A,-,08,22107,,N,B,C,A,A,H,-,A,D,0,,,,,Y,,A,08,0,0,4,0,0,0,0,0,0,"- ","- ",34.155448913574219,-118.26924133300781,"LOS ANGELES",GLENDALE,-118.26921081542969,34.155364990234375
92089486,2023,2023-06-08,9575,2023-05-26,1635,022651,,5,2,6,1925,0,1,3,,2,042,"SR-134 W/B (VENTURA FREEWAY)","GENEVA ST.",330.00,W,N,A,-,Y,LA,,134," ",R,7.530,H,,L,Y,2,0,1,3,A,-,03,22350,,N,D,2,A,A,H,-,A,D,0,,,,,Y,,A,01,1,0,0,0,0,0,0,0,0,"- ","- ",34.156429290771484,-118.24803161621094,"LOS ANGELES",GLENDALE,-118.24803161621094,34.156467437744141
92089541,2023,2023-06-08,9575,2023-05-31,1910,023236,,3,2,6,1925,0,1,3,,2,042,"SR-134 E/B (VENTURA FREEWAY)","GLENDALE AVENUE",257.00,W,N,B,-,Y,LA,,134," ",R,7.817,H,,R,N,3,0,1,1,C,-,18,,,N,H,J,A,A,H,-,A,D,0,,,,,Y,,-,"- ",0,1,0,0,0,0,0,0,0,"- ","- ",34.156028747558594,-118.24314117431641,"LOS ANGELES",GLENDALE,-118.24314880371094,34.156005859375
92090896,2023,2023-06-12,9575,2023-06-01,"905 ",022489,,4,1,6,1925,0,1,3,,2,042,"SR-134 W/B (VENTURA FREEWAY)","JACKSON ST.",100.00,W,N,B,-,Y,LA,,134," ",R,7.376,H,,L,Y,4,0,1,4,A,-,03,22350,,N,C,C,A,A,H,-,A,D,0,,,,,Y,,D,22,0,0,1,0,0,0,0,0,0,"- ","- ",34.156440734863281,-118.250732421875,"LOS ANGELES",GLENDALE,-118.250732421875,34.156455993652344
92091142,2023,2023-06-12,9575,2023-06-02,1440,023029,,5,2,6,1925,0,1,3,,2,042,"SR-134 E/B (VENTURA FREEWAY)","PACIFIC AVENUE",355.00,W,N,A,-,Y,LA,,134," ",R,6.517,H,,R,N,4,0,1,3,A,-,03,22350,,N,C,C,A,A,H,-,A,D,0,,,,,Y,,D,22,0,0,1,0,0,0,0,0,0,"- ","- ",34.155971527099609,-118.26576995849609,"LOS ANGELES",GLENDALE,-118.26575469970703,34.155918121337891
92093242,2023,2023-06-14,9575,2023-06-05,1818,023236,,1,2,6,1925,0,1,3,,2,042,"SR-134 W/B (VENTURA FREEWAY)","GLENDALE AVENUE",326.00,E,N,A,-,Y,LA,,134," ",R,7.940,H,,L,Y,3,0,2,2,A,-,07,21658,A,N,B,2,A,A,H,-,A,D,0,,,,,Y,,-,"- ",0,1,1,0,0,0,0,0,0,"- ","- ",34.155521392822266,-118.24102020263672,"LOS ANGELES",GLENDALE,-118.24103546142578,34.155490875244141
92093259,2023,2023-06-14,9575,2023-06-08,"905 ",019538,,4,1,6,1925,0,1,3,,2,042,"SR-134 W/B (VENTURA FREEWAY)","SAN FERNANDO RD.",320.00,E,N,B,-,Y,LA,,134," ",R,6.004,H,,L,Y,4,0,1,3,A,-,03,22350,,N,C,C,A,A,H,-,A,D,0,,,,,Y,,A,01,0,0,1,0,0,0,0,0,0,"- ","- ",34.154140472412109,-118.27429962158203,"LOS ANGELES",GLENDALE,-118.27432250976562,34.154193878173828
92093273,2023,2023-06-14,9575,2023-06-07,"950 ",019538,,3,1,6,1925,0,1,3,,2,090,"SR-2 E/B (GLENDALE FREEWAY)","MOUNTAIN ST.",1135.00,W,N,B,-,Y,LA,,2," ",R,19.825,H,,R,N,4,0,1,2,A,-,03,22350,,N,C,C,A,A,H,-,A,D,0,,,,,Y,,A,08,0,0,1,0,0,0,0,0,0,"- ","- ",34.161060333251953,-118.22538757324219,"LOS ANGELES",GLENDALE,-118.22537994384766,34.161060333251953
92093317,2023,2023-06-14,9575,2023-06-07,"800 ",019538,,3,1,6,1925,0,1,3,,2,042,"STATE ROUTE 134 W/B (VENTURA FREEWAY)","GENEVA STREET OVERCROSSING",200.00,W,N,B,-,Y,LA,,134," ",R,7.545,H,,L,N,4,0,1,2,A,-,03,22350,,N,C,C,A,A,H,-,A,D,0,,,,,Y,,A,07,0,0,1,0,0,0,0,0,0,"- ","- ",34.156440734863281,-118.24777221679688,"LOS ANGELES",GLENDALE,-118.24777221679688,34.156471252441406
92093330,2023,2023-06-14,9575,2023-06-07,1151,023204,,3,1,6,1925,0,1,3,,2,042,"SR-134 E/B TO SR-2 E/B","HARVEY DRIVE",78.00,W,N,B,-,Y,,,,,,,,,,N,4,0,1,2,A,-,07,21658,A,N,B,C,A,A,H,-,A,D,0,,,,,Y,,A,01,0,0,1,0,0,0,0,0,0,"- ","- ",34.147449493408203,-118.22940826416016,"LOS ANGELES",GLENDALE,-118.22940826416016,34.147449493408203
92093382,2023,2023-06-14,9575,2023-06-05,1935,021925,,1,2,6,1925,0,1,3,,2,042,"SR-134 W/B TO BRAND BOULEVARD","BRAND BOULEVARD",50.00,E,N,A,-,Y,,,,,,,,,,Y,4,0,2,3,A,-,03,22350,,N,C,C,A,A,H,-,C,D,0,,,,,Y,,A,01,0,0,2,0,0,0,0,0,0,"- ","- ",34.156768798828125,-118.25469207763672,"LOS ANGELES",GLENDALE,-118.25469207763672,34.156768798828125
92093458,2023,2023-06-14,9575,2023-06-05,2048,022526,,1,2,6,1925,0,1,1,,2,050,"I-5 S/B (GOLDEN STATE FREEWAY)","WESTERN AVENUE",72.00,S,N,A,-,Y,LA,,5," "," ",27.825,H,,L,N,4,0,2,2,A,-,03,22350,,N,C,C,A,A,H,-,C,D,0,,,,,Y,,D,22,0,0,2,0,0,0,0,0,0,"- ","- ",34.164379119873047,-118.29627227783203,"LOS ANGELES",GLENDALE,-118.29632568359375,34.164325714111328
92093547,2023,2023-06-14,9575,2023-06-05,2053,022526,,1,2,6,1925,0,1,1,,2,050,"I-5 S/B (GOLDEN STATE FREEWAY)","WESTERN AVENUE",74.00,S,N,A,-,Y,LA,,5," "," ",27.825,H,,L,N,4,0,2,3,A,-,03,22350,,N,C,C,A,A,H,-,C,D,0,,,,,Y,,D,22,0,0,2,0,0,0,0,0,0,"- ","- ",34.164379119873047,-118.29627227783203,"LOS ANGELES",GLENDALE,-118.29632568359375,34.164325714111328
92094026,2023,2023-06-15,9575,2023-06-06,1550,022839,,2,2,6,1925,0,1,1,,2,050,"I-5 S/B (GOLDEN STATE FREEWAY)","ALLEN AVENUE",490.00,S,N,A,-,Y,LA,,5," "," ",28.049,H,,L,Y,4,0,1,2,A,-,03,22350,,M,C,C,A,A,H,-,A,D,0,,,,,Y,,A,07,0,0,1,0,0,0,0,0,0,"- ","- ",34.166439056396484,-118.29921722412109,"LOS ANGELES",GLENDALE,-118.29922485351562,34.166439056396484
92095246,2023,2023-06-16,9575,2023-06-08,1804,022526,,4,2,6,1925,0,1,1,,2,062,"I-210 E/B (FOOTHILL FREEWAY)","NEW YORK AVENUE",106.00,E,N,A,-,Y,LA,,210," ",R,16.511,H,,R,N,4,0,1,2,A,-,17,22109,,M,E,0,A,A,H,-,A,D,0,,,,,Y,,-,99,0,0,1,0,0,0,0,0,0,"- ","- ",34.22528076171875,-118.25276184082031,"LOS ANGELES",GLENDALE,-118.25265502929688,34.225395202636719
92099383,2023,2023-06-22,9575,2023-06-13,1721,022110,,2,2,6,1925,0,1,3,,2,042,"SR-134 E/B (VENTURA FREEWAY)","VERDUGO ROAD",620.00,W,N,B,-,Y,LA,,134," ",R,8.137,H,,R,N,4,0,2,4,A,-,03,22350,,M,C,C,A,A,H,-,A,D,0,,,,,Y,,-,99,0,0,2,0,0,0,0,0,0,"- ","- ",34.153530120849609,-118.23842620849609,"LOS ANGELES",GLENDALE,-118.23836517333984,34.153583526611328
92100599,2023,2023-06-23,9575,2023-05-23,2200,023263,,2,3,6,1925,0,1,3,,2,042,"SR-134 W/B (VENTURA FREEWAY)","PACIFIC AVENUE",48.00,E,N,A,-,Y,LA,,134," ",R,6.603,H,,L,N,4,0,1,2,A,-,03,22350,,N,C,C,A,A,H,-,C,D,0,,,,,Y,Y,A,01,0,0,1,0,0,0,0,0,0,"- ","- ",34.156368255615234,-118.26413726806641,"LOS ANGELES",GLENDALE,-118.26413726806641,34.156330108642578
92100667,2023,2023-06-23,9575,2023-06-17,1107,022203,,6,1,6,1925,0,1,1,,2,050,"I-5 S/B (GOLDEN STATE FREEWAY)","SONORA AVE.",275.00,S,N,A,-,Y,LA,,5," "," ",27.483,H,,L,Y,4,0,3,2,A,-,03,22350,,N,C,C,A,A,H,-,A,D,0,,,,,Y,,A,01,0,0,3,0,0,0,0,0,0,"- ","- ",34.160358428955078,-118.29293823242188,"LOS ANGELES",GLENDALE,-118.29287719726562,34.160385131835938
92102427,2023,2023-06-26,9575,2023-06-19,1740,023229,,1,2,6,1925,0,1,3,,2,042,"SR-134 E/B (VENTURA FREEWAY)","BRAND BLVD.",190.00,W,N,A,-,Y,LA,,134," ",R,7.084,H,,R,N,4,0,1,2,A,-,03,22350,,N,C,C,A,A,H,-,A,D,0,,,,,Y,,A,01,0,0,1,0,0,0,0,0,0,"- ","- ",34.156219482421875,-118.25582122802734,"LOS ANGELES",GLENDALE,-118.25582122802734,34.156269073486328
92103734,2023,2023-06-28,9575,2023-06-21,1450,022526,,3,2,6,1925,0,1,3,,2,042,"SR-134 E/B (VENTURA FREEWAY)","BRAND BOULEVARD",113.00,E,N,A,-,Y,LA,,134," ",R,7.159,H,,R,N,4,0,1,2,A,-,03,22350,,N,C,C,A,A,H,-,A,D,0,,,,,Y,,A,01,0,0,1,0,0,0,0,0,0,"- ","- ",34.156219482421875,-118.25450134277344,"LOS ANGELES",GLENDALE,-118.25450134277344,34.156272888183594
92104604,2023,2023-07-21,9575,2023-06-15,2315,023072,,4,3,6,1925,0,1,1,,2,050,"I-5 S/B (GOLDEN STATE FREEWAY)","WESTERN AVENUE",520.00,S,N,A,-,Y,LA,,5," "," ",27.740,H,,L,Y,4,0,1,3,A,-,01,23152,A,N,B,C,A,A,H,-,C,D,0,,,,,Y,Y,A,01,0,0,1,0,0,0,0,0,0,"- ","- ",34.163528442382812,-118.29519653320312,"LOS ANGELES",GLENDALE,-118.29524230957031,34.163494110107422
92104638,2023,2023-06-28,9575,2023-06-22,2020,023227,,4,2,6,1925,0,1,1,,2,050,"I-5 S/B (GOLDEN STATE FREEWAY)","SONORA AVE",200.00,N,N,A,-,Y,LA,,5," "," ",27.595,H,,L,N,4,0,1,3,A,-,07,21658,A,N,B,C,A,A,H,-,B,D,0,,,,,Y,,A,01,0,0,1,0,0,0,0,0,0,"- ","- ",34.161800384521484,-118.29380035400391,"LOS ANGELES",GLENDALE,-118.29373931884766,34.161827087402344
92104916,2023,2023-06-29,9575,2023-06-23,"455 ",022477,,5,3,6,1925,0,1,3,,2,042,"STATE ROUTE 134 E/B","PACIFIC AVENUE",575.00,E,N,A,-,Y,LA,,134," ",R,6.700,H,,R,Y,4,0,1,1,A,-,08,22107,,N,E,8,A,A,H,-,C,D,0,,,,,Y,,A,01,0,0,1,0,0,0,0,0,0,"- ","- ",34.156139373779297,-118.26251983642578,"LOS ANGELES",GLENDALE,-118.26251983642578,34.156238555908203
92105569,2023,2023-06-29,9575,2023-06-21,"957 ",023236,,3,1,6,1925,0,1,3,,2,042,"SR-134 W/B (VENTURA FREEWAY)","CONCORD STREET",608.00,E,N,A,-,Y,LA,,134," ",R,6.314,H,,L,Y,4,0,1,3,A,-,03,22350,,N,C,C,A,A,H,-,A,D,0,,,,,Y,,A,07,0,0,1,0,0,0,0,0,0,"- ","- ",34.155368804931641,-118.26911163330078,"LOS ANGELES",GLENDALE,-118.26911926269531,34.155387878417969
92107907,2023,2023-07-03,9575,2023-06-24,1432,022839,,6,2,6,1925,0,1,3,,2,042,"SR-134 W/B (VENTURA FREEWAY) TO FAIRMONT AVENUE","SAN FERNANDO ROAD",700.00,E,N,A,-,Y,,,,,,,,,,Y,4,0,1,1,A,-,08,22107,,N,E,I,A,A,H,-,A,D,0,,,,,Y,,A,01,0,0,1,0,0,0,0,0,0,"- ","- ",34.154960632324219,-118.27342224121094,"LOS ANGELES",GLENDALE,-118.27342224121094,34.154960632324219
92107926,2023,2023-07-03,9575,2023-06-23,1225,023016,,5,1,6,1925,0,1,1,,2,062,"I-210 EB TO SR-2 WB","VERDUGO BLVD",158.00,S,N,A,-,Y,LA,,2," ",R,22.943,H,,L,Y,4,0,1,1,C,-,18,,,N,E,8,A,A,H,-,A,D,0,,,,,Y,,-,"- ",0,0,1,0,0,0,0,0,0,"- ","- ",34.204818725585938,-118.21858215332031,"LOS ANGELES",GLENDALE,-118.21886444091797,34.204864501953125
92111699,2023,2023-07-07,9575,2023-05-17,"230 ",023263,,3,3,6,1925,0,1,3,,2,042,"SR-134 W/B (VENTURA FREEWAY)","JACKSON STREET",79.00,W,N,B,-,Y,LA,,134," ",R,7.380,H,,L,Y,4,0,1,2,A,-,01,23152,A,N,C,J,A,A,H,-,C,D,0,,,,Y,Y,Y,A,08,0,0,1,0,0,0,0,0,0,"- ","- ",34.156440734863281,-118.25066375732422,"LOS ANGELES",GLENDALE,-118.25065612792969,34.156455993652344
92112090,2023,2023-07-07,9575,2023-06-26,1615,023126,,1,2,6,1925,0,1,1,,2,062,"I-210 W/B (FOOTHILL FREEWAY)","PENNSYLVANIA AVE.",1584.00,W,N,A,-,Y,LA,,210," ",R,16.454,H,,L,N,4,0,1,2,A,-,03,22350,,N,C,C,A,A,H,-,A,D,0,,,,,Y,,A,07,0,0,1,0,0,0,0,0,0,"- ","- ",34.226150512695312,-118.25350189208984,"LOS ANGELES",GLENDALE,-118.25345611572266,34.2261962890625
92113474,2023,2023-07-10,9575,2023-06-30,2145,021879,,5,2,6,1925,0,1,3,,2,090,"SR-2 W/B TO SR-134 W/B","HOLLY DR.",850.00,S,N,A,-,Y,,,,,,,,,,Y,4,0,1,2,A,-,07,21658,A,M,B,C,A,A,H,-,C,D,0,,,,,Y,,-,99,0,0,1,0,0,0,0,0,0,"- ","- ",34.148738861083984,-118.22836303710938,"LOS ANGELES",GLENDALE,-118.22836303710938,34.148738861083984
92114716,2023,2023-07-12,9575,2023-06-29,1910,023243,,4,2,6,1925,0,1,1,,2,050,"I-5 S/B (GOLDEN STATE FREEWAY)","SONORA AVENUE",128.00,S,N,A,-,Y,LA,,5," "," ",27.510,H,,L,Y,3,0,1,2,A,-,03,22350,,N,C,C,A,A,H,-,A,D,0,,,,,Y,,A,07,0,1,0,0,0,0,0,0,0,"- ","- ",34.160720825195312,-118.29312133789062,"LOS ANGELES",GLENDALE,-118.29308319091797,34.160736083984375
92116186,2023,2023-07-13,9575,2023-07-11,"625 ",022503,,2,1,6,1925,0,1,1,,2,050,"I-5 S/B (GOLDEN STATE FREEWAY)","SONORA AVE",400.00,S,N,A,-,Y,LA,,5," "," ",27.464,H,,L,Y,4,0,2,3,A,-,03,22350,,N,B,C,A,A,H,-,B,D,0,,,,,Y,,A,01,0,0,2,0,0,0,0,0,0,"- ","- ",34.160148620605469,-118.29268646240234,"LOS ANGELES",GLENDALE,-118.29273223876953,34.160133361816406
92116241,2023,2023-07-13,9575,2023-07-08,1515,022502,,6,2,6,1925,0,1,1,,2,050,"I-5 S/B (GOLDEN STATE FREEWAY)","SONORA AVE",100.00,S,N,A,-,Y,LA,,5," "," ",27.515,H,,L,Y,4,0,1,3,A,-,03,22350,,N,C,C,A,A,H,-,A,D,0,,,,,Y,,A,01,0,0,1,0,0,0,0,0,0,"- ","- ",34.160758972167969,-118.29318237304688,"LOS ANGELES",GLENDALE,-118.29311370849609,34.160789489746094
92120923,2023,2023-07-19,9575,2023-07-11,1817,022110,,2,2,6,1925,0,1,3,,2,042,"SR-134 E/B (VENTURA FREEWAY)","GLENDALE AVENUE",288.00,W,N,A,-,Y,LA,,134," ",R,7.806,H,,R,N,4,0,2,2,A,-,08,22107,,N,B,C,A,A,H,-,A,D,0,,,,,Y,,A,08,0,0,2,0,0,0,0,0,0,"- ","- ",34.156021118164062,-118.24333953857422,"LOS ANGELES",GLENDALE,-118.24333190917969,34.156047821044922
92121951,2023,2023-07-20,9525,2023-07-19,1720,022521,,3,2,6,1925,0,1,1,,2,215,"I-210 W/B (FOOTHILL FWY)","GRAND AVE",2000.00,E,N,A,-,Y,LA,,210," ",R,42.037,H,,L,Y,3,0,2,2,A,-,03,22350,,N,C,C,A,A,H,-,A,D,0,,,,,Y,,A,07,0,1,1,0,0,0,0,0,0,"- ","- ",34.118648529052734,-117.86572265625,"LOS ANGELES",GLENDALE,-117.86568450927734,34.118690490722656
92123170,2023,2023-07-21,9575,2023-07-19,1740,021925,,3,2,6,1925,0,1,3,,2,042,"SR-134 W/B (VENTURA FREEWAY)","CONCORD STREET",281.00,W,N,A,-,Y,LA,,134," ",R,6.143,H,,L,N,4,0,1,2,A,-,03,22350,,N,C,C,A,A,H,-,A,D,0,,,,,Y,,A,01,0,0,1,0,0,0,0,0,0,"- ","- ",34.154811859130859,-118.27207183837891,"LOS ANGELES",GLENDALE,-118.27204132080078,34.154708862304688
92123602,2023,2023-07-24,9575,2023-07-13,1740,021925,,4,2,6,1925,0,1,3,,2,042,"SR-134 W/B (VENTURA FREEWAY)","JACKSON STREET",123.00,W,N,A,-,Y,LA,,134," ",R,7.371,H,,L,Y,3,0,2,3,A,-,03,22350,,N,C,C,A,A,H,-,A,D,0,,,,,Y,,A,07,0,1,1,0,0,0,0,0,0,"- ","- ",34.156558990478516,-118.25080871582031,"LOS ANGELES",GLENDALE,-118.25080871582031,34.156455993652344
92125509,2023,2023-07-25,9575,2023-07-19,1050,021410,,3,1,6,1925,0,1,3,,2,042,"SR-134 WB (VENTURA FREEWAY)","PACIFIC AVE.",600.00,E,N,A,-,Y,LA,,134," ",R,6.712,H,,L,N,4,0,1,2,A,-,03,22350,,N,C,C,A,A,H,-,A,D,0,,,,,Y,,A,01,0,0,1,0,0,0,0,0,0,"- ","- ",34.156490325927734,-118.26232147216797,"LOS ANGELES",GLENDALE,-118.26232147216797,34.156421661376953
92127846,2023,2023-07-27,9575,2023-07-20,"515 ",022469,,4,3,6,1925,0,1,3,,2,042,"SR-134 W/B (VENTURA FREEWAY)","SAN FERNANDO ROAD",138.00,E,N,A,-,Y,LA,,134," ",R,5.970,H,,L,Y,2,0,1,1,A,-,08,22107,,N,E,I,A,A,H,-,C,D,0,,,,Y,Y,,F,26,1,0,0,0,0,0,0,0,0,"- ","- ",34.154121398925781,-118.27488708496094,"LOS ANGELES",GLENDALE,-118.27487182617188,34.154060363769531
92130620,2023,2023-07-28,9575,2023-07-18,1825,023284,,2,2,6,1925,0,1,1,,2,050,"I-5 S/B (GOLDEN STATE FREEWAY)","SONORA AVE",300.00,S,N,A,-,Y,LA,,5," "," ",27.476,H,,L,N,4,0,2,4,A,-,03,22350,,N,C,C,A,A,H,-,A,D,0,,,,,Y,,A,01,0,0,2,0,0,0,0,0,0,"- ","- ",34.160259246826172,-118.29289245605469,"LOS ANGELES",GLENDALE,-118.29281616210938,34.160289764404297
92130657,2023,2023-07-28,9575,2023-07-22,1550,023284,,6,2,6,1925,0,1,1,,2,050,"I-5 S/B (GOLDEN STATE FREEWAY)","SONORA AVE",660.00,S,N,A,-,Y,LA,,5," "," ",27.408,H,,L,N,4,0,1,2,A,-,03,22350,,N,C,C,A,A,H,-,A,D,0,,,,,Y,,D,22,0,0,1,0,0,0,0,0,0,"- ","- ",34.159389495849609,-118.29238128662109,"LOS ANGELES",GLENDALE,-118.29231262207031,34.159416198730469
92131043,2023,2023-07-28,9575,2023-07-24,1525,021925,,1,2,6,1925,0,1,3,,2,042,"SR-134 E/B (VENTURA FREEWAY)","CENTRAL AVENUE",676.00,W,N,A,-,Y,LA,,134," ",R,6.826,H,,R,N,4,0,1,2,A,-,07,21658,A,N,C,C,A,A,H,-,A,D,0,,,,,Y,,A,08,0,0,1,0,0,0,0,0,0,"- ","- ",34.156330108642578,-118.26035308837891,"LOS ANGELES",GLENDALE,-118.26035308837891,34.156269073486328
92131324,2023,2023-07-31,9575,2023-07-19,2228,022939,,3,3,6,1925,0,1,3,,2,042,"SR-134 W/B (VENTURA FREEWAY)","CHEVY CHASE DRIVE",405.00,E,N,A,-,Y,LA,,134," ",R,8.461,H,,L,Y,2,0,3,3,A,-,03,22350,,N,C,2,E,A,H,-,C,D,0,Y,,,,Y,,A,01,2,0,1,0,1,0,0,0,0,"- ","- ",34.150730133056641,-118.23403930664062,"LOS ANGELES",GLENDALE,-118.23411560058594,34.150653839111328
92135139,2023,2023-08-03,9575,2023-07-26,1017,019538,,3,1,6,1925,0,1,3,,2,042,"SR-134 W/B (VENTURA FREEWAY)","COLUMBIA AVE PED O/C",50.00,W,N,A,-,Y,LA,,134," ",R,6.728,H,,L,N,4,0,1,2,A,-,03,22350,,N,C,C,A,A,H,-,A,D,0,,,,,Y,,D,22,0,0,1,0,0,0,0,0,0,"- ","- ",34.156501770019531,-118.26206207275391,"LOS ANGELES",GLENDALE,-118.26205444335938,34.156429290771484
92135158,2023,2023-08-03,9575,2023-07-26,1115,022203,,3,1,6,1925,0,1,1,,2,050,"COLORADO ST FREEWAY EXTENSION FROM I-5 S/B","COLORADO ST.",4.00,W,N,A,-,Y,LA,,5,S," ",25.156,H,,L,N,4,0,1,2,A,-,03,22350,,N,C,C,A,A,H,-,A,A,0,,,,,Y,,A,07,0,0,1,0,0,0,0,0,0,"- ","- ",34.142391204833984,-118.26711273193359,"LOS ANGELES",GLENDALE,-118.26713562011719,34.14239501953125
92138045,2023,2023-08-08,9575,2023-07-29,"450 ",023016,,6,3,6,1925,0,1,3,,2,042,"SR-134 W/B (VENTURA FREEWAY)","GLENDALE AVE",305.00,E,N,A,-,Y,LA,,134," ",R,7.937,H,,L,Y,4,0,1,1,A,-,08,22107,,N,F,0,A,A,H,-,C,D,0,,,,,Y,Y,A,01,0,0,1,0,0,0,0,0,0,"- ","- ",34.155601501464844,-118.24102020263672,"LOS ANGELES",GLENDALE,-118.24107360839844,34.155506134033203
92139683,2023,2023-08-09,9575,2023-07-29,"452 ",022469,,6,3,6,1925,0,1,3,,2,042,"SR-134 W/B TO GLENDALE AVENUE","GLENDALE AVENUE",10.00,E,N,A,-,Y,LA,,134," ",R,7.882,H,,L,N,3,0,1,2,C,-,18,,,N,A,2,A,A,C,-,C,D,0,,,,,Y,,-,"- ",0,1,0,0,0,0,0,0,0,"- ","- ",34.155948638916016,-118.24188995361328,"LOS ANGELES",GLENDALE,-118.241943359375,34.155838012695312
92140730,2023,2023-08-10,9575,2023-08-03,1640,022513,,4,2,6,1925,0,1,3,,2,042,"SR-134 E/B (VENTURA FREEWAY)","GLENDALE AVE.",375.00,E,N,A,-,Y,LA,,134," ",R,7.952,H,,R,N,4,0,2,2,A,-,03,22350,,N,C,C,A,A,H,-,A,D,0,,,,,Y,,A,07,0,0,2,0,0,0,0,0,0,"- ","- ",34.155231475830078,-118.24101257324219,"LOS ANGELES",GLENDALE,-118.24098968505859,34.155258178710938
92141355,2023,2023-08-11,9575,2023-08-08,1725,022502,,2,2,6,1925,0,1,3,,2,042,"SR-134 E/B (VENTURA FREEWAY)","PACIFIC AVENUE",100.00,W,N,A,-,Y,LA,,134," ",R,6.564,H,,R,N,4,0,1,2,A,-,03,22350,,N,C,C,A,A,H,-,A,D,0,,,,,Y,,A,01,0,0,1,0,0,0,0,0,0,"- ","- ",34.156101226806641,-118.26492309570312,"LOS ANGELES",GLENDALE,-118.26490783691406,34.156047821044922
92141867,2023,2023-08-11,9575,2023-08-02,1010,021410,,3,1,6,1925,0,1,1,,2,050,"I-5 S/B (GOLDEN STATE FREEWAY)","SONORA AVE.",1030.00,S,N,A,-,Y,LA,,5," "," ",27.342,H,,L,N,4,0,3,4,A,-,08,22107,,M,B,C,A,A,H,-,A,D,0,,,,Y,Y,,D,22,0,0,3,0,0,0,0,0,0,"- ","- ",34.158599853515625,-118.291748046875,"LOS ANGELES",GLENDALE,-118.29182434082031,34.1585693359375
92146238,2023,2023-08-17,9575,2023-08-08,"7   ",022084,,2,3,6,1925,0,1,3,,2,042,"SR-134 E/B (VENTURA FREEWAY)","GLENDALE AVE.",292.00,W,N,A,-,Y,LA,,134," ",R,7.808,H,,R,Y,4,0,3,2,A,-,03,22350,,N,C,C,A,A,D,-,C,D,0,,,,,Y,,A,01,0,0,3,0,0,0,0,0,0,"- ","- ",34.155998229980469,-118.24330902099609,"LOS ANGELES",GLENDALE,-118.24329376220703,34.156040191650391
92146730,2023,2023-08-17,9575,2023-08-06,1400,023229,,7,2,6,1925,0,1,1,,2,062,"I-210 W/B (FOOTHILL FREEWAY)","DUNSMORE AVE.",190.00,E,N,A,-,Y,LA,,210," ",R,16.129,H,,L,Y,4,0,1,1,A,-,13,22515,A,N,H,9,A,A,H,-,A,D,0,,,,,Y,,D,22,0,0,1,0,0,0,0,0,0,"- ","- ",34.2288818359375,-118.258056640625,"LOS ANGELES",GLENDALE,-118.25800323486328,34.22894287109375
92146798,2023,2023-08-17,9575,2023-08-10,"20  ",022469,,4,3,6,1925,0,1,3,,2,090,"SR-2 E/B (GLENDALE FREEWAY)","FERN LANE",910.00,N,N,A,-,Y,LA,,2," ",R,21.779,H,,R,Y,3,0,5,1,A,-,08,22107,,N,E,8,A,A,H,-,C,A,0,,,,,Y,,A,01,0,4,1,0,0,0,0,0,0,"- ","- ",34.188358306884766,-118.21778869628906,"LOS ANGELES",GLENDALE,-118.2178955078125,34.188331604003906
92147790,2023,2023-08-18,9575,2023-08-12,1625,022502,,6,2,6,1925,0,1,3,,2,042,"SR-134 E/B (VENTURA FREEWAY)","CENTRAL AVENUE",200.00,W,N,A,-,Y,LA,,134," ",R,6.916,H,,R,N,4,0,3,2,A,-,03,22350,,N,C,C,A,A,H,-,A,D,0,,,,,Y,,A,01,0,0,3,0,0,0,0,0,0,"- ","- ",34.156211853027344,-118.2587890625,"LOS ANGELES",GLENDALE,-118.2587890625,34.156272888183594
92149626,2023,2023-09-05,9575,2023-08-11,2135,023072,,5,2,6,1925,0,1,1,,2,062,"I-210 W/B (FOOTHILL FREEWAY) TO LOWELL AVE.","BOSTON AVENUE",152.00,W,N,A,-,Y,LA,,210," ",R,15.857,H,,L,Y,4,0,4,2,A,-,07,21658,A,N,C,C,A,A,H,-,C,D,0,,,,,Y,,A,01,0,0,4,0,0,0,0,0,0,"- ","- ",34.230670928955078,-118.26232147216797,"LOS ANGELES",GLENDALE,-118.26239776611328,34.230461120605469
92154080,2023,2023-08-25,9575,2023-08-21,"255 ",023071,,1,3,6,1925,0,1,3,,2,042,"SR-134 W/B (VENTURA FREEWAY)","GLENDALE AVE",350.00,E,N,C,-,Y,LA,,134," ",R,7.945,H,,L,Y,4,0,1,1,A,-,03,22350,,N,E,I,A,B,H,-,D,D,0,,,,,Y,,A,08,0,0,1,0,0,0,0,0,0,"- ","- ",34.15557861328125,-118.24089050292969,"LOS ANGELES",GLENDALE,-118.240966796875,34.155460357666016
92154084,2023,2023-08-25,9575,2023-08-15,2215,022469,,2,3,6,1925,0,1,3,,2,042,"SR-134 W/B (VENTURA FREEWAY) TO PACIFIC AVENUE","PACIFIC AVENUE",975.00,E,N,A,-,Y,LA,,134," ",R,6.801,H,,L,Y,2,0,1,1,A,-,08,22107,,N,E,8,A,A,H,-,C,D,0,,,,,Y,,A,01,1,0,0,0,0,0,0,0,0,"- ","- ",34.156658172607422,-118.26078796386719,"LOS ANGELES",GLENDALE,-118.26078796386719,34.156448364257812
92155008,2023,2023-08-28,9575,2023-08-20,1700,023229,,7,2,6,1925,0,1,1,,2,062,"I-210 E/B (FOOTHILL FREEWAY)","DUNSMORE AVE.",605.00,E,N,C,-,Y,LA,,210," ",R,16.297,H,,R,Y,4,0,3,1,A,-,03,22350,,N,E,I,A,B,H,-,A,D,0,,,,,Y,,A,07,0,0,3,0,0,0,0,0,0,"- ","- ",34.227138519287109,-118.25576782226562,"LOS ANGELES",GLENDALE,-118.25566864013672,34.227252960205078
92155148,2023,2023-08-28,9575,2023-08-20,"930 ",022203,,7,1,6,1925,0,1,3,,2,042,"SR-134 W/B (VENTURA FREEWAY)","PACIFIC AVE.",1267.00,W,N,C,-,Y,LA,,134," ",R,6.341,H,,L,N,4,0,1,2,A,-,03,22350,,N,B,C,A,B,H,-,A,D,0,,,,,Y,,A,01,0,0,1,0,0,0,0,0,0,"- ","- ",34.155471801757812,-118.26866149902344,"LOS ANGELES",GLENDALE,-118.26866912841797,34.155502319335938
92158592,2023,2023-08-30,9575,2023-08-20,1145,022203,,7,1,6,1925,0,1,3,,2,042,"SR-134 E/B (VENTURA FREEWAY)","CHEVY CHASE DR.",175.00,W,N,C,-,Y,LA,,134," ",R,8.309,H,,R,Y,4,0,1,1,A,-,03,22350,,N,E,I,A,B,H,-,A,D,0,,,,,Y,,A,01,0,0,1,0,0,0,0,0,0,"- ","- ",34.151809692382812,-118.23619842529297,"LOS ANGELES",GLENDALE,-118.23611450195312,34.151885986328125
92159477,2023,2023-08-31,9525,2023-08-26,1610,023154,,6,2,6,1925,0,1,1,,2,115,"I-210 W/B (FOOTHILL FWY)","GRAND AVE",3168.00,E,N,A,-,Y,LA,,210," ",R,42.044,H,,L,Y,4,0,2,3,A,-,03,22350,,N,C,C,A,A,H,-,A,D,0,,,,,Y,,A,01,0,0,2,0,0,0,0,0,0,"- ","- ",34.118579864501953,-117.86562347412109,"LOS ANGELES",GLENDALE,-117.86557769775391,34.118633270263672
92162523,2023,2023-09-05,9575,2023-08-27,2330,023204,,7,3,6,1925,0,1,3,,2,042,"SR-134 W/B (VENTURA FREEWAY)","NORTH LOUISE STREET",44.00,W,N,A,-,Y,LA,,134," ",R,7.250,H,,L,N,4,0,1,2,A,-,07,21658,A,M,B,C,A,A,H,-,C,D,0,,,,,Y,,-,99,0,0,1,0,0,0,0,0,0,"- ","- ",34.156501770019531,-118.25292205810547,"LOS ANGELES",GLENDALE,-118.25292205810547,34.156463623046875
92164501,2023,2023-09-07,9575,2023-08-29,1700,023229,,2,2,6,1925,0,1,3,,2,042,"SR-134 W/B (VENTURA FREEWAY)","VERDUGO RD.",262.00,W,N,A,-,Y,LA,,134," ",R,8.176,H,,L,Y,4,0,1,2,A,-,03,22350,,N,C,C,A,A,H,-,A,D,0,,,,,Y,,A,07,0,0,1,0,0,0,0,0,0,"- ","- ",34.153461456298828,-118.23771667480469,"LOS ANGELES",GLENDALE,-118.23780059814453,34.153385162353516
92166457,2023,2023-09-11,9575,2023-09-02,1228,022998,,6,1,6,1925,0,1,3,,2,090,"SR-2 E/B (GLENDALE FREEWAY)","MOUNTAIN ST.",5205.00,E,N,B,-,Y,LA,,2," ",R,21.047,H,,R,Y,4,0,2,2,A,-,03,22350,,N,C,2,A,A,H,-,A,D,0,,,,,Y,,A,01,0,0,2,0,0,0,0,0,0,"- ","- ",34.178180694580078,-118.22032165527344,"LOS ANGELES",GLENDALE,-118.22040557861328,34.178199768066406
92167289,2023,2023-09-11,9575,2023-03-08,1438,022839,,3,2,6,1925,0,1,3,,2,042,"SR-134 EASTBOUND (VENTURA FREEWAY)","JACKSON STREET",231.00,W,N,A,-,Y,LA,,134," ",R,7.353,H,,R,Y,1,1,2,3,C,-,18,,,N,C,2,A,A,H,-,A,D,0,,,,,Y,,-,"- ",0,0,2,0,0,0,0,0,0,"- ","- ",34.156230926513672,-118.25112915039062,"LOS ANGELES",GLENDALE,-118.25112915039062,34.156276702880859
92167549,2023,2023-09-11,9575,2023-09-04,1257,020702,,1,1,6,1925,0,1,1,,2,050,"I-5 S/B (GOLDEN STATE FREEWAY)","WESTERN AVE.",1270.00,S,N,A,-,Y,LA,,5," "," ",27.596,H,,L,N,4,0,1,1,A,-,08,22107,,N,E,I,A,A,H,-,A,D,0,,,,,Y,,D,22,0,0,1,0,0,0,0,0,0,"- ","- ",34.161769866943359,-118.29389190673828,"LOS ANGELES",GLENDALE,-118.29374694824219,34.161830902099609
92170214,2023,2023-09-14,9575,2023-09-12,"855 ",021410,,2,1,6,1925,0,1,3,,2,042,"SR-134 W/B (VENTURA FREEWAY)","VERDUGO RD.",80.00,W,N,A,-,Y,LA,,134," ",R,8.215,H,,L,N,4,0,2,2,A,-,03,22350,,N,C,C,A,A,H,-,A,D,0,,,,,Y,,A,07,0,0,2,0,0,0,0,0,0,"- ","- ",34.153030395507812,-118.23725128173828,"LOS ANGELES",GLENDALE,-118.23727416992188,34.153003692626953
92172201,2023,2023-09-18,9575,2023-09-11,2331,023009,,1,3,6,1925,0,1,1,,2,050,"I-5 S/B (GOLDEN STATE FREEWAY)","SONORA AVE",456.00,S,N,A,-,Y,LA,,5," "," ",27.450,H,,L,N,2,0,1,1,C,-,18,,,N,E,J,A,A,H,-,D,D,0,,,,,Y,,-,"- ",1,0,0,0,0,0,0,0,0,"- ","- ",34.159950256347656,-118.29266357421875,"LOS ANGELES",GLENDALE,-118.29263305664062,34.159961700439453
92174138,2023,2023-09-20,9575,2023-09-11,1735,021925,,1,2,6,1925,0,1,1,,2,050,"SR-134 WESTBOUND TO I-5 NORTHBOUND","LOS ANGELES RIVER",700.00,S,N,A,-,Y,LA,,5," "," ",26.943,H,,R,Y,4,0,2,4,A,-,03,22350,,N,C,C,A,A,H,-,C,D,0,,,,,Y,,A,07,0,0,2,0,0,0,0,0,0,"- ","- ",34.154209136962891,-118.28717041015625,"LOS ANGELES",GLENDALE,-118.28723907470703,34.154125213623047
92175422,2023,2023-09-20,9575,2023-09-19,1730,021879,,2,2,6,1925,0,1,1,,2,050,"I-5 N/B (GOLDEN STATE FREEWAY)","WESTERN AVE.",1630.00,S,N,A,-,Y,LA,,5," "," ",27.530,H,,R,N,4,0,1,2,A,-,07,21658,A,M,B,C,A,A,H,-,A,D,0,,,,,Y,,-,99,0,0,1,0,0,0,0,0,0,"- ","- ",34.161159515380859,-118.29303741455078,"LOS ANGELES",GLENDALE,-118.29306793212891,34.161148071289062
92177828,2023,2023-09-25,9575,2023-09-20,"927 ",019538,,3,1,6,1925,0,1,1,,2,050,"I-5 N/B FROM WESTERN AVE W/B","WESTERN AVE U/C",700.00,N,N,B,-,Y,LA,,5," "," ",27.991,H,,R,N,4,0,1,2,A,-,03,22350,,N,C,C,A,A,H,-,A,D,0,,,,,Y,,D,22,0,0,1,0,0,0,0,0,0,"- ","- ",34.166168212890625,-118.29823303222656,"LOS ANGELES",GLENDALE,-118.29834747314453,34.166057586669922
92179581,2023,2023-09-26,9575,2023-09-16,2145,023071,,6,2,6,1925,0,1,3,,2,042,"SR-134 E/B TO DORAN ST. (SAN FERNANDO RD. EXIT)","SAN FERNANDO RD.",1000.00,W,N,A,-,Y,LA,,134," ",R,6.021,H,,R,N,4,0,1,2,A,-,03,22350,,M,C,C,A,A,H,-,C,A,0,,,,,Y,,-,99,0,0,1,0,0,0,0,0,0,"- ","- ",34.15380859375,-118.27391052246094,"LOS ANGELES",GLENDALE,-118.27399444580078,34.154067993164062
92186003,2023,2023-10-02,9575,2023-09-20,1452,021538,,3,2,6,1925,0,1,3,,2,042,"SR-134 E/B (VENTURA FREEWAY)","SAN FERNANDO RD.",135.00,E,N,A,-,Y,LA,,134," ",R,6.007,H,,R,Y,4,0,1,3,A,-,03,22350,,N,C,C,A,A,H,-,A,D,0,,,,,Y,,A,07,0,0,1,0,0,0,0,0,0,"- ","- ",34.154071807861328,-118.27424621582031,"LOS ANGELES",GLENDALE,-118.27423095703125,34.154014587402344
92187911,2023,2023-10-02,9575,2023-09-26,1610,022526,,2,2,6,1925,0,1,3,,2,042,"SR-134 E/B (VENTURA FREEWAY)","CONCORD STREET",607.00,E,N,A,-,Y,LA,,134," ",R,6.324,H,,R,N,4,0,2,3,A,-,03,22350,,N,C,C,A,A,H,-,A,D,0,,,,,Y,,D,22,0,0,2,0,0,0,0,0,0,"- ","- ",34.155288696289062,-118.26896667480469,"LOS ANGELES",GLENDALE,-118.26895141601562,34.155231475830078
92189265,2023,2023-10-03,9575,2023-09-28,1220,021410,,4,1,6,1925,0,1,1,,2,050,"I-5 S/B (GOLDEN STATE FREEWAY)","SONORA AVE.",350.00,S,N,A,-,Y,LA,,5," "," ",27.473,H,,L,N,4,0,1,2,A,-,03,22350,,N,C,C,A,A,H,-,A,D,0,,,,,Y,,A,01,0,0,1,0,0,0,0,0,0,"- ","- ",34.1602783203125,-118.29273223876953,"LOS ANGELES",GLENDALE,-118.29280090332031,34.160251617431641
92191665,2023,2023-10-05,9575,2023-09-21,1642,021538,,4,2,6,1925,0,1,3,,2,042,"SR-134 W/B (VENTURA FREEWAY)","LOUISE ST.",445.00,E,N,B,-,Y,LA,,134," ",R,7.342,H,,L,Y,3,0,5,7,A,-,07,21658,A,M,C,C,A,A,H,-,A,D,0,,,,,Y,,-,99,0,2,3,0,0,0,0,0,0,"- ","- ",34.156528472900391,-118.25132751464844,"LOS ANGELES",GLENDALE,-118.25132751464844,34.156459808349609
92191774,2023,2023-10-05,9575,2023-09-30,1408,022526,,6,2,6,1925,0,1,3,,2,042,"SR-134 W/B (VENTURA FREEWAY)","GLENDALE AVENUE",593.00,E,N,B,-,Y,LA,,134," ",R,7.993,H,,L,N,4,0,2,2,A,-,07,21658,A,N,B,C,A,A,H,-,A,D,0,,,,,Y,,A,01,0,0,2,0,0,0,0,0,0,"- ","- ",34.155128479003906,-118.24021148681641,"LOS ANGELES",GLENDALE,-118.24024200439453,34.15509033203125
92191836,2023,2023-10-05,9575,2023-10-02,1600,022783,,1,2,6,1925,0,1,1,,2,051,"I-5 N/B (GOLDEN STATE FREEWAY)","SONORA AVE",150.00,S,N,A,-,Y,LA,,5," "," ",27.514,H,,R,N,3,0,1,2,A,-,07,21658,A,N,B,C,A,A,H,-,A,D,0,,,,,Y,,A,07,0,1,0,0,0,0,0,0,0,"- ","- ",34.160980224609375,-118.2928466796875,"LOS ANGELES",GLENDALE,-118.29294586181641,34.160942077636719
92191956,2023,2023-10-05,9575,2023-10-02,1735,022783,,1,2,6,1925,0,1,1,,2,050,"I-5 S/B (GOLDEN STATE FREEWAY)","WESTERN AVE",150.00,S,N,A,-,Y,LA,,5," "," ",27.766,H,,L,N,4,0,1,3,A,-,03,22350,,N,C,C,A,A,H,-,A,D,0,,,,,Y,,A,01,0,0,1,0,0,0,0,0,0,"- ","- ",34.163719177246094,-118.29560852050781,"LOS ANGELES",GLENDALE,-118.29556274414062,34.163761138916016
92192240,2023,2023-10-05,9575,2023-10-02,1822,021538,,1,2,6,1925,0,1,3,,2,042,"SR-134 W/B (VENTURA FREEWAY) TO PACIFIC AVE.","PACIFIC AVE.",730.00,E,N,A,-,Y,LA,,134," ",R,6.735,H,,L,N,4,0,2,2,A,-,03,22350,,N,C,C,A,A,H,-,B,A,0,,,,,Y,,A,01,0,0,2,0,0,0,0,0,0,"- ","- ",34.156650543212891,-118.26194763183594,"LOS ANGELES",GLENDALE,-118.26194763183594,34.156429290771484
92195324,2023,2023-10-10,9575,2023-09-30,1312,023205,,6,1,6,1925,0,1,1,,2,050,"I-5 S/B (GOLDEN STATE FREEWAY)","WESTERN AVENUE",20.00,S,N,A,-,Y,LA,,5," "," ",27.826,H,,L,N,3,0,1,2,A,-,03,22350,,N,C,C,A,A,H,-,A,D,0,,,,,Y,,A,01,0,1,0,0,0,0,0,0,0,"- ","- ",34.164291381835938,-118.29638671875,"LOS ANGELES",GLENDALE,-118.29634094238281,34.164337158203125
92195354,2023,2023-10-10,9575,2023-09-23,1647,022526,,6,2,6,1925,0,1,3,,2,042,"SR-134 E/B FROM BRAND BLVD","BRAND BOULEVARD",160.00,E,N,A,-,Y,LA,,134," ",R,7.166,H,,R,N,4,0,1,2,A,-,03,22350,,N,C,C,A,A,H,-,A,D,0,,,,,Y,,A,07,0,0,1,0,0,0,0,0,0,"- ","- ",34.156040191650391,-118.25437164306641,"LOS ANGELES",GLENDALE,-118.25437164306641,34.156272888183594
92197171,2023,2023-10-12,9575,2023-10-03,1723,021538,,2,2,6,1925,0,1,3,,2,042,"SR-134 W/B (VENTURA FREEWAY)","CENTRAL AVE.",640.00,W,N,A,-,Y,LA,,134," ",R,6.823,H,,L,Y,4,0,2,3,A,-,03,22350,,N,C,C,A,A,H,-,A,D,0,,,,,Y,,A,01,0,0,2,0,0,0,0,0,0,"- ","- ",34.156509399414062,-118.26042175292969,"LOS ANGELES",GLENDALE,-118.26042175292969,34.156448364257812
92198312,2023,2023-10-13,9575,2023-10-03,"940 ",021795,,2,1,6,1925,0,1,3,,2,042,"SR-134 W/B (VENTURA FREEWAY)","CONCORD ST.",500.00,E,N,A,-,Y,LA,,134," ",R,6.347,H,,L,N,4,0,3,3,A,-,03,22350,,N,C,C,A,A,H,-,A,D,0,,,,,Y,,A,01,0,0,3,0,0,0,0,0,0,"- ","- ",34.155490875244141,-118.26856994628906,"LOS ANGELES",GLENDALE,-118.26858520507812,34.155525207519531
92198342,2023,2023-10-13,9575,2023-10-06,"830 ",017722,,5,1,6,1925,0,1,3,,2,042,"SR-134 W/B (VENTURA FREEWAY)","BRAND AVE.",500.00,E,N,A,-,Y,LA,,134," ",R,7.501,H,,L,N,4,0,1,2,A,-,03,22350,,N,C,C,A,A,H,-,A,D,0,,,,,Y,,A,01,0,0,1,0,0,0,0,0,0,"- ","- ",34.156501770019531,-118.24854278564453,"LOS ANGELES",GLENDALE,-118.24854278564453,34.156467437744141
92198642,2023,2023-10-13,9575,2023-10-05,1718,021538,,4,2,6,1925,0,1,3,,2,042,"SR-134 W/B (VENTURA FREEWAY)","CONCORD ST.",300.00,E,N,A,-,Y,LA,,134," ",R,6.283,H,,L,Y,4,0,2,3,A,-,03,22350,,N,C,C,A,A,H,-,A,D,0,,,,,Y,,A,01,0,0,2,0,0,0,0,0,0,"- ","- ",34.155288696289062,-118.26960754394531,"LOS ANGELES",GLENDALE,-118.26959991455078,34.155265808105469
92199714,2023,2023-10-16,9575,2023-10-12,1130,022203,,4,1,6,1925,0,1,1,,2,050,"I-5 S/B (GOLDEN STATE FREEWAY)","WESTERN AVE.",2059.00,S,N,A,-,Y,LA,,5," "," ",27.442,H,,L,N,4,0,1,2,A,-,03,22350,,N,C,C,A,A,H,-,A,D,0,,,,Y,Y,,F,26,0,0,1,0,0,0,0,0,0,"- ","- ",34.159858703613281,-118.29255676269531,"LOS ANGELES",GLENDALE,-118.29257202148438,34.159854888916016
92200708,2023,2023-10-17,9575,2023-10-06,1430,021538,,5,2,6,1925,0,1,3,,2,042,"SR-134 E/B (VENTURA FREEWAY)","PACIFIC AVE.",1100.00,W,N,A,-,Y,LA,,134," ",R,6.379,H,,R,N,3,0,1,2,A,-,03,22350,,N,C,C,A,A,H,-,A,D,0,,,,,Y,,A,01,0,1,0,0,0,0,0,0,0,"- ","- ",34.155479431152344,-118.26808166503906,"LOS ANGELES",GLENDALE,-118.26806640625,34.155433654785156
92202114,2023,2024-06-26,9575,2023-10-06,1815,023031,,5,2,6,1925,0,1,1,,2,050,"COLORADO ST. FREEWAY EXTENSION","SAN FERNANDO RD.",480.00,E,N,A,-,Y,LA,,5,S," ",25.197,H,,L,N,4,0,2,2,A,-,03,22350,,N,C,C,A,A,H,-,A,D,0,,,,,Y,,A,01,0,0,2,0,0,0,0,0,0,"- ","- ",34.141899108886719,-118.26751708984375,"LOS ANGELES",GLENDALE,-118.26751708984375,34.141891479492188
92202352,2023,2023-10-18,9575,2023-10-10,1711,022110,,2,2,6,1925,0,1,3,,2,042,"SR-134 W/B (VENTURA FREEWAY)","LOUISE STREET",226.00,W,N,A,-,Y,LA,,134," ",R,7.214,H,,L,Y,4,0,1,3,A,-,03,22350,,N,C,C,A,A,H,-,A,D,0,,,,,Y,,D,22,0,0,1,0,0,0,0,0,0,"- ","- ",34.156520843505859,-118.25356292724609,"LOS ANGELES",GLENDALE,-118.25355529785156,34.156455993652344
92205390,2023,2023-10-23,9575,2023-10-18,"745 ",023413,,3,1,6,1925,0,1,3,,2,042,"SR-134 E/B (VENTURA FREEWAY)","JACKSON STREET",145.00,W,N,A,-,Y,LA,,134," ",R,7.367,H,,R,N,3,0,2,2,A,-,08,22107,,N,B,2,A,A,H,-,A,D,0,,,,,Y,,A,07,0,2,0,0,0,0,0,0,0,"- ","- ",34.156349182128906,-118.25089263916016,"LOS ANGELES",GLENDALE,-118.25089263916016,34.156276702880859
92221270,2023,2023-10-27,9575,2023-10-18,1654,022110,,3,2,6,1925,0,1,3,,2,042,"SR-134 W/B (VENTURA FREEWAY)","CONCORD STREET",735.00,E,N,A,-,Y,LA,,134," ",R,6.338,H,,L,Y,3,0,3,3,A,-,03,22350,,N,C,C,A,A,H,-,A,D,0,,,,,Y,,A,01,0,1,2,0,0,0,0,0,0,"- ","- ",34.155460357666016,-118.26872253417969,"LOS ANGELES",GLENDALE,-118.26873016357422,34.155487060546875
92226592,2023,2023-11-02,9575,2023-10-23,2240,022953,,1,3,6,1925,0,1,3,,2,090,"SR-2 W/B (GLENDALE FWY) TO SR-134 W/B","HARVEY DRIVE",200.00,N,N,A,-,Y,,,,,,,,,,N,4,0,2,2,A,-,07,21658,A,N,B,C,A,A,H,-,C,D,0,,,,,Y,,A,01,0,0,2,0,0,0,0,0,0,"- ","- ",34.149040222167969,-118.22743988037109,"LOS ANGELES",GLENDALE,-118.22743988037109,34.149040222167969
92228170,2023,2023-11-06,9575,2023-10-26,2215,023284,,4,3,6,1925,0,1,3,,2,042,"SR-134 E/B (VENTURA FREEWAY)","GLENDALE AVE",370.00,E,N,A,-,Y,LA,,134," ",R,7.954,H,,R,Y,4,0,1,2,A,-,01,23152,A,N,C,C,A,A,D,-,C,D,0,,,,,Y,Y,A,07,0,0,1,0,0,0,0,0,0,"- ","- ",34.155311584472656,-118.24092864990234,"LOS ANGELES",GLENDALE,-118.240966796875,34.155246734619141
92228345,2023,2023-11-06,9575,2023-10-28,1635,022651,,6,2,6,1925,0,1,3,,2,042,"SR-134 E/B (VENTURA FREEWAY)","BRAND BLVD.",100.00,E,N,A,-,Y,LA,,134," ",R,7.155,H,,R,Y,3,0,1,1,A,-,08,22107,,N,F,I,A,A,H,-,A,D,0,,,Y,,Y,,C,02,0,1,0,0,0,0,0,0,1,"- ","- ",34.156341552734375,-118.25457000732422,"LOS ANGELES",GLENDALE,-118.25457000732422,34.156272888183594
92231597,2023,2023-11-20,9575,2023-10-30,2125,023126,,1,2,6,1925,0,1,1,,2,062,"I-210 W/B FROM LOWELL AVE.","LOWELL AVE.",36.00,E,N,A,-,Y,,,,,,,,,,N,4,0,1,2,A,-,08,22107,,M,C,2,A,A,H,-,C,D,0,,,,,Y,,-,99,0,0,1,0,0,0,0,0,0,"- ","- ",34.229598999023438,-118.26602935791016,"LOS ANGELES",GLENDALE,-118.26602935791016,34.229598999023438
92232341,2023,2024-01-26,9575,2023-11-02,1710,021538,,4,2,6,1925,0,1,1,,2,050,"I-5 N/B (GOLDEN STATE FREEWAY)","SONORA AVE.",600.00,S,N,A,-,Y,LA,,5," "," ",27.483,H,,R,Y,4,0,1,3,A,-,07,21658,A,N,C,C,A,A,H,-,A,D,0,,,,,Y,,A,07,0,0,1,0,0,0,0,0,0,"- ","- ",34.160541534423828,-118.29268646240234,"LOS ANGELES",GLENDALE,-118.29270935058594,34.160530090332031
92233713,2023,2023-11-22,9575,2023-11-06,1718,021538,,1,2,6,1925,0,1,3,,2,042,"SR-134 W/B TO I-5","SAN FERNANDO RD.",200.00,E,N,A,-,Y,LA,,134," ",R,5.976,H,,L,Y,3,0,1,2,A,-,03,22350,,N,C,C,A,A,H,-,C,D,0,,,Y,,Y,,C,02,0,1,0,0,0,0,0,0,1,"- ","- ",34.154201507568359,-118.27481079101562,"LOS ANGELES",GLENDALE,-118.27477264404297,34.154087066650391
92236054,2023,2023-11-14,9575,2023-11-10,1742,021538,,5,2,6,1925,0,1,1,,2,050,"I-5 S/B (GOLDEN STATE FREEWAY)","SONORA AVE.",520.00,S,N,A,-,Y,LA,,5," "," ",27.441,H,,L,N,4,0,2,2,A,-,03,22350,,N,C,C,A,A,H,-,C,D,0,,,,,Y,,A,01,0,0,2,0,0,0,0,0,0,"- ","- ",34.159809112548828,-118.29263305664062,"LOS ANGELES",GLENDALE,-118.29255676269531,34.159839630126953
92237729,2023,2023-11-16,9575,2023-11-09,"835 ",022503,,4,1,6,1925,0,1,3,,2,090,"SR-2 W/B (GLENDALE FREEWAY)","CHEVY CHASE DR",1162.00,E,N,A,-,Y,LA,,2," ",R,19.649,H,,L,Y,4,0,1,1,A,-,08,22107,,N,E,I,A,A,H,-,A,D,0,,,,,Y,,A,01,0,0,1,0,0,0,0,0,0,"- ","- ",34.158481597900391,-118.22532653808594,"LOS ANGELES",GLENDALE,-118.22523498535156,34.158500671386719
92238740,2023,2023-11-20,9575,2023-11-05,1315,022085,,7,1,6,1925,0,1,3,,2,044,"SR-134 W/B (VENTURA FREEWAY)","OLIVE AVE.",180.00,E,N,A,-,Y,LA,,134," "," ",2.281,H,,L,Y,4,0,4,2,A,-,03,22350,,F,C,2,A,A,H,-,A,D,0,,,,,Y,,A,07,0,0,4,0,0,0,0,0,0,"- ","- ",34.153240203857422,-118.33702087402344,"LOS ANGELES",GLENDALE,-118.3370361328125,34.153186798095703
92238764,2023,2023-11-17,9575,2023-11-08,"805 ",018814,,3,1,6,1925,0,1,3,,2,042,"SR-134 W/B (VENTURA FREEWAY)","CENTRAL AVE",735.00,W,N,A,-,Y,LA,,134," ",R,6.816,H,,L,N,4,0,2,3,A,-,03,22350,,N,C,C,A,A,H,-,A,D,0,,,,,Y,,A,08,0,0,2,0,0,0,0,0,0,"- ","- ",34.156448364257812,-118.26053619384766,"LOS ANGELES",GLENDALE,-118.26053619384766,34.156448364257812
92240054,2023,2023-11-20,9575,2023-11-16,1032,022526,,4,1,6,1925,0,1,3,,2,042,"SR-134 W/B (VENTURA FREEWAY)","VERDUGO ROAD",839.00,W,N,B,-,Y,LA,,134," ",R,8.063,H,,L,N,4,0,2,3,A,-,03,22350,,N,C,C,A,A,H,-,A,D,0,,,,,Y,,A,01,0,0,2,0,0,0,0,0,0,"- ","- ",34.154449462890625,-118.23930358886719,"LOS ANGELES",GLENDALE,-118.23926544189453,34.154487609863281
92240061,2023,2023-11-20,9575,2023-11-16,1525,022502,,4,2,6,1925,0,1,3,,2,042,"SR-134 E/B (VENTURA FREEWAY)","CENTRAL AVENUE",800.00,W,N,A,-,Y,LA,,134," ",R,6.801,H,,R,Y,3,0,2,3,A,-,03,22350,,N,C,C,A,A,H,-,A,D,0,,,,,Y,,D,22,0,1,1,0,0,0,0,0,0,"- ","- ",34.15631103515625,-118.26078033447266,"LOS ANGELES",GLENDALE,-118.26078033447266,34.156265258789062
92242082,2023,2023-11-21,9575,2023-11-16,1857,021538,,4,2,6,1925,0,1,1,,2,050,"I-5 S/B (GOLDEN STATE FREEWAY)","ALLEN AVE.",700.00,N,N,A,-,Y,LA,,5," "," ",28.218,H,,L,Y,4,0,1,2,A,-,07,21658,A,N,C,C,A,A,H,-,C,D,0,,,,,Y,,A,01,0,0,1,0,0,0,0,0,0,"- ","- ",34.167980194091797,-118.30152130126953,"LOS ANGELES",GLENDALE,-118.30143737792969,34.168056488037109
92245951,2023,2023-11-28,9575,2023-11-21,1816,021879,,2,2,6,1925,0,1,3,,2,042,"SR-134 W/B (VENTURA FREEWAY)","SAN FERNANDO RD.",2000.00,E,N,A,-,Y,LA,,134," ",R,6.326,H,,L,N,4,0,1,3,A,-,03,22350,,N,C,C,A,A,H,-,C,D,0,,,,,Y,,A,01,0,0,1,0,0,0,0,0,0,"- ","- ",34.155498504638672,-118.26894378662109,"LOS ANGELES",GLENDALE,-118.2689208984375,34.155437469482422
92247006,2023,2023-11-28,9575,2023-11-19,1030,023049,,7,1,6,1925,0,1,S,,2,904,"I-210 E/B (FOOTHILL FWY)","NEW YORK AVE.",70.00,W,N,A,-,Y,LA,,210," ",R,16.460,H,,R,Y,3,0,1,2,A,-,07,21658,A,F,B,C,A,A,H,-,A,D,0,,,Y,,Y,,A,07,0,1,0,0,0,0,0,0,1,"- ","- ",34.225849151611328,-118.25335693359375,"LOS ANGELES",GLENDALE,-118.25337219238281,34.225833892822266
92251242,2023,2023-12-04,9575,2023-10-14,"450 ",023205,,6,3,6,1925,0,1,1,,2,050,"I-5 N/B (GOLDEN STATE FREEWAY)","SONORA AVENUE",1530.00,S,N,A,-,Y,LA,,5," "," ",27.257,H,,R,Y,3,0,1,3,A,-,01,23152,A,N,C,2,A,A,H,-,A,D,0,,,,Y,Y,Y,A,01,0,1,0,0,0,0,0,0,0,"- ","- ",34.157508850097656,-118.29094696044922,"LOS ANGELES",GLENDALE,-118.29091644287109,34.157524108886719
92253483,2023,2023-12-06,9575,2023-11-30,1434,021538,,4,2,6,1925,0,1,1,,2,050,"I-5 N/B (GOLDEN STATE FREEWAY)","SONORA AVE.",50.00,S,N,A,-,Y,LA,,5," "," ",27.537,H,,R,Y,4,0,1,2,A,-,07,21658,A,N,B,2,A,A,H,-,A,D,0,,,,,Y,,A,07,0,0,1,0,0,0,0,0,0,"- ","- ",34.161289215087891,-118.29302215576172,"LOS ANGELES",GLENDALE,-118.29312133789062,34.161247253417969
92253496,2023,2023-12-06,9575,2023-11-30,2025,022502,,4,2,6,1925,0,1,3,,2,042,"SR-134 W/B (VENTURA FREEWAY)","GLENDALE AVENUE",400.00,W,N,A,-,Y,LA,,134," ",R,7.785,H,,L,N,4,0,1,2,A,-,03,22350,,N,C,C,A,A,H,-,A,D,0,,,,,Y,,A,07,0,0,1,0,0,0,0,0,0,"- ","- ",34.15625,-118.24358367919922,"LOS ANGELES",GLENDALE,-118.24356842041016,34.156288146972656
92258477,2023,2023-12-11,9575,2023-11-06,2200,023284,,1,3,6,1925,0,1,1,,2,050,"I-5 N/B (GOLDEN STATE FREEWAY)","WESTERN AVE",960.00,N,N,A,-,Y,LA,,5," "," ",28.046,H,,R,Y,4,0,1,2,A,-,07,21658,A,M,B,2,A,A,H,-,C,D,0,,,,,Y,,A,01,0,0,1,0,0,0,0,0,0,"- ","- ",34.166580200195312,-118.29904937744141,"LOS ANGELES",GLENDALE,-118.29905700683594,34.166572570800781
92258901,2023,2023-12-11,9575,2023-12-01,1420,022502,,5,2,6,1925,0,1,3,,2,042,"SR-134 E/B (VENTURA FREEWAY)","PACIFIC AVENUE",1200.00,W,N,A,-,Y,LA,,134," ",R,6.353,H,,R,Y,4,0,2,2,A,-,03,22350,,N,C,C,A,A,H,-,A,D,0,,,,,Y,,A,07,0,0,2,0,0,0,0,0,0,"- ","- ",34.155380249023438,-118.26850128173828,"LOS ANGELES",GLENDALE,-118.26848602294922,34.155338287353516
92260213,2023,2023-12-12,9575,2023-12-01,1800,022502,,5,2,6,1925,0,1,3,,2,042,"SR-134 W/B (VENTURA FREEWAY)","PACIFIC AVENUE",100.00,W,N,A,-,Y,LA,,134," ",R,6.560,H,,L,N,4,0,1,2,A,-,03,22350,,M,C,C,A,A,H,-,D,D,0,,,,,Y,,-,99,0,0,1,0,0,0,0,0,0,"- ","- ",34.156230926513672,-118.26493072509766,"LOS ANGELES",GLENDALE,-118.26493072509766,34.156227111816406
92262057,2023,2023-12-14,9525,2023-12-13,"705 ",022521,,3,1,6,1925,0,1,1,,2,205,"I-210 W/B (FOOTHILL FWY)","GRAND AVE",200.00,W,N,A,-,Y,LA,,210," ",R,41.474,H,,L,N,4,0,1,2,A,-,03,22350,,N,C,C,A,A,H,-,A,D,0,,,,Y,Y,,F,26,0,0,1,0,0,0,0,0,0,"- ","- ",34.120819091796875,-117.875,"LOS ANGELES",GLENDALE,-117.875,34.120857238769531
92262475,2023,2023-12-14,9575,2023-12-05,1930,023413,,2,2,6,1925,0,1,3,,2,042,"SR-134 E/B TO SR-2 E/B","HARVEY DR",462.00,W,N,A,-,Y,,,,,,,,,,Y,4,0,2,1,A,-,01,23152,A,N,E,I,A,A,H,-,C,D,0,,,,,Y,Y,A,01,0,0,2,0,0,0,0,0,0,"- ","- ",34.14788818359375,-118.23056793212891,"LOS ANGELES",GLENDALE,-118.23056793212891,34.14788818359375
92263228,2023,2023-12-15,9575,2023-12-04,"7   ",022489,,1,3,6,1925,0,1,3,,2,090,"SR-2 E/B (GLENDALE FREEWAY)","HOLLY DR.",40.00,E,N,A,-,Y,LA,,2," ",R,19.064,H,,R,Y,2,0,2,3,A,-,03,22350,,N,C,C,E,A,H,-,D,D,0,Y,,,,Y,,D,22,1,0,1,0,1,0,0,0,0,"- ","- ",34.150218963623047,-118.22511291503906,"LOS ANGELES",GLENDALE,-118.22512054443359,34.150222778320312
92267106,2023,2024-04-08,9575,2023-12-09,"250 ",023410,,6,3,6,1925,0,1,3,,2,090,"SR-2 E/B (GLENDALE FREEWAY)","CHEVY CHASE DRIVE",958.00,E,N,A,-,Y,LA,,2," ",R,19.634,H,,R,N,3,0,1,2,D,-,00,,,F,C,C,A,A,H,-,C,D,0,,,,,Y,Y,-,"- ",0,1,0,0,0,0,0,0,0,"- ","- ",34.158329010009766,-118.22493743896484,"LOS ANGELES",GLENDALE,-118.22484588623047,34.158348083496094
92267589,2023,2023-12-20,9575,2023-12-11,1805,021538,,1,2,6,1925,0,1,1,,2,050,"I-5 N/B (GOLDEN STATE FREEWAY)","SONORA AVE.",240.00,S,N,A,-,Y,LA,,5," "," ",27.495,H,,R,Y,3,0,1,5,A,-,03,22350,,M,C,C,A,A,H,-,C,D,0,,,,Y,Y,,A,01,0,1,0,0,0,0,0,0,0,"- ","- ",34.160701751708984,-118.29274749755859,"LOS ANGELES",GLENDALE,-118.29280090332031,34.160682678222656
92268239,2023,2023-12-21,9575,2023-12-12,"930 ",019538,,2,1,6,1925,0,1,1,,2,050,"I-5 S/B (GOLDEN STATE FREEWAY)","SONORA AVE U/C",50.00,S,N,A,-,Y,LA,,5," "," ",27.531,H,,L,N,4,0,4,4,A,-,03,22350,,N,C,C,A,A,H,-,A,D,0,,,,,Y,,A,01,0,0,4,0,0,0,0,0,0,"- ","- ",34.161029815673828,-118.29315185546875,"LOS ANGELES",GLENDALE,-118.29323577880859,34.160995483398438
92269685,2023,2023-12-22,9575,2023-12-12,1710,023134,,2,2,6,1925,0,2,4,,2,014,"MONTROSE AVE.","WALTONIA DR.",50.00,S,N,A,-,N,,,,,,,,,,N,4,0,3,3,A,-,03,22350,,N,C,C,A,A,H,-,C,A,0,,,,,Y,,A,08,0,0,3,0,0,0,0,0,0,"- ","- ",34.206260681152344,-118.22470092773438,"LOS ANGELES",GLENDALE,-118.2247314453125,34.206344604492188
92271549,2023,2023-12-26,9575,2023-12-13,1839,021538,,3,2,6,1925,0,1,1,,2,050,"I-5 N/B (GOLDEN STATE FREEWAY)","SONORA AVE.",375.00,S,N,A,-,Y,LA,,5," "," ",27.513,H,,R,Y,3,0,1,3,A,-,07,21658,A,N,C,C,A,A,H,-,C,D,0,,,,,Y,,A,07,0,1,0,0,0,0,0,0,0,"- ","- ",34.160961151123047,-118.29286193847656,"LOS ANGELES",GLENDALE,-118.29293823242188,34.160926818847656
92272577,2023,2023-12-27,9575,2023-12-15,1515,023126,,5,2,6,1925,0,1,1,,2,062,"I-210 E/B (FOOTHILL FREEWAY)","HONOLULU AVE",320.00,E,N,A,-,Y,LA,,210," ",R,15.844,H,,R,N,4,0,1,3,A,-,03,22350,,N,C,C,A,A,H,-,A,D,0,,,,,Y,,-,"- ",0,0,1,0,0,0,0,0,0,"- ","- ",34.230308532714844,-118.26258087158203,"LOS ANGELES",GLENDALE,-118.26259613037109,34.230266571044922
92273681,2023,2023-12-28,9575,2023-12-17,"755 ",021795,,7,1,6,1925,0,1,3,,2,042,"SR-134 W/B (VENTURA FREEWAY)","SAN FERNANDO RD.",175.00,E,N,A,-,Y,LA,,134," ",R,5.972,H,,L,Y,4,0,1,2,A,-,08,22107,,N,C,E,A,A,H,-,A,D,0,,,,,Y,,A,01,0,0,1,0,0,0,0,0,0,"- ","- ",34.154148101806641,-118.27487182617188,"LOS ANGELES",GLENDALE,-118.27484130859375,34.154067993164062
92274702,2023,2023-12-29,9575,2023-12-19,2230,022469,,2,3,6,1925,0,1,3,,2,042,"SR-134 E/B (VENTURA FREEWAY)","VERDUGO ROAD",512.00,W,N,B,C,Y,LA,,134," ",R,8.151,H,,R,Y,4,0,1,2,A,-,03,22350,,N,E,2,A,B,H,-,C,D,0,,,,,Y,,A,01,0,0,1,0,0,0,0,0,0,"- ","- ",34.153331756591797,-118.23828125,"LOS ANGELES",GLENDALE,-118.23817443847656,34.153430938720703
92276515,2023,2024-01-02,9525,2023-12-28,1238,022521,,4,1,6,1925,0,1,1,,2,205,"I-210 W/B (FOOTHILL FWY)","SUNFLOWER AVE",2000.00,W,N,A,-,Y,LA,,210," ",R,42.814,H,,L,N,4,0,9,3,A,-,03,22350,,N,C,C,A,A,H,-,A,D,0,,,,,Y,,A,01,0,0,9,0,0,0,0,0,0,"- ","- ",34.117778778076172,-117.85260772705078,"LOS ANGELES",GLENDALE,-117.85260772705078,34.117713928222656
92278452,2023,2024-01-03,9575,2023-12-22,1545,021879,,5,2,6,1925,0,1,1,,2,050,"I-5 S/B (GOLDEN STATE FREEWAY)","WESTERN AVE.",1370.00,S,N,B,-,Y,LA,,5," "," ",27.585,H,,L,N,4,0,1,4,A,-,03,22350,,N,C,C,A,A,H,-,A,D,0,,,,,Y,,A,08,0,0,1,0,0,0,0,0,0,"- ","- ",34.161731719970703,-118.2935791015625,"LOS ANGELES",GLENDALE,-118.29366302490234,34.161693572998047
92278665,2023,2024-01-04,9575,2023-12-26,1555,022513,,2,2,6,1925,0,1,3,,2,042,"SR-134 E/B (VENTURA FREEWAY)","CENTRAL AVE.",920.00,W,N,A,-,Y,LA,,134," ",R,6.779,H,,R,N,4,0,1,2,A,-,03,22350,,N,C,C,A,A,H,-,A,D,0,,,,,Y,,D,22,0,0,1,0,0,0,0,0,0,"- ","- ",34.156238555908203,-118.26116943359375,"LOS ANGELES",GLENDALE,-118.26116943359375,34.156261444091797
92279619,2023,2024-01-04,9575,2023-11-26,1855,022513,,7,2,6,1925,0,1,3,,2,090,"SR-2 E/B (GLENDALE FREEWAY) TO I-210 E/B","VERDUGO BLVD",1531.00,W,N,A,-,Y,LA,,2," ",R,22.703,H,,R,N,4,0,3,2,A,-,03,22350,,N,C,C,A,A,H,-,C,D,0,,,,,Y,,A,01,0,0,3,0,0,0,0,0,0,"- ","- ",34.201271057128906,-118.21878051757812,"LOS ANGELES",GLENDALE,-118.21900939941406,34.201301574707031
92279936,2023,2024-01-05,9575,2023-12-28,1445,021925,,4,2,6,1925,0,1,3,,2,042,"SR-134 W/B (VENTURA FREEWAY)","PACIFIC AVENUE",750.00,E,N,A,-,Y,LA,,134," ",R,6.736,H,,L,N,4,0,3,4,A,-,03,22350,,N,C,C,A,A,H,-,A,D,0,,,,,Y,,D,22,0,0,3,0,0,0,0,0,0,"- ","- ",34.156509399414062,-118.26193237304688,"LOS ANGELES",GLENDALE,-118.26192474365234,34.156429290771484
92284731,2023,2024-01-11,9575,2023-12-30,"650 ",021795,,6,1,6,1925,0,1,3,,2,042,"SR-134 W/B (VENTURA FREEWAY)","CONCORD ST.",500.00,E,N,B,C,Y,LA,,134," ",R,6.292,H,,L,Y,4,0,2,2,A,-,03,22350,,N,B,2,A,B,H,-,A,D,0,,,,,Y,,A,01,0,0,2,0,0,0,0,0,0,"- ","- ",34.155330657958984,-118.26947784423828,"LOS ANGELES",GLENDALE,-118.26947021484375,34.155296325683594
92285753,2023,2024-01-12,9575,2023-12-29,1930,022651,,5,2,6,1925,0,1,3,,2,042,"SR-134 E/B (VENTURA FREEWAY)","HARVEY DR.",190.00,W,N,B,-,Y,LA,,134," ",R,8.784,H,,R,Y,3,0,1,2,A,-,01,23152,A,N,B,2,A,A,H,-,C,D,0,,,,,Y,Y,D,22,0,1,0,0,0,0,0,0,0,"- ","- ",34.147930145263672,-118.22947692871094,"LOS ANGELES",GLENDALE,-118.22946929931641,34.147945404052734
92286583,2024,2024-01-15,9575,2024-01-04,1820,021925,,4,2,6,1925,0,1,3,,2,042,"SR-134 E/B (VENTURA FREEWAY)","SAN FERNANDO ROAD",121.00,E,N,A,-,Y,LA,,134," ",R,5.968,H,,R,Y,4,0,3,2,A,-,03,22350,,N,C,C,A,A,H,-,A,D,0,,,,,Y,,A,07,0,0,3,0,0,0,0,0,0,"- ","- ",34.153839111328125,-118.27484893798828,"LOS ANGELES",GLENDALE,-118.27486419677734,34.153873443603516
92286749,2023,2024-01-15,9575,2023-09-26,"252 ",022940,,2,3,6,1925,0,1,3,,2,090,"STATE ROUTE 2 EASTBOUND (GLENDALE FREEWAY)","CHEVY CHASE DRIVE",880.00,W,N,A,-,Y,LA,,2," ",R,19.252,H,,R,Y,1,1,0,1,A,-,01,23152,G,N,E,8,A,A,H,-,C,D,0,,,,,Y,Y,A,01,0,0,0,0,0,0,0,0,0,"- ","- ",34.152858734130859,-118.22444915771484,"LOS ANGELES",GLENDALE,-118.22441101074219,34.152854919433594
92290175,2024,2024-01-18,9575,2024-01-09,1622,022110,,2,2,6,1925,0,1,3,,2,042,"SR-134 E/B (VENTURA FREEWAY)","CENTRAL AVENUE",900.00,W,N,A,-,Y,LA,,134," ",R,6.782,H,,R,Y,4,0,3,3,A,-,03,22350,,N,C,C,A,A,H,-,A,D,0,,,,,Y,,A,07,0,0,3,0,0,0,0,0,0,"- ","- ",34.156211853027344,-118.2611083984375,"LOS ANGELES",GLENDALE,-118.2611083984375,34.156265258789062
92292499,2024,2024-01-22,9575,2024-01-06,1310,023016,,6,1,6,1925,0,1,3,,2,042,"SR-134 E/B (VENTURA FREEWAY)","CONCORD ST.",385.00,E,N,A,-,Y,LA,,134," ",R,6.271,H,,R,N,3,0,3,5,A,-,03,22350,,N,C,C,A,A,H,-,A,D,0,,,,,Y,,-,"- ",0,1,2,0,0,0,0,0,0,"- ","- ",34.155029296875,-118.26979827880859,"LOS ANGELES",GLENDALE,-118.26980590820312,34.155036926269531
92292515,2024,2024-01-22,9575,2024-01-18,"812 ",022918,,4,1,6,1925,0,1,3,,2,042,"SR-134 W/B (VENTURA FREEWAY)","VERDUGO RD.",10.00,W,N,A,-,Y,LA,,134," ",R,8.241,H,,L,Y,3,0,1,2,A,-,03,22350,,N,C,C,A,A,H,-,A,D,0,,,Y,,Y,,C,02,0,1,0,0,0,0,0,0,1,"- ","- ",34.152729034423828,-118.23695373535156,"LOS ANGELES",GLENDALE,-118.23693084716797,34.152748107910156
92296161,2024,2024-02-22,9575,2024-01-16,1445,022502,,2,2,6,1925,0,1,3,,2,042,"SR-134 E/B (VENTURA FREEWAY)","THE WEST ROAD EDGE OF VERDUGO ROAD",50.00,E,N,A,-,Y,LA,,134," ",R,8.257,H,,R,Y,4,0,1,3,A,-,07,21658,A,N,B,C,A,A,H,-,A,D,0,,,,,Y,,A,01,0,0,1,0,0,0,0,0,0,"- ","- ",34.152309417724609,-118.23674011230469,"LOS ANGELES",GLENDALE,-118.23672485351562,34.152328491210938
92296405,2023,2024-01-24,9575,2023-12-10,"46  ",023205,,7,3,6,1925,0,1,1,,2,063,"I-210 W/B (FOOTHILL FREEWAY)","ANGELES CREST HIGHWAY",760.00,E,N,A,-,Y,LA,,210," ",R,20.033,H,,L,Y,3,0,2,2,A,-,07,21658,A,N,C,C,A,A,H,-,C,D,0,,,,,Y,,A,01,0,2,0,0,0,0,0,0,0,"- ","- ",34.205898284912109,-118.19770812988281,"LOS ANGELES",GLENDALE,-118.19772338867188,34.205883026123047
92296845,2024,2024-01-25,9575,2024-01-16,"815 ",021795,,2,1,6,1925,0,1,3,,2,042,"SR-134 W/B (VENTURA FREEWAY)","CONCORD ST.",550.00,E,N,A,-,Y,LA,,134," ",R,6.305,H,,L,Y,4,0,1,3,A,-,03,22350,,N,C,C,A,A,H,-,A,D,0,,,,,Y,,A,01,0,0,1,0,0,0,0,0,0,"- ","- ",34.155319213867188,-118.26924896240234,"LOS ANGELES",GLENDALE,-118.26926422119141,34.155349731445312
92298374,2024,2024-01-26,9575,2024-01-22,"630 ",023016,,1,1,6,1925,0,1,3,,2,042,"SR-134 W/B (VENTURA FREEWAY)","GLENDALE AVE",515.00,E,N,C,-,Y,LA,,134," ",R,7.978,H,,L,N,4,0,2,2,A,-,03,22350,,N,B,C,A,B,H,-,C,D,0,,,,,Y,,A,01,0,0,2,0,0,0,0,0,0,"- ","- ",34.155250549316406,-118.24044036865234,"LOS ANGELES",GLENDALE,-118.24046325683594,34.155216217041016
92298859,2023,2024-01-29,9575,2023-12-04,"8   ",022489,,1,3,6,1925,0,1,3,,2,090,"SR-2 E/B (GLENDALE FREEWAY)","HOLLY DR.",70.00,E,N,A,-,Y,LA,,2," ",R,19.070,H,,R,N,2,0,1,2,A,-,03,22350,,N,G,B,E,A,H,-,D,D,0,Y,,,,Y,,A,07,1,0,0,0,1,0,0,0,0,"- ","- ",34.150299072265625,-118.22509002685547,"LOS ANGELES",GLENDALE,-118.22509765625,34.150302886962891
92299911,2024,2024-01-29,9575,2024-01-22,1425,021932,,1,2,6,1925,0,1,1,,2,062,"I-210 E/B (FOOTHILL FREEWAY)","PENNSYLVANIA AVENUE",2400.00,W,N,B,C,Y,LA,,210," ",R,16.326,H,,R,Y,4,0,4,3,A,-,03,22350,,N,D,C,A,B,H,-,A,D,0,,,,Y,Y,,A,07,0,0,4,0,0,0,0,0,0,"- ","- ",34.226978302001953,-118.25527954101562,"LOS ANGELES",GLENDALE,-118.25526428222656,34.226997375488281
92302079,2024,2024-01-31,9575,2024-01-25,"736 ",022526,,4,1,6,1925,0,1,3,,2,042,"SR-134 W/B (VENTURA FREEWAY)","JACKSON STREET",86.00,W,N,B,-,Y,LA,,134," ",R,7.379,H,,L,N,4,0,1,2,A,-,03,22350,,N,C,C,A,A,H,-,A,D,0,,,,,Y,,A,01,0,0,1,0,0,0,0,0,0,"- ","- ",34.156429290771484,-118.25067901611328,"LOS ANGELES",GLENDALE,-118.25067901611328,34.156455993652344
92302741,2024,2024-02-01,9575,2024-01-26,1625,022502,,5,2,6,1925,0,1,3,,2,042,"SR-134 W/B (VENTURA FREEWAY)","SAN FERNANDO ROAD",50.00,E,N,A,-,Y,LA,,134," ",R,5.948,H,,L,Y,4,0,1,2,A,-,03,22350,,N,C,C,A,A,H,-,C,D,0,,,,,Y,,A,01,0,0,1,0,0,0,0,0,0,"- ","- ",34.154098510742188,-118.2752685546875,"LOS ANGELES",GLENDALE,-118.27523040771484,34.153976440429688
92302986,2024,2024-02-01,9575,2024-01-28,1340,022651,,7,1,6,1925,0,1,3,,2,042,"SR-134 E/B (VENTURA FREEWAY)","SAN FERNANDO RD.",739.00,E,N,A,-,Y,LA,,134," ",R,6.083,H,,R,Y,4,0,1,2,A,-,03,22350,,N,C,C,A,A,H,-,A,D,0,,,,,Y,,A,07,0,0,1,0,0,0,0,0,0,"- ","- ",34.154270172119141,-118.27297973632812,"LOS ANGELES",GLENDALE,-118.27298736572266,34.154296875
92304776,2024,2024-02-05,9575,2024-01-28,1550,022651,,7,2,6,1925,0,1,3,,2,042,"SR-134 W/B (VENTURA FREEWAY) TO BRAND BLVD.","BRAND BLVD.",100.00,E,N,A,-,Y,,,,,,,,,,N,3,0,1,2,A,-,03,22350,,M,C,C,A,A,H,-,A,A,0,,,,,Y,,A,07,0,1,0,0,0,0,0,0,0,"- ","- ",34.156730651855469,-118.25456237792969,"LOS ANGELES",GLENDALE,-118.25456237792969,34.156730651855469
92304777,2024,2024-02-05,9575,2024-01-27,1225,023016,,6,1,6,1925,0,1,3,,2,042,"SR-134 W/B (VENTURA FREEWAY)","PACIFIC AVE",940.00,E,N,A,-,Y,LA,,134," ",R,6.780,H,,L,Y,4,0,4,3,A,-,03,22350,,N,C,C,A,A,H,-,A,D,0,,,,,Y,,A,01,0,0,4,0,0,0,0,0,0,"- ","- ",34.156509399414062,-118.26116943359375,"LOS ANGELES",GLENDALE,-118.26116943359375,34.156444549560547
92307956,2024,2024-02-07,9575,2024-01-29,"835 ",021795,,1,1,6,1925,0,1,3,,2,090,"SR-2 W/B (GLENDALE FREEWAY)","MOUNTAIN ST.",2000.00,W,N,A,-,Y,LA,,2," ",R,19.672,H,,L,Y,4,0,2,2,A,-,03,22350,,N,C,C,A,A,H,-,A,D,0,,,,,Y,,A,01,0,0,2,0,0,0,0,0,0,"- ","- ",34.158809661865234,-118.22540283203125,"LOS ANGELES",GLENDALE,-118.225341796875,34.158821105957031
92308888,2024,2024-02-08,9575,2024-02-06,1200,019538,,2,1,6,1925,0,1,1,,2,050,"I-5 N/B (GOLDEN STATE FREEWAY)","SONORA AVE U/C",750.00,S,N,B,-,Y,LA,,5," "," ",27.408,H,,R,N,4,0,2,3,A,-,03,22350,,N,C,C,A,B,H,-,A,D,0,,,,,Y,,A,01,0,0,2,0,0,0,0,0,0,"- ","- ",34.159519195556641,-118.29212951660156,"LOS ANGELES",GLENDALE,-118.29212188720703,34.159523010253906
92310186,2023,2024-02-09,9575,2023-12-26,2221,022939,,2,3,6,1925,0,1,3,,2,090,"SR-2 E/B TO MOUNTAIN STREET","MOUNTAIN STREET",50.00,W,N,A,-,Y,,,,,,,,,,Y,3,0,1,4,A,-,08,22107,,M,B,2,A,A,H,-,C,A,0,,,,,Y,Y,-,99,0,1,0,0,0,0,0,0,0,"- ","- ",34.164009094238281,-118.22444915771484,"LOS ANGELES",GLENDALE,-118.22444915771484,34.164009094238281
92310825,2024,2024-02-12,9575,2024-02-05,1550,022513,,1,2,6,1925,0,1,3,,2,042,"SR-134 W/B (VENTURA FREEWAY)","GLENDALE AVE.",792.00,E,N,B,C,Y,LA,,134," ",R,8.033,H,,L,Y,4,0,1,1,A,-,03,22350,,N,E,I,A,B,H,-,A,D,0,,,,,Y,,A,07,0,0,1,0,0,0,0,0,0,"- ","- ",34.154861450195312,-118.23957061767578,"LOS ANGELES",GLENDALE,-118.23966217041016,34.154766082763672
92314641,2024,2024-02-15,9575,2024-02-09,"105 ",022084,,5,3,6,1925,0,1,3,,2,090,"SR-2 W/B (GLENDALE FREEWAY)","HOLLY DR.",37.00,E,N,A,-,Y,,,,,,,,,,N,4,0,2,2,A,-,03,22350,,N,C,C,A,A,H,-,C,A,0,,,,,Y,,A,07,0,0,2,0,0,0,0,0,0,"- ","- ",34.150360107421875,-118.22569274902344,"LOS ANGELES",GLENDALE,-118.22534942626953,34.150260925292969
92314822,2024,2024-02-15,9575,2024-02-06,1024,023227,,2,1,6,1925,0,1,1,,2,062,"I-210 E/B (FOOTHILL FREEWAY)","NEW YORK AVE",550.00,W,N,B,C,Y,LA,,210," ",R,16.371,H,,R,Y,4,0,2,1,A,-,03,22350,,N,E,8,A,B,H,-,A,D,0,,,,,Y,,A,07,0,0,2,0,0,0,0,0,0,"- ","- ",34.226680755615234,-118.25456237792969,"LOS ANGELES",GLENDALE,-118.25462341308594,34.226604461669922
92316961,2024,2024-02-19,9575,2024-02-09,1450,022502,,5,2,6,1925,0,1,3,,2,041,"SR-134 E/B (VENTURA FREEWAY)","SR-2 E/B (GLENDALE FREEWAY)",5280.00,E,N,A,-,Y,LA,,134," ",R,9.916,H,,R,N,4,0,2,2,A,-,03,22350,,N,C,C,A,A,H,-,A,D,0,,,,,Y,,A,01,0,0,2,0,0,0,0,0,0,"- ","- ",34.14501953125,-118.21025848388672,"LOS ANGELES",GLENDALE,-118.21025848388672,34.145008087158203
92316994,2024,2024-02-19,9575,2024-02-09,1745,022502,,5,2,6,1925,0,1,3,,2,042,"SR-134 W/B (VENTURA FREEWAY)","CONCORD STREET",50.00,W,N,A,-,Y,LA,,134," ",R,6.180,H,,L,Y,2,0,3,2,A,-,01,23152,A,F,C,C,A,A,H,-,C,D,0,,,,,Y,Y,D,22,1,0,2,0,0,0,0,0,0,"- ","- ",34.154911041259766,-118.27143859863281,"LOS ANGELES",GLENDALE,-118.27141571044922,34.15484619140625
92317005,2024,2024-02-19,9575,2024-02-07,2029,022110,,3,2,6,1925,0,1,3,,2,042,"SR-134 W/B (VENTURA FREEWAY)","JACKSON STREET",70.00,E,N,B,C,Y,LA,,134," ",R,7.422,H,,L,Y,3,0,1,2,A,-,03,22350,,N,B,2,A,B,H,-,D,D,0,,,,,Y,,D,22,0,1,0,0,0,0,0,0,0,"- ","- ",34.156501770019531,-118.24993133544922,"LOS ANGELES",GLENDALE,-118.24993133544922,34.156455993652344
92317255,2024,2024-02-19,9575,2024-02-04,"22  ",022953,,7,3,6,1925,0,1,3,,2,042,"SR-134 W/B (VENTURA FREEWAY)","BRAND AVENUE",150.00,E,N,A,-,Y,LA,,134," ",R,7.201,H,,L,N,4,0,1,2,A,-,08,22107,,N,B,C,A,A,H,-,C,D,0,,,,,Y,Y,A,01,0,0,1,0,0,0,0,0,0,"- ","- ",34.156379699707031,-118.25377655029297,"LOS ANGELES",GLENDALE,-118.2537841796875,34.156452178955078
92317408,2024,2024-02-19,9575,2024-02-10,1040,023016,,6,1,6,1925,0,1,3,,2,042,"SR-134 WB TO I-5","SAN FERNANDO RD",55.00,E,N,A,-,Y,LA,,134," ",R,5.949,H,,L,Y,4,0,5,4,A,-,03,22350,,N,C,C,A,A,H,-,A,D,0,,,,,Y,,A,07,0,0,5,0,0,0,0,0,0,"- ","- ",34.154121398925781,-118.27526092529297,"LOS ANGELES",GLENDALE,-118.27521514892578,34.153980255126953
92317474,2024,2024-02-19,9575,2024-02-13,1630,022513,,2,2,6,1925,0,1,1,,2,062,"I-210 W/B (FOOTHILL FREEWAY)","BRIGGS AVE.",60.00,W,N,B,-,Y,LA,,210," ",R,17.992,H,,L,N,4,0,3,2,A,-,03,22350,,N,C,C,A,A,H,-,A,D,0,,,,,Y,,A,01,0,0,3,0,0,0,0,0,0,"- ","- ",34.213710784912109,-118.231201171875,"LOS ANGELES",GLENDALE,-118.23124694824219,34.213657379150391
92317896,2024,2024-02-20,9575,2024-02-10,1433,022110,,6,2,6,1925,0,1,3,,2,042,"SR-134 E/B TO PACIFIC AVENUE","PACIFIC AVENUE",138.00,W,N,A,-,Y,LA,,134," ",R,6.549,H,,R,Y,4,0,1,2,A,-,03,22350,,N,C,C,A,A,H,-,A,A,0,,,,,Y,,A,07,0,0,1,0,0,0,0,0,0,"- ","- ",34.155780792236328,-118.26513671875,"LOS ANGELES",GLENDALE,-118.26518249511719,34.156009674072266
92317924,2024,2024-02-20,9575,2024-02-10,1604,022110,,6,2,6,1925,0,1,3,,2,042,"SR-134 W/B (VENTURA FREEWAY)","PACIFIC AVENUE",890.00,E,N,A,-,Y,LA,,134," ",R,6.769,H,,L,Y,4,0,2,2,A,-,08,22107,,N,B,2,A,A,H,-,A,D,0,,,,,Y,,A,07,0,0,2,0,0,0,0,0,0,"- ","- ",34.156448364257812,-118.26136016845703,"LOS ANGELES",GLENDALE,-118.26136016845703,34.156440734863281
92320357,2024,2024-02-22,9575,2024-02-04,1715,023126,,7,2,6,1925,0,1,3,,2,090,"SR-2 E/B TO I-210 E/B","VERDUGO BLVD.",780.00,E,N,B,C,Y,,,,,,,,,,N,4,0,1,1,A,-,03,22350,,N,E,I,A,B,H,-,C,D,0,,,,,Y,,A,01,0,0,1,0,0,0,0,0,0,"- ","- ",34.206630706787109,-118.21501922607422,"LOS ANGELES",GLENDALE,-118.21501922607422,34.206630706787109
92322299,2024,2024-02-26,9575,2024-02-15,1730,022502,,4,2,6,1925,0,1,3,,2,042,"SR-134 W/B (VENTURA FREEWAY)","LOUISE STREET",100.00,W,N,A,-,Y,LA,,134," ",R,7.238,H,,L,N,4,0,1,2,A,-,03,22350,,N,C,C,A,A,H,-,B,D,0,,,,,Y,,D,22,0,0,1,0,0,0,0,0,0,"- ","- ",34.156520843505859,-118.25312805175781,"LOS ANGELES",GLENDALE,-118.25312805175781,34.156463623046875
92326427,2024,2024-02-29,9575,2024-02-19,"810 ",021795,,1,1,6,1925,0,1,3,,2,090,"SR-2 W/B (GLENDALE FREEWAY)","MOUNTAIN ST.",1900.00,E,N,B,C,Y,LA,,2," ",R,20.429,H,,L,Y,4,0,1,2,A,-,03,22350,,N,C,2,A,B,H,-,A,D,0,,,,,Y,,A,01,0,0,1,0,0,0,0,0,0,"- ","- ",34.169609069824219,-118.22335052490234,"LOS ANGELES",GLENDALE,-118.223388671875,34.16961669921875
92326844,2024,2024-02-29,9575,2024-02-17,1650,022502,,6,2,6,1925,0,1,1,,2,050,"I-5 S/B (GOLDEN STATE FREEWAY)","SONORA AVENUE",1000.00,S,N,A,-,Y,LA,,5," "," ",27.345,H,,L,N,4,0,2,2,A,-,03,22350,,N,C,C,A,A,H,-,A,D,0,,,,,Y,,A,01,0,0,2,0,0,0,0,0,0,"- ","- ",34.158588409423828,-118.29189300537109,"LOS ANGELES",GLENDALE,-118.29184722900391,34.158607482910156
92326997,2024,2024-02-29,9575,2024-02-20,1230,022085,,2,1,6,1925,0,1,3,,2,042,"SR-134 W/B (VENTURA FREEWAY)","PACIFIC AVE",528.00,E,N,B,C,Y,LA,,134," ",R,6.702,H,,L,Y,4,0,1,3,A,-,03,22350,,N,D,C,A,B,H,-,A,D,0,,,,,Y,,A,01,0,0,1,0,0,0,0,0,0,"- ","- ",34.156360626220703,-118.26248931884766,"LOS ANGELES",GLENDALE,-118.26248931884766,34.156417846679688
92327769,2024,2024-03-01,9575,2024-02-22,"945 ",023410,,4,1,6,1925,0,1,1,,2,062,"I-210 E/B (FOOTHILL FREEWAY)","LOWELL AVENUE",953.00,E,N,A,-,Y,LA,,210," ",R,15.815,H,,R,N,4,0,1,4,A,-,03,22350,,N,C,C,A,A,H,-,A,D,0,,,,,Y,,A,08,0,0,1,0,0,0,0,0,0,"- ","- ",34.230358123779297,-118.26306915283203,"LOS ANGELES",GLENDALE,-118.26306915283203,34.230369567871094
92327893,2024,2024-03-01,9575,2024-02-24,1913,022110,,6,2,6,1925,0,1,3,,2,042,"SR-134 W/B (VENTURA FREEWAY)","CONCORD STREET",70.00,W,N,A,-,Y,LA,,134," ",R,6.176,H,,L,Y,4,0,5,4,A,-,03,22350,,N,C,C,A,A,H,-,C,D,0,,,,,Y,,A,07,0,0,5,0,0,0,0,0,0,"- ","- ",34.154911041259766,-118.27150726318359,"LOS ANGELES",GLENDALE,-118.271484375,34.154830932617188
92327928,2024,2024-03-01,9575,2024-02-22,1750,021925,,4,2,6,1925,0,1,3,,2,042,"DORAN STREET","COMMERICAL STREET",0.00,,Y,A,-,N,,,,,,,,,,N,4,0,1,2,A,-,03,22350,,M,C,C,A,A,H,-,A,D,0,,,,,Y,,-,99,0,0,1,0,0,0,0,0,0,"- ","- ",34.153610229492188,-118.27378082275391,"LOS ANGELES",GLENDALE,-118.27354431152344,34.153568267822266
92327951,2024,2024-03-01,9575,2024-02-24,1940,022783,,6,2,6,1925,0,1,3,,2,042,"SR-134 E/B (VENTURA FREEWAY) TO SAN FERNANDO ROAD","SAN FERNANDO ROAD",320.00,E,N,A,-,Y,,,,,,,,,,N,3,0,1,2,A,-,03,22350,,N,C,C,A,A,H,-,D,D,0,,,,,Y,,A,01,0,1,0,0,0,0,0,0,0,"- ","- ",34.154911041259766,-118.27247619628906,"LOS ANGELES",GLENDALE,-118.27247619628906,34.154911041259766
92329075,2024,2024-03-04,9575,2024-02-24,1015,023227,,6,1,6,1925,0,1,1,,2,050,"I-5 S/B (GOLDEN STATE FREEWAY)","WESTERN AVE",515.00,N,N,A,-,Y,LA,,5," "," ",27.958,H,,L,Y,4,0,1,3,A,-,07,21658,A,M,B,C,A,A,A,-,A,D,0,,,,,Y,Y,-,99,0,0,1,0,0,0,0,0,0,"- ","- ",34.165611267089844,-118.29802703857422,"LOS ANGELES",GLENDALE,-118.29805755615234,34.165584564208984
92330630,2024,2024-03-05,9575,2024-01-12,"855 ",020251,,5,1,6,1925,0,1,1,,2,050,"I-5 S/B (GOLDEN STATE FREEWAY)","SONORA AVE.",75.00,S,N,A,-,Y,LA,,5," "," ",27.508,H,,L,Y,4,0,1,3,A,-,03,22350,,M,C,C,A,A,H,-,A,D,0,,,,,Y,,-,99,0,0,1,0,0,0,0,0,0,"- ","- ",34.160678863525391,-118.29312896728516,"LOS ANGELES",GLENDALE,-118.29306030273438,34.16070556640625
92333605,2024,2024-03-08,9575,2024-03-07,1810,021538,,4,2,6,1925,0,1,3,,2,090,"SR-2 E/B (GLENDALE FREEWAY)","FERN LN.",2075.00,E,N,B,-,Y,LA,,2," ",R,21.999,H,,R,Y,3,0,3,3,A,-,03,22350,,N,B,C,A,B,H,-,D,D,0,,,,,Y,,A,01,0,2,1,0,0,0,0,0,0,"- ","- ",34.191280364990234,-118.2193603515625,"LOS ANGELES",GLENDALE,-118.21928405761719,34.191307067871094
92337679,2024,2024-08-30,9575,2024-03-02,"0   ",022953,,6,3,6,1925,0,1,3,,2,043,"SR-134 W/B (VENTURA FREEWAY) FROM FAIRMONT AVENUE","FOREST LAWN DRIVE",309.00,E,N,C,-,Y,LA,,134," ",R,5.993,H,,L,Y,4,0,1,2,A,-,01,23152,A,M,C,C,A,B,H,-,C,D,0,,,,,Y,Y,D,22,0,0,1,0,0,0,0,0,0,"- ","- ",34.154380798339844,-118.27458190917969,"LOS ANGELES",GLENDALE,-118.27449798583984,34.154151916503906
92337944,2024,2024-03-14,9575,2024-02-22,"725 ",023227,,4,1,6,1925,1,4,S,,2,901,"CANADA BLVD (2500 BLOCK)","EL RITO AVE (1700 BLOCK)",0.00,,Y,A,-,N,,,,,,,,,,N,4,0,1,2,A,-,09,21802,A,N,D,C,A,A,H,-,A,A,0,,,,,Y,,A,07,0,0,1,0,0,0,0,0,0,"- ","- ",34.183120727539062,-118.22904205322266,"LOS ANGELES",GLENDALE,-118.22905731201172,34.182998657226562
92338398,2024,2024-03-14,9575,2024-03-07,1311,022526,,4,1,6,1925,0,1,3,,2,042,"SR-134 E/B (VENTURA FREEWAY)","CHEVY CHASE DRIVE",305.00,E,N,A,-,Y,LA,,134," ",R,8.428,H,,R,N,4,0,6,5,A,-,03,22350,,N,C,C,A,A,H,-,A,D,0,,,,,Y,,A,01,0,0,6,0,0,0,0,0,0,"- ","- ",34.150791168212891,-118.23478698730469,"LOS ANGELES",GLENDALE,-118.23472595214844,34.150856018066406
92339548,2024,2024-03-15,9575,2024-03-09,"200 ",022946,,6,3,6,1925,0,1,3,,2,042,"SR-134 W/B (VENTURA FREEWAY)","CONCORD ST",445.00,E,N,A,-,Y,LA,,134," ",R,6.282,H,,L,Y,3,0,3,2,A,-,03,22350,,N,C,C,A,A,H,-,C,D,0,,,,,Y,,A,01,0,1,2,0,0,0,0,0,0,"- ","- ",34.155250549316406,-118.26963043212891,"LOS ANGELES",GLENDALE,-118.26963043212891,34.155258178710938
92339941,2023,2024-03-18,9575,2023-12-08,1950,022502,,5,2,6,1925,0,1,3,,2,042,"SR-134 W/B (VENTURA FREEWAY)","SAN FERNANDO ROAD",100.00,W,N,A,-,Y,LA,,134," ",R,5.911,H,,L,N,4,0,1,1,A,-,08,22107,,N,C,C,A,A,H,-,C,D,0,,,,,Y,,A,07,0,0,1,0,0,0,0,0,0,"- ","- ",34.153770446777344,-118.27587127685547,"LOS ANGELES",GLENDALE,-118.27588653564453,34.153823852539062
92342813,2024,2024-03-20,9575,2024-03-14,"835 ",022526,,4,1,6,1925,0,1,3,,2,042,"SR-134 W/B (VENTURA FREEWAY)","CENTRAL AVENUE",321.00,W,N,A,-,Y,LA,,134," ",R,6.893,H,,L,N,4,0,1,2,A,-,03,22350,,N,C,C,A,A,H,-,A,D,0,,,,,Y,,A,01,0,0,1,0,0,0,0,0,0,"- ","- ",34.156448364257812,-118.25919342041016,"LOS ANGELES",GLENDALE,-118.25919342041016,34.156448364257812
92342988,2024,2024-03-20,9575,2024-03-13,2000,021925,,3,2,6,1925,0,1,3,,2,042,"SR-134 E/B TO CENTRAL AVENUE","CENTRAL AVENUE",52.00,W,N,A,-,Y,LA,,134," ",R,6.945,H,,R,N,4,0,9,3,A,-,03,22350,,F,C,C,A,A,H,-,C,A,0,,,,,Y,,A,01,0,0,9,0,0,0,0,0,0,"- ","- ",34.156101226806641,-118.25827789306641,"LOS ANGELES",GLENDALE,-118.25827789306641,34.156272888183594
92343045,2024,2024-03-20,9575,2024-03-14,1740,021925,,4,2,6,1925,0,1,3,,2,042,"SR-134 W/B (VENTURA FREEWAY)","PACIFIC AVENUE",180.00,W,N,A,-,Y,LA,,134," ",R,6.551,H,,L,N,4,0,2,2,A,-,03,22350,,N,C,C,A,A,H,-,A,D,0,,,,,Y,,A,01,0,0,2,0,0,0,0,0,0,"- ","- ",34.156261444091797,-118.26510620117188,"LOS ANGELES",GLENDALE,-118.26509857177734,34.156200408935547
92344294,2024,2024-03-21,9575,2024-03-13,1510,021925,,3,2,6,1925,0,1,3,,2,090,"SR-2 W/B (GLENDALE FREEWAY)","CHEVY CHASE DR.",345.00,W,N,A,-,Y,LA,,2," ",R,19.355,H,,L,Y,4,0,1,2,A,-,07,21658,A,N,B,C,A,A,H,-,A,D,0,,,,,Y,,A,01,0,0,1,0,0,0,0,0,0,"- ","- ",34.154350280761719,-118.22438049316406,"LOS ANGELES",GLENDALE,-118.22430419921875,34.154346466064453
92345678,2024,2024-03-25,9575,2024-03-16,2210,023284,,6,3,6,1925,0,1,1,,2,050,"I-5 N/B (GOLDEN STATE FREEWAY)","WESTERN AVE.",270.00,N,N,A,-,Y,LA,,5," "," ",27.911,H,,R,Y,4,0,1,2,A,-,07,21658,A,M,B,2,A,A,H,-,C,D,0,,,,,Y,,-,99,0,0,1,0,0,0,0,0,0,"- ","- ",34.165290832519531,-118.29731750488281,"LOS ANGELES",GLENDALE,-118.29729461669922,34.165309906005859
92345906,2024,2024-03-25,9575,2024-03-23,"916 ",022526,,6,1,6,1925,0,1,3,,2,042,"SR-134 E/B (VENTURA FREEWAY)","HARVEY DRIVE",164.00,W,N,B,C,Y,LA,,134," ",R,8.785,H,,R,N,4,0,1,1,A,-,03,22350,,N,E,I,A,B,H,-,A,D,0,,,,,Y,,A,07,0,0,1,0,0,0,0,0,0,"- ","- ",34.147789001464844,-118.22953033447266,"LOS ANGELES",GLENDALE,-118.22945404052734,34.147937774658203
92347772,2024,2024-03-26,9575,2024-02-28,1824,022110,,3,2,6,1925,0,1,3,,2,042,"SR-134 W/B (VENTURA FREEWAY)","CONCORD STREET",605.00,E,N,A,-,Y,LA,,134," ",R,6.312,H,,L,Y,4,0,1,3,A,-,03,22350,,F,C,C,A,A,H,-,C,D,0,,,,,Y,,-,99,0,0,1,0,0,0,0,0,0,"- ","- ",34.155361175537109,-118.26914215087891,"LOS ANGELES",GLENDALE,-118.26914978027344,34.155380249023438
92348554,2024,2024-03-27,9575,2024-03-15,1310,021795,,5,1,6,1925,0,1,3,,2,042,"SR-134 E/B (VENTURA FREEWAY)","LOS ANGELES RIVER",260.00,E,N,A,-,Y,LA,,134," ",R,5.774,H,,R,N,4,0,1,2,A,-,07,21658,A,N,B,C,A,A,A,-,A,D,0,,,,Y,Y,,F,27,0,0,1,0,0,0,0,0,0,"- ","- ",34.153079986572266,-118.2781982421875,"LOS ANGELES",GLENDALE,-118.27820587158203,34.153091430664062
92348842,2024,2024-03-27,9575,2024-03-16,"855 ",021795,,6,1,6,1925,0,1,3,,2,042,"SR-134 E/B (VENTURA FREEWAY)","BRAND BLVD.",170.00,E,N,A,-,Y,LA,,134," ",R,7.172,H,,R,Y,4,0,1,1,A,-,08,22107,,N,E,I,A,A,H,-,A,D,0,,,,,Y,,A,07,0,0,1,0,0,0,0,0,0,"- ","- ",34.156368255615234,-118.25428009033203,"LOS ANGELES",GLENDALE,-118.25428009033203,34.156272888183594
92349216,2024,2024-07-08,9575,2024-03-13,1115,021795,,3,1,6,1925,0,1,3,,2,042,"SR-134 E/B (VENTURA FREEWAY) TO SR-2 (GLENDALE FRE","HARVEY DR.",500.00,W,N,A,-,Y,,,,,,,,,,Y,4,0,1,2,A,-,08,22107,,N,B,C,A,A,H,-,A,D,0,,,,,Y,,A,01,0,0,1,0,0,0,0,0,0,"- ","- ",34.148120880126953,-118.23095703125,"LOS ANGELES",GLENDALE,-118.23095703125,34.148120880126953
92349631,2024,2024-03-28,9575,2024-03-16,"930 ",021795,,6,1,6,1925,0,1,3,,2,042,"SR-134 W/B (VENTURA FREEWAY)","LOUISE ST.",230.00,W,N,A,-,Y,LA,,134," ",R,7.214,H,,L,Y,4,0,1,5,A,-,03,22350,,N,C,C,A,A,H,-,A,D,0,,,,,Y,,A,01,0,0,1,0,0,0,0,0,0,"- ","- ",34.156429290771484,-118.25356292724609,"LOS ANGELES",GLENDALE,-118.25356292724609,34.156455993652344
92349956,2024,2024-03-28,9575,2024-03-27,1008,019538,,3,1,6,1925,0,1,1,,2,050,"I-5 S/B (GOLDEN STATE FREEWAY)","SONORA AVE. UNDERCROSSING",500.00,N,N,A,-,Y,LA,,5," "," ",27.628,H,,L,N,4,0,2,2,A,-,03,22350,,N,C,C,A,A,H,-,A,D,0,,,,Y,Y,,G,25,0,0,2,0,0,0,0,0,0,"- ","- ",34.162189483642578,-118.29409790039062,"LOS ANGELES",GLENDALE,-118.29402923583984,34.162227630615234
92350885,2024,2024-03-29,9575,2024-03-27,"825 ",021795,,3,1,6,1925,0,1,3,,2,042,"SR-134 W/B (VENTURA FREEWAY)","BRAND BLVD.",125.00,E,N,A,-,Y,LA,,134," ",R,7.163,H,,L,N,4,0,1,3,A,-,03,22350,,M,C,C,A,A,H,-,A,D,0,,,,,Y,,-,99,0,0,1,0,0,0,0,0,0,"- ","- ",34.156429290771484,-118.25444030761719,"LOS ANGELES",GLENDALE,-118.25444030761719,34.156440734863281
92350888,2024,2024-03-29,9575,2024-03-27,1622,021538,,3,2,6,1925,0,1,3,,2,042,"SR-134 W/B (VENTURA FREEWAY)","JACKSON ST",155.00,W,N,A,-,Y,LA,,134," ",R,7.366,H,,L,Y,3,0,2,2,A,-,03,22350,,N,C,C,A,A,H,-,A,D,0,,,,,Y,,A,01,0,1,1,0,0,0,0,0,0,"- ","- ",34.156398773193359,-118.25090026855469,"LOS ANGELES",GLENDALE,-118.25090026855469,34.156455993652344
92353168,2024,2024-04-03,9575,2024-03-22,1720,023126,,5,2,6,1925,0,1,1,,2,062,"I-210 E/B (FOOTHILL FREEWAY)","PENNSYLVANIA AVE",528.00,W,N,A,-,Y,LA,,210," ",R,16.912,H,,R,N,3,0,3,2,A,-,03,22350,,N,C,C,A,A,H,-,A,D,0,,,,Y,Y,,F,26,0,2,1,0,0,0,0,0,0,"- ","- ",34.222030639648438,-118.24697113037109,"LOS ANGELES",GLENDALE,-118.24695587158203,34.222049713134766
92356580,2024,2024-04-04,9575,2024-03-30,"745 ",023410,,6,1,6,1925,0,1,1,,2,062,"I-210 W/B (FOOTHILL FREEWAY)","LA TUNA CANYON ROAD",1599.00,E,N,B,C,Y,LA,,210," ",R,14.519,H,,L,Y,4,0,1,1,A,-,03,22350,,N,F,A,A,B,H,-,A,D,0,,,,,Y,,A,07,0,0,1,0,0,0,0,0,0,"- ","- ",34.234508514404297,-118.28505706787109,"LOS ANGELES",GLENDALE,-118.28506469726562,34.234394073486328
92356588,2024,2024-04-04,9575,2024-03-30,"405 ",022876,,6,3,6,1925,0,1,3,,2,042,"SR-134 W/B (VENTURA FREEWAY)","PACIFIC AVENUE",739.00,E,N,C,-,Y,LA,,134," ",R,6.748,H,,L,Y,3,0,2,1,A,-,03,22350,,F,E,I,A,B,H,-,C,D,0,,,,,Y,,A,07,0,1,1,0,0,0,0,0,0,"- ","- ",34.156520843505859,-118.26171875,"LOS ANGELES",GLENDALE,-118.26171875,34.15643310546875
92358302,2024,2024-04-08,9575,2024-04-03,"910 ",021970,,3,1,6,1925,0,1,3,,2,042,"SR-134 W/B (VENTURA FREEWAY)","SAN FERNANDO RD",500.00,E,N,A,-,Y,LA,,134," ",R,6.301,H,,L,N,4,0,1,2,A,-,03,22350,,N,C,C,A,A,H,-,A,D,0,,,,,Y,,A,07,0,0,1,0,0,0,0,0,0,"- ","- ",34.155319213867188,-118.26931762695312,"LOS ANGELES",GLENDALE,-118.26932525634766,34.15533447265625
92358679,2024,2024-04-08,9575,2024-03-29,"110 ",022876,,5,3,6,1925,0,1,1,,2,050,"I-5 S/B (GOLDEN STATE FREEWAY)","SONORA AVENUE",135.00,S,N,A,-,Y,LA,,5," "," ",27.510,H,,L,Y,4,0,1,2,A,-,01,23152,A,M,B,C,A,A,H,-,C,D,0,,,,,Y,Y,A,01,0,0,1,0,0,0,0,0,0,"- ","- ",34.160701751708984,-118.29313659667969,"LOS ANGELES",GLENDALE,-118.29307556152344,34.160724639892578
92358891,2024,2024-04-08,9575,2024-03-28,1420,021925,,4,2,6,1925,0,1,3,,2,042,"SR-134 W/B (VENTURA FREEWAY) FROM HARVEY DRIVE.","HARVEY DRIVE",90.00,W,N,A,-,Y,,,,,,,,,,Y,3,0,1,1,A,-,01,23152,A,N,F,A,A,A,H,-,A,A,0,,,Y,,Y,Y,C,02,0,1,0,0,0,0,0,0,1,"- ","- ",34.148200988769531,-118.22891998291016,"LOS ANGELES",GLENDALE,-118.22891998291016,34.148200988769531
92360351,2024,2024-04-09,9575,2024-04-02,1715,021925,,2,2,6,1925,0,1,3,,2,090,"SR-2 E/B (GLENDALE FREEWAY) TO MOUNTAIN AVE.","MOUNTAIN AVENUE",91.00,W,N,A,-,Y,,,,,,,,,,N,4,0,1,2,A,-,03,22350,,N,C,C,A,A,H,-,A,A,0,,,,,Y,,A,01,0,0,1,0,0,0,0,0,0,"- ","- ",34.163898468017578,-118.22445678710938,"LOS ANGELES",GLENDALE,-118.22513580322266,34.164070129394531
92360379,2024,2024-04-09,9575,2024-04-04,1936,021538,,4,2,6,1925,0,1,1,,2,050,"I-5 S/B (GOLDEN STATE FREEWAY)","SOUTH EDGE OF SONORA AVE.",15.00,N,N,B,-,Y,LA,,5," "," ",27.542,H,,L,Y,4,0,2,2,A,-,03,22350,,N,C,C,A,A,H,-,C,D,0,,,,,Y,,A,07,0,0,2,0,0,0,0,0,0,"- ","- ",34.161109924316406,-118.29338836669922,"LOS ANGELES",GLENDALE,-118.29331970214844,34.161140441894531
92361353,2024,2024-06-04,9575,2024-03-30,"635 ",023410,,6,1,6,1925,0,1,1,,2,062,"I-210 E/B (FOOTHILL FREEWAY)","PENNSYLVANIA AVENUE",353.00,E,N,B,C,Y,LA,,210," ",R,16.865,H,,R,Y,4,0,1,3,A,-,03,22350,,M,B,2,A,B,H,-,A,D,0,,,,,Y,,-,99,0,0,1,0,0,0,0,0,0,"- ","- ",34.222408294677734,-118.24765014648438,"LOS ANGELES",GLENDALE,-118.24765014648438,34.222412109375
92361922,2024,2024-04-11,9575,2024-03-30,"924 ",023072,,6,1,6,1925,0,1,3,,2,090,"SR-2 E/B (GLENDALE FREEWAY)","FERN LANE",704.00,W,N,C,-,Y,LA,,2," ",R,21.461,H,,R,N,4,0,1,1,A,-,03,22350,,N,E,I,A,B,H,-,A,D,0,,,,,Y,,A,01,0,0,1,0,0,0,0,0,0,"- ","- ",34.183830261230469,-118.21787261962891,"LOS ANGELES",GLENDALE,-118.21775817871094,34.183803558349609
92362006,2024,2024-04-11,9575,2024-03-30,"710 ",023072,,6,1,6,1925,0,1,3,,2,042,"SR-134 E/B (VENTURA FREEWAY)","CHEVY CHASE DRIVE",338.00,W,N,C,-,Y,LA,,134," ",R,8.282,H,,R,Y,3,0,2,1,A,-,03,22350,,N,E,I,A,B,H,-,A,D,0,,,,,Y,,D,22,0,1,1,0,0,0,0,0,0,"- ","- ",34.152149200439453,-118.23629760742188,"LOS ANGELES",GLENDALE,-118.23637390136719,34.152080535888672
92362474,2024,2024-04-11,9575,2024-04-08,1520,021879,,1,2,6,1925,0,1,3,,2,042,"SR-134 E/B (VENTURA FREEWAY)","SAN FERNANDO RD.",585.00,W,N,A,-,Y,LA,,134," ",R,5.825,H,,R,Y,4,0,2,3,A,-,03,22350,,N,C,C,A,A,H,-,A,D,0,,,,Y,Y,,F,26,0,0,2,0,0,0,0,0,0,"- ","- ",34.153289794921875,-118.27732086181641,"LOS ANGELES",GLENDALE,-118.27732086181641,34.153297424316406
92362917,2024,2024-04-12,9575,2024-04-02,2125,021925,,2,2,6,1925,0,1,3,,2,042,"SR-134 E/B (VENTURA FREEWAY)","SAN FERNANDO ROAD",500.00,W,N,A,-,Y,LA,,134," ",R,5.840,H,,R,N,4,0,2,2,A,-,03,22350,,M,C,C,A,A,H,-,A,D,0,,,,,Y,,-,99,0,0,2,0,0,0,0,0,0,"- ","- ",34.153331756591797,-118.27704620361328,"LOS ANGELES",GLENDALE,-118.27706146240234,34.153354644775391
92363016,2024,2024-04-12,9575,2024-04-11,1000,022085,,4,1,6,1925,0,1,1,,2,050,"I-5 S/B TO WESTERN AVE E/B","WESTERN AVE",6.00,S,N,A,-,Y,,,,,,,,,,N,4,0,1,2,A,-,21,22106,,N,C,C,A,A,H,-,A,A,0,,,,,Y,,A,08,0,0,1,0,0,0,0,0,0,"- ","- ",34.163970947265625,-118.29701995849609,"LOS ANGELES",GLENDALE,-118.29665374755859,34.164600372314453
92363873,2024,2024-04-15,9575,2024-04-12,2120,022783,,5,2,6,1925,0,1,1,,2,050,"I-5 S/B (GOLDEN STATE FREEWAY)","WESTERN AVE",120.00,N,N,A,-,Y,LA,,5," "," ",28.114,H,,L,N,4,0,2,2,A,-,07,21658,A,N,B,2,A,A,H,-,D,D,0,,,,,Y,,A,07,0,0,2,0,0,0,0,0,0,"- ","- ",34.166980743408203,-118.30014038085938,"LOS ANGELES",GLENDALE,-118.30006408691406,34.16705322265625
92364560,2024,2024-04-15,9575,2024-04-08,"840 ",021970,,1,1,6,1925,0,1,3,,2,042,"SR-134 W/B (VENTURA FREEWAY)","GLENDALE BLVD.",500.00,W,N,A,-,Y,LA,,134," ",R,7.815,H,,L,N,4,0,1,3,A,-,03,22350,,N,E,8,A,A,H,-,A,D,0,,,,,Y,,A,01,0,0,1,0,0,0,0,0,0,"- ","- ",34.156089782714844,-118.24308776855469,"LOS ANGELES",GLENDALE,-118.24305725097656,34.156177520751953
92365696,2024,2024-04-16,9575,2024-04-09,1755,021925,,2,2,6,1925,0,1,3,,2,042,"SR-134 W/B (VENTURA FREEWAY)","VERDUGO ROAD",410.00,W,N,A,-,Y,LA,,134," ",R,8.151,H,,L,N,4,0,2,4,A,-,03,22350,,N,C,C,A,A,H,-,A,D,0,,,,,Y,,A,01,0,0,2,0,0,0,0,0,0,"- ","- ",34.153648376464844,-118.23809814453125,"LOS ANGELES",GLENDALE,-118.23812103271484,34.15362548828125
92366844,2024,2024-04-17,9575,2024-04-14,1635,023029,,7,2,6,1925,0,1,1,,2,062,"I-210 W/B (FOOTHILL FREEWAY)","OCEAN VIEW BOULEVARD",245.00,E,N,B,C,Y,LA,,210," ",R,18.269,H,,L,N,4,0,1,2,A,-,03,22350,,N,B,C,A,B,H,-,A,D,0,,,,,Y,,A,07,0,0,1,0,0,0,0,0,0,"- ","- ",34.211658477783203,-118.22708892822266,"LOS ANGELES",GLENDALE,-118.22714233398438,34.211578369140625
92367657,2024,2024-04-18,9575,2024-04-07,"145 ",022953,,7,3,6,1925,0,1,3,,2,042,"SR-134 E/B (VENTURA FREEWAY) TO PACIFIC AVENUE","PACIFIC AVENUE",550.00,W,N,A,-,Y,LA,,134," ",R,6.462,H,,R,N,2,0,1,2,A,-,08,22107,,F,B,2,A,A,H,-,A,D,0,,,,,Y,Y,-,99,1,0,0,0,0,0,0,0,0,"- ","- ",34.1556396484375,-118.2667236328125,"LOS ANGELES",GLENDALE,-118.26674652099609,34.155723571777344
92371581,2024,2024-04-22,9575,2024-04-14,1625,023134,,7,2,6,1925,0,1,1,,2,062,"I-210 E/B (FOOTHILL FREEWAY)","LOWELL AVE.",0.00,,N,B,C,Y,LA,,210," ",R,15.275,H,,R,Y,4,0,3,2,A,-,03,22350,,N,D,2,A,B,H,-,A,D,0,,,,,Y,,A,01,0,0,3,0,0,0,0,0,0,"- ","- ",34.232429504394531,-118.27224731445312,"LOS ANGELES",GLENDALE,-118.27223205566406,34.232475280761719
92373448,2024,2024-04-23,9575,2024-04-13,2135,022953,,6,2,6,1925,0,1,3,,2,090,"SR-2 W/B (GLENDALE FREEWAY) TO SR-134 W/B (VENTURA","GLENOAKS BOULEVARD",670.00,E,N,C,-,Y,LA,,2," ",R,19.338,H,,L,Y,4,0,1,1,A,-,03,22350,,N,E,I,A,B,H,-,C,D,0,,,,,Y,,A,01,0,0,1,0,0,0,0,0,0,"- ","- ",34.154129028320312,-118.224609375,"LOS ANGELES",GLENDALE,-118.22433471679688,34.154109954833984
92373998,2024,2024-04-24,9575,2024-04-15,1125,021795,,1,1,6,1925,0,1,3,,2,042,"SR-134 W/B (VENTURA FREEWAY)","CONCORD ST.",545.00,E,N,A,-,Y,LA,,134," ",R,6.304,H,,L,N,4,0,1,2,D,-,00,,,N,C,C,A,A,H,-,A,D,0,,,,,Y,,-,"- ",0,0,1,0,0,0,0,0,0,"- ","- ",34.155418395996094,-118.26930236816406,"LOS ANGELES",GLENDALE,-118.26927185058594,34.155345916748047
92375400,2024,2024-04-25,9575,2024-04-13,2110,023071,,6,2,6,1925,0,1,3,,2,042,"SR-134 W/B (VENTURA FREEWAY) TO N. PACIFIC AVE","N. PACIFIC AVE",115.00,E,N,A,-,Y,,,,,,,,,,Y,4,0,3,3,A,-,03,22350,,N,C,C,A,B,H,-,C,A,0,,,,,Y,,A,01,0,0,3,0,0,0,0,0,0,"- ","- ",34.156631469726562,-118.26384735107422,"LOS ANGELES",GLENDALE,,
92376759,2024,2024-06-04,9575,2024-04-18,1240,023227,,4,1,6,1925,0,1,3,,2,042,"SR-134 W/B (VENTURA FREEWAY) TO BRAND BLVD","BRAND BLVD",150.00,E,N,A,-,Y,,,,,,,,,,Y,4,0,4,5,A,-,03,22350,,N,C,C,A,A,H,-,A,A,0,,,,Y,Y,,F,26,0,0,4,0,0,0,0,0,0,"- ","- ",34.15673828125,-118.25441741943359,"LOS ANGELES",GLENDALE,-118.25449371337891,34.156459808349609
92376807,2024,2024-04-29,9575,2024-04-19,1750,021925,,5,2,6,1925,0,1,3,,2,042,"SR-134 E/B (VENTURA FREEWAY)","SAN FERNANDO ROAD",607.00,E,N,A,-,Y,LA,,134," ",R,6.076,H,,R,N,4,0,1,2,A,-,03,22350,,N,C,C,A,A,H,-,A,D,0,,,,,Y,,A,01,0,0,1,0,0,0,0,0,0,"- ","- ",34.154331207275391,-118.27310943603516,"LOS ANGELES",GLENDALE,-118.27309417724609,34.154273986816406
92377830,2024,2024-04-29,9575,2024-04-20,1330,022502,,6,1,6,1925,0,1,1,,2,051,"I-5 S/B (GOLDEN STATE FREEWAY)","ALLEN AVENUE",50.00,N,N,A,-,Y,LA,,5," "," ",28.164,H,,L,N,4,0,1,3,A,-,03,22350,,N,C,C,A,A,H,-,A,D,0,,,,,Y,,A,01,0,0,1,0,0,0,0,0,0,"- ","- ",34.16748046875,-118.30077362060547,"LOS ANGELES",GLENDALE,-118.30072021484375,34.167530059814453
92382996,2024,2024-05-06,9575,2024-04-26,1610,021925,,5,2,6,1925,0,1,3,,2,042,"SR-134 W/B (VENTURA FREEWAY)","CONCORD STREET",192.00,W,N,A,-,Y,LA,,134," ",R,6.147,H,,L,N,4,0,1,4,A,-,03,22350,,N,C,C,A,A,H,-,A,D,0,,,,,Y,,A,07,0,0,1,0,0,0,0,0,0,"- ","- ",34.154800415039062,-118.27198791503906,"LOS ANGELES",GLENDALE,-118.27196502685547,34.15472412109375
92383467,2024,2024-05-07,9575,2024-04-26,2220,022876,,5,3,6,1925,0,1,3,,2,090,"SR-2 W/B TO SR-134","GLENOAKS BOULEVARD",355.00,W,N,A,-,Y,LA,,2," ",R,19.278,H,,L,Y,4,0,1,2,A,-,07,21658,A,N,B,C,A,A,H,-,D,D,0,,,,,Y,,A,01,0,0,1,0,0,0,0,0,0,"- ","- ",34.153331756591797,-118.22480010986328,"LOS ANGELES",GLENDALE,-118.2244873046875,34.153266906738281
92383761,2024,2024-05-07,9575,2024-04-27,1700,022469,,6,2,6,1925,0,1,1,,2,050,"I-5 S/B (GOLDEN STATE FREEWAY)","WESTERN AVE",400.00,S,N,A,-,Y,LA,,5," "," ",27.560,H,,L,Y,3,0,1,3,A,-,03,22350,,N,C,C,A,A,H,-,A,D,0,,,,,Y,,A,01,0,1,0,0,0,0,0,0,0,"- ","- ",34.161350250244141,-118.29353332519531,"LOS ANGELES",GLENDALE,-118.29345703125,34.161380767822266
92384619,2024,2024-05-08,9575,2024-04-29,1750,021879,,1,2,6,1925,0,1,3,,2,090,"SR-2 W/B (GLENDALE FREEWAY)","MOUNTAIN ST.",150.00,W,N,A,-,Y,LA,,2," ",R,20.016,H,,L,N,4,0,4,2,A,-,03,22350,,N,C,C,A,A,H,-,A,D,0,,,,,Y,,A,08,0,0,4,0,0,0,0,0,0,"- ","- ",34.163791656494141,-118.22522735595703,"LOS ANGELES",GLENDALE,-118.22520446777344,34.163787841796875
92384882,2024,2024-05-08,9575,2024-05-01,"735 ",020251,,3,1,6,1925,0,1,1,,2,062,"I-210 E/B (FOOTHILL FREEWAY)","PENNSYLVANIA AVE",75.00,W,N,A,-,Y,LA,,210," ",R,16.745,H,,R,N,3,0,1,2,A,-,03,22350,,N,C,C,A,A,H,-,A,D,0,,,,,Y,,A,01,0,1,0,0,0,0,0,0,0,"- ","- ",34.223411560058594,-118.24933624267578,"LOS ANGELES",GLENDALE,-118.24936676025391,34.223381042480469
92384921,2024,2024-05-08,9575,2024-04-26,1240,019538,,5,1,6,1925,0,1,1,,2,050,"I-5 S/B (GOLDEN STATE FREEWAY)","SONORA AVE U/C",500.00,S,N,B,-,Y,LA,,5," "," ",27.440,H,,L,N,3,0,2,3,A,-,03,22350,,N,C,C,A,A,H,-,A,D,0,,,,,Y,,A,08,0,1,1,0,0,0,0,0,0,"- ","- ",34.159809112548828,-118.29261779785156,"LOS ANGELES",GLENDALE,-118.29255676269531,34.159835815429688
92385071,2024,2024-05-08,9575,2024-04-01,1706,021879,,1,2,6,1925,0,1,3,,2,042,"SR-134 W/B (VENTURA FREEWAY) FROM CENTRAL AVE.","PACIFIC AVE.",500.00,E,N,A,-,Y,LA,,134," ",R,6.694,H,,L,N,4,0,2,2,A,-,03,22350,,M,C,C,A,A,H,-,A,D,0,,,,,Y,Y,A,01,0,0,2,0,0,0,0,0,0,"- ","- ",34.156558990478516,-118.26261901855469,"LOS ANGELES",GLENDALE,-118.26261901855469,34.156417846679688
92385618,2024,2024-05-09,9575,2024-04-25,1520,023126,,4,2,6,1925,0,1,1,,2,050,"I-5 S/B (GOLDEN STATE FREEWAY)","WESTERN AVE.",1162.00,S,N,A,-,Y,LA,,5," "," ",27.612,H,,L,N,4,0,1,3,A,-,03,22350,,N,C,C,A,A,H,-,A,D,0,,,,,Y,,A,01,0,0,1,0,0,0,0,0,0,"- ","- ",34.161998748779297,-118.29395294189453,"LOS ANGELES",GLENDALE,-118.29388427734375,34.162033081054688
92385898,2024,2024-05-09,9575,2024-05-03,1415,022783,,5,2,6,1925,0,1,1,,2,050,"I-5 S/B (GOLDEN STATE FREEWAY)","SONORA AVE",120.00,S,N,A,-,Y,LA,,5," "," ",27.471,H,,L,N,4,0,1,2,A,-,03,22350,,N,C,C,A,A,H,-,A,D,0,,,,,Y,,A,01,0,0,1,0,0,0,0,0,0,"- ","- ",34.160209655761719,-118.2928466796875,"LOS ANGELES",GLENDALE,-118.29278564453125,34.160236358642578
92386655,2024,2024-05-10,9575,2024-05-08,"953 ",022526,,3,1,6,1925,0,1,1,,2,050,"I-5 S/B (GOLDEN STATE FREEWAY) TO WESTERN AVENUE","WESTERN AVENUE",35.00,N,N,A,-,Y,,,,,,,,,,N,4,0,1,2,A,-,03,22350,,N,C,C,A,A,H,-,A,A,0,,,,,Y,,A,01,0,0,1,0,0,0,0,0,0,"- ","- ",34.164058685302734,-118.29750061035156,"LOS ANGELES",GLENDALE,-118.29676055908203,34.164669036865234
92387648,2024,2024-05-13,9575,2024-05-04,1623,022110,,6,2,6,1925,0,1,3,,2,042,"SR-134 W/B FROM CENTRAL AVENUE","CENTRAL AVENUE",733.00,W,N,A,-,Y,LA,,134," ",R,6.817,H,,L,N,4,0,1,2,A,-,07,21658,A,N,C,C,A,A,H,-,A,D,0,,,,,Y,,A,01,0,0,1,0,0,0,0,0,0,"- ","- ",34.156620025634766,-118.26052093505859,"LOS ANGELES",GLENDALE,-118.26052093505859,34.156448364257812
92387650,2024,2024-06-24,9575,2024-05-07,1957,021925,,2,2,6,1925,0,1,3,,2,090,"SR-2 W/B TO SR-134 W/B","HARVEY DRIVE",1059.00,E,N,A,-,Y,LA,,134," ",R,8.621,H,,L,N,4,0,1,1,A,-,08,22107,,N,E,I,A,A,H,-,A,D,0,,,,,Y,,D,22,0,0,1,0,0,0,0,0,0,"- ","- ",34.149490356445312,-118.23169708251953,"LOS ANGELES",GLENDALE,-118.23184967041016,34.149303436279297
92390282,2024,2024-05-15,9575,2024-05-09,1438,021925,,4,2,6,1925,0,1,3,,2,042,"SR-134 E/B (VENTURA FREEWAY)","CENTRAL AVENUE",815.00,W,N,A,-,Y,LA,,134," ",R,6.798,H,,R,N,4,0,1,2,A,-,03,22350,,N,C,C,A,A,H,-,A,D,0,,,,,Y,,A,01,0,0,1,0,0,0,0,0,0,"- ","- ",34.156299591064453,-118.26083374023438,"LOS ANGELES",GLENDALE,-118.26082611083984,34.156265258789062
92391328,2024,2024-05-16,9575,2024-05-05,"0   ",023243,,7,3,6,1925,0,1,3,,2,042,"SR-134 W/B (VENTURA FREEWAY)","SAN FERNANDO ROAD",133.00,E,N,A,-,Y,LA,,134," ",R,5.964,H,,L,Y,4,0,1,1,A,-,08,22107,,N,A,I,A,B,H,-,C,A,0,,,,,Y,,A,01,0,0,1,0,0,0,0,0,0,"- ","- ",34.154129028320312,-118.27498626708984,"LOS ANGELES",GLENDALE,-118.27495574951172,34.154041290283203
92391362,2024,2024-05-16,9575,2024-05-08,"950 ",021795,,3,1,6,1925,0,1,3,,2,042,"SR-134 W/B (VENTURA FREEWAY)","CONCORD ST.",450.00,E,N,A,-,Y,LA,,134," ",R,6.287,H,,L,N,4,0,1,2,A,-,03,22350,,N,C,C,A,A,H,-,A,D,0,,,,,Y,,A,01,0,0,1,0,0,0,0,0,0,"- ","- ",34.155391693115234,-118.26957702636719,"LOS ANGELES",GLENDALE,-118.26954650878906,34.155277252197266
92394747,2024,2024-05-21,9575,2024-05-13,"615 ",023009,,1,1,6,1925,0,1,1,,2,062,"I-210 E/B (FOOTHILL FREEWAY)","NEW YORK AVE",832.00,W,N,B,-,Y,LA,,210," ",R,16.321,H,,R,N,3,0,1,2,A,-,03,22350,,N,C,C,A,A,H,-,A,D,0,,,,,Y,,A,01,0,1,0,0,0,0,0,0,0,"- ","- ",34.226970672607422,-118.25540161132812,"LOS ANGELES",GLENDALE,-118.25533294677734,34.227043151855469
92395942,2024,2024-05-22,9575,2024-05-18,1810,022469,,6,2,6,1925,0,1,3,,2,042,"SR-134 E/B TO SR-2","SINCLAIR AVE",670.00,W,N,A,-,Y,LA,,134," ",R,8.473,H,,R,Y,3,0,3,3,A,-,03,22350,,N,C,C,A,A,H,-,A,D,0,,,,,Y,,A,07,0,1,2,0,0,0,0,0,0,"- ","- ",34.150310516357422,-118.23417663574219,"LOS ANGELES",GLENDALE,-118.23407745361328,34.150417327880859
92396758,2024,2024-05-23,9575,2024-05-13,1451,021538,,1,2,6,1925,0,1,3,,2,042,"SR-134 W/B FROM CENTRAL AVE.","COLUMBUS AVE POC",355.00,E,N,A,-,Y,LA,,134," ",R,6.812,H,,L,N,4,0,2,2,A,-,03,22350,,N,C,C,A,A,H,-,A,D,0,,,,,Y,,A,01,0,0,2,0,0,0,0,0,0,"- ","- ",34.156620025634766,-118.26059722900391,"LOS ANGELES",GLENDALE,-118.26059722900391,34.156448364257812
92396954,2024,2024-05-23,9575,2024-05-21,1745,021538,,2,2,6,1925,0,1,3,,2,042,"SR-134 E/B (VENTURA FREEWAY)","HARVEY DR.",1305.00,W,N,A,-,Y,LA,,134," ",R,8.569,H,,R,Y,4,0,2,2,A,-,03,22350,,N,C,C,A,A,H,-,A,D,0,,,,,Y,,A,01,0,0,2,0,0,0,0,0,0,"- ","- ",34.149471282958984,-118.23267364501953,"LOS ANGELES",GLENDALE,-118.23264312744141,34.149501800537109
92397956,2024,2024-05-24,9575,2024-05-14,"815 ",021795,,2,1,6,1925,0,1,3,,2,042,"SR-134 W/B (VENTURA FREEWAY)","JACKSON ST.",100.00,E,N,B,-,Y,LA,,134," ",R,7.427,H,,L,Y,4,0,1,2,A,-,03,22350,,N,C,C,A,A,H,-,A,D,0,,,,,Y,,A,01,0,0,1,0,0,0,0,0,0,"- ","- ",34.156440734863281,-118.24983978271484,"LOS ANGELES",GLENDALE,-118.24983978271484,34.156459808349609
92398292,2024,2024-05-24,9575,2024-05-22,"540 ",017722,,3,3,6,1925,0,1,3,,2,090,"SR-2 E/B (GLENDALE FREEWAY)","FERN LANE",1000.00,E,N,B,E,Y,LA,,2," ",R,21.850,H,,R,N,3,0,1,1,A,-,03,22350,,N,F,J,A,A,H,-,B,D,0,,,Y,,Y,,C,02,0,1,0,0,0,0,0,0,1,"- ","- ",34.189338684082031,-118.21820831298828,"LOS ANGELES",GLENDALE,-118.21832275390625,34.189300537109375
92398773,2024,2024-05-27,9575,2024-05-18,"215 ",022876,,6,3,6,1925,0,1,3,,2,042,"SR-134 W/B (VENTURA FREEWAY) TO SAN FERNANDO RD","SAN FERNANDO RD",770.00,E,N,A,-,Y,,,,,,,,,,Y,4,0,1,1,A,-,03,22350,,N,E,I,A,A,H,-,C,D,0,,,,,Y,,A,01,0,0,1,0,0,0,0,0,0,"- ","- ",34.154819488525391,-118.27310180664062,"LOS ANGELES",GLENDALE,-118.27302551269531,34.154472351074219
92398942,2024,2024-05-27,9575,2024-05-20,"750 ",021795,,1,1,6,1925,0,1,3,,2,042,"SR-134 W/B (VENTURA FREEWAY) TO I-5 (GOLDEN STATE","SAN FERNANDO RD.",100.00,E,N,B,-,Y,LA,,134," ",R,5.979,H,,L,N,4,0,1,3,A,-,03,22350,,N,C,C,A,A,H,-,A,D,0,,,,,Y,,A,01,0,0,1,0,0,0,0,0,0,"- ","- ",34.154209136962891,-118.27475738525391,"LOS ANGELES",GLENDALE,-118.27471923828125,34.154098510742188
92402182,2024,2024-05-30,9575,2024-05-21,"847 ",015204,,2,1,6,1925,0,1,3,,2,042,"SR-134 W/B (VENTURA FREEWAY)","CONCORD ST",581.00,W,N,A,-,Y,LA,,134," ",R,6.077,H,,L,N,3,0,1,1,A,-,03,22350,,N,E,I,A,A,H,-,A,D,0,,,,,Y,,A,01,0,1,0,0,0,0,0,0,0,"- ","- ",34.1544189453125,-118.27310180664062,"LOS ANGELES",GLENDALE,-118.27311706542969,34.154472351074219
92403307,2024,2024-11-11,9575,2024-05-26,2137,022477,,7,2,6,1925,0,1,3,,2,042,"W/B STATE ROUTE 134 TO GLENDALE AVENUE (VENTURA FW","GLENDALE AVENUE",600.00,W,N,A,-,Y,,,,,,,,,,N,4,0,2,2,C,-,18,,,N,C,C,A,A,H,-,C,D,0,,,,,Y,Y,-,"- ",0,0,2,0,0,0,0,0,0,"- ","- ",34.15673828125,-118.24404144287109,"LOS ANGELES",GLENDALE,-118.24411773681641,34.156204223632812
92406709,2024,2024-06-05,9575,2024-05-24,1700,022513,,5,2,6,1925,0,1,3,,2,090,"SR-2 E/B (GLENDALE FREEWAY)","VERDUGO BLVD.",1109.00,W,N,A,-,Y,LA,,2," ",R,22.773,H,,R,N,4,0,1,2,A,-,07,21658,A,M,B,C,A,A,H,-,A,D,0,,,,,Y,,-,99,0,0,1,0,0,0,0,0,0,"- ","- ",34.202259063720703,-118.21855926513672,"LOS ANGELES",GLENDALE,-118.21881103515625,34.202297210693359
92409746,2024,2024-06-10,9575,2024-05-29,1740,021925,,3,2,6,1925,0,1,1,,2,050,"I-5 S/B (GOLDEN STATE FREEWAY)","SONORA AVENUE",138.00,S,N,A,-,Y,LA,,5," "," ",27.509,H,,L,Y,4,0,1,2,A,-,03,22350,,N,C,C,A,A,H,-,A,D,0,,,,,Y,,A,01,0,0,1,0,0,0,0,0,0,"- ","- ",34.160678863525391,-118.29318237304688,"LOS ANGELES",GLENDALE,-118.29307556152344,34.160724639892578
92409768,2024,2024-06-10,9575,2024-05-30,2104,021538,,4,2,6,1925,0,1,3,,2,042,"SR-134 E/B FROM BRAND BLVD.","BRAND BLVD.",15.00,E,N,A,-,Y,,,,,,,,,,N,3,0,1,2,A,-,11,21954,A,N,G,B,D,A,H,-,C,A,0,Y,,,,Y,,N,60,0,1,0,0,1,0,0,0,0,"- ","- ",34.155971527099609,-118.25483703613281,"LOS ANGELES",GLENDALE,-118.25492858886719,34.156299591064453
92413668,2024,2024-06-13,9575,2024-06-03,1740,021925,,1,2,6,1925,0,1,3,,2,090,"SR-2 W/B TO SR-134 E/B","HOLLY DRIVE",370.00,E,N,A,-,Y,,,,,,,,,,N,4,0,1,1,A,-,08,22107,,N,E,I,A,A,H,-,A,D,0,,,,,Y,,A,01,0,0,1,0,0,0,0,0,0,"- ","- ",34.151298522949219,-118.22553253173828,"LOS ANGELES",GLENDALE,-118.22515869140625,34.150966644287109
92414036,2024,2024-06-13,9575,2024-06-04,1730,021925,,2,2,6,1925,0,1,3,,2,042,"SR-134 W/B (VENTURA FREEWAY)","LOUISE STREET",121.00,W,N,A,-,Y,LA,,134," ",R,7.234,H,,L,N,4,0,4,2,A,-,03,22350,,F,C,C,A,A,H,-,A,D,0,,,,,Y,,A,01,0,0,4,0,0,0,0,0,0,"- ","- ",34.156520843505859,-118.25319671630859,"LOS ANGELES",GLENDALE,-118.25319671630859,34.156459808349609
92415650,2024,2024-06-17,9575,2024-06-08,1450,022651,,6,2,6,1925,0,1,1,,2,050,"I-5 S/B (GOLDEN STATE FREEWAY)","SONORA AVE.",175.00,N,N,A,-,Y,LA,,5," "," ",27.583,H,,L,Y,4,0,2,2,A,-,03,22350,,N,C,C,A,A,H,-,A,D,0,,,,,Y,,A,01,0,0,2,0,0,0,0,0,0,"- ","- ",34.161640167236328,-118.293701171875,"LOS ANGELES",GLENDALE,-118.29364013671875,34.161666870117188
92417165,2024,2024-06-18,9575,2024-06-10,1557,022110,,1,2,6,1925,0,1,1,,2,050,"I-5 S/B (GOLDEN STATE FREEWAY)","SONORA AVENUE",775.00,S,N,A,-,Y,LA,,5," "," ",27.387,H,,L,N,4,0,2,2,A,-,03,22350,,N,C,C,A,A,H,-,A,D,0,,,,,Y,,D,22,0,0,2,0,0,0,0,0,0,"- ","- ",34.15911865234375,-118.29225158691406,"LOS ANGELES",GLENDALE,-118.29216003417969,34.159156799316406
92419077,2024,2024-06-20,9575,2024-06-09,1505,022629,,7,2,6,1925,0,1,3,,2,042,"SR-134 W/B (VENTURA FREEWAY)","CENTRAL AVENUE",528.00,W,N,A,-,Y,LA,,134," ",R,6.814,H,,L,Y,4,0,1,2,A,-,03,22350,,N,C,C,A,A,H,-,A,D,0,,,,,Y,,A,01,0,0,1,0,0,0,0,0,0,"- ","- ",34.156509399414062,-118.26056671142578,"LOS ANGELES",GLENDALE,-118.26056671142578,34.156448364257812
92420323,2024,2024-06-21,9575,2024-06-14,1814,021538,,5,2,6,1925,0,1,3,,2,042,"SR-134 E/B (VENTURA FREEWAY)","BRAND BLVD.",380.00,W,N,A,-,Y,LA,,134," ",R,7.053,H,,R,N,4,0,3,2,A,-,03,22350,,N,C,C,A,A,H,-,A,D,0,,,,,Y,,A,01,0,0,3,0,0,0,0,0,0,"- ","- ",34.156219482421875,-118.25636291503906,"LOS ANGELES",GLENDALE,-118.25636291503906,34.156269073486328
92423132,2024,2024-06-25,9575,2024-06-15,1640,023071,,6,2,6,1925,0,1,3,,2,042,"SR-134 E/B (VENTURA FREEWAY)","CHEVY CHASE DR.",85.00,E,N,A,-,Y,LA,,134," ",R,8.404,H,,R,N,4,0,3,2,A,-,03,22350,,N,C,C,A,A,H,-,A,D,0,,,,,Y,,A,01,0,0,3,0,0,0,0,0,0,"- ","- ",34.151050567626953,-118.235107421875,"LOS ANGELES",GLENDALE,-118.23505401611328,34.151100158691406
92424452,2024,2024-06-26,9575,2024-06-19,1610,021538,,3,2,6,1925,0,1,3,,2,042,"SR-134 E/B (VENTURA FREEWAY)","COLUMBUS AVE. POC",425.00,W,N,A,-,Y,LA,,134," ",R,6.660,H,,R,N,4,0,1,3,A,-,03,22350,,N,B,C,A,A,H,-,A,D,0,,,,,Y,,A,08,0,0,1,0,0,0,0,0,0,"- ","- ",34.156269073486328,-118.26319122314453,"LOS ANGELES",GLENDALE,-118.26318359375,34.156215667724609
92426843,2024,2024-07-01,9575,2024-06-17,"25  ",023284,,1,3,6,1925,0,1,1,,2,050,"I-5 N/B (GOLDEN STATE FREEWAY) FROM WESTERN AVENUE","WESTERN AVE",140.00,N,N,A,-,Y,LA,,5," "," ",27.884,H,,R,N,4,0,2,2,A,-,03,22350,,M,C,C,A,A,H,-,C,D,0,,,,,Y,,-,99,0,0,2,0,0,0,0,0,0,"- ","- ",34.1651611328125,-118.29683685302734,"LOS ANGELES",GLENDALE,-118.29695892333984,34.165054321289062
92426869,2024,2024-07-01,9575,2024-06-25,"923 ",022526,,2,1,6,1925,0,1,3,,2,042,"SR-134 W/B (VENTURA FREEWAY)","GENEVA STREET",451.00,W,N,A,-,Y,LA,,134," ",R,7.507,H,,L,N,4,0,4,2,A,-,03,22350,,N,C,C,A,A,H,-,A,D,0,,,,,Y,,A,01,0,0,4,0,0,0,0,0,0,"- ","- ",34.156471252441406,-118.24844360351562,"LOS ANGELES",GLENDALE,-118.24844360351562,34.156467437744141
92428662,2024,2024-07-02,9575,2024-06-24,2211,023204,,1,3,6,1925,0,1,1,,2,062,"I-210 W/B (FOOTHILL FREEWAY)","DUNSMORE AVENUE",225.00,E,N,A,-,Y,LA,,210," ",R,16.215,H,,L,Y,2,0,1,2,A,-,07,21658,A,N,C,C,A,A,H,-,D,D,0,,,,,Y,,A,07,1,0,0,0,0,0,0,0,0,"- ","- ",34.228221893310547,-118.25679016113281,"LOS ANGELES",GLENDALE,-118.25678253173828,34.228233337402344
92428997,2024,2024-07-02,9575,2024-06-26,1710,021925,,3,2,6,1925,0,1,1,,2,062,"I-210 W/B (FOOTHILL FREEWAY)","ROSEMONT AVENUE",616.00,E,N,A,-,Y,LA,,210," ",R,17.827,H,,L,N,4,0,1,2,A,-,07,21658,A,N,C,C,A,A,H,-,A,D,0,,,,,Y,,A,01,0,0,1,0,0,0,0,0,0,"- ","- ",34.215110778808594,-118.23348236083984,"LOS ANGELES",GLENDALE,-118.23353576660156,34.215049743652344
92430827,2024,2024-07-04,9575,2024-06-26,1507,022110,,3,2,6,1925,0,1,1,,2,050,"I-5 S/B (GOLDEN STATE FREEWAY)","WESTERN AVENUE",177.00,N,N,A,-,Y,LA,,5," "," ",27.889,H,,L,Y,4,0,3,2,A,-,03,22350,,N,C,C,A,A,H,-,A,D,0,,,,,Y,,A,01,0,0,3,0,0,0,0,0,0,"- ","- ",34.164958953857422,-118.29714202880859,"LOS ANGELES",GLENDALE,-118.29716491699219,34.164936065673828
92432288,2024,2024-07-08,9575,2024-07-01,1511,022110,,1,2,6,1925,0,1,1,,2,050,"I-5 S/B (GOLDEN STATE FREEWAY)","SONORA AVENUE",642.00,S,N,A,-,Y,LA,,5," "," ",27.413,H,,L,Y,4,0,1,2,A,-,03,22350,,N,C,C,A,A,H,-,A,D,0,,,,,Y,,E,22,0,0,1,0,0,0,0,0,0,"- ","- ",34.159450531005859,-118.29244995117188,"LOS ANGELES",GLENDALE,-118.2923583984375,34.159488677978516
92432804,2024,2024-07-08,9575,2024-06-28,1228,022526,,5,1,6,1925,0,1,1,,2,050,"I-5 S/B (GOLDEN STATE FREEWAY)","SONORA AVENUE",206.00,S,N,A,-,Y,LA,,5," "," ",27.498,H,,L,N,4,0,1,3,A,-,03,22350,,M,C,C,A,A,H,-,A,D,0,,,,,Y,,D,22,0,0,1,0,0,0,0,0,0,"- ","- ",34.160549163818359,-118.29303741455078,"LOS ANGELES",GLENDALE,-118.29298400878906,34.160572052001953
92435824,2024,2024-07-11,9575,2024-07-03,2100,022513,,3,2,6,1925,0,1,3,,2,042,"SR-134 W/B (VENTURA FREEWAY) TO BRAND BOULEVARD","BRAND BLVD.",220.00,E,N,A,-,Y,,,,,,,,,,Y,4,0,1,3,A,-,03,22350,,N,C,C,A,A,H,-,C,A,0,,,,,Y,,A,01,0,0,1,0,0,0,0,0,0,"- ","- ",34.156719207763672,-118.25404357910156,"LOS ANGELES",GLENDALE,-118.25426483154297,34.156459808349609
92437805,2024,2024-07-12,9575,2024-07-09,2224,023410,,2,3,6,1925,0,1,3,,2,042,"SR-134 W/B (VENTURA FREEWAY)","CONCORD STREET",434.00,E,N,A,-,Y,LA,,134," ",R,6.277,H,,L,N,4,0,1,2,A,-,03,22350,,M,C,C,A,A,H,-,D,D,0,,,,,Y,,-,99,0,0,1,0,0,0,0,0,0,"- ","- ",34.155349731445312,-118.26973724365234,"LOS ANGELES",GLENDALE,-118.26970672607422,34.155242919921875
92440338,2024,2024-07-16,9575,2024-07-06,1145,021795,,6,1,6,1925,0,1,3,,2,090,"SR-2 E/B (GLENDALE FREEWAY)","MOUNTAIN ST.",1175.00,W,N,A,-,Y,LA,,2," ",R,19.822,H,,R,N,4,0,1,2,A,-,07,21658,A,N,B,2,A,A,H,-,A,D,0,,,,,Y,,A,01,0,0,1,0,0,0,0,0,0,"- ","- ",34.1610107421875,-118.22540283203125,"LOS ANGELES",GLENDALE,-118.22537994384766,34.1610107421875
92442398,2024,2024-07-18,9575,2024-07-14,"614 ",022526,,7,1,6,1925,0,1,1,,2,062,"I-210 E/B (FOOTHILL FREEWAY)","BRIGGS AVENUE",568.00,E,N,B,-,Y,LA,,210," ",R,18.114,H,,R,N,4,0,1,1,A,-,03,22350,,N,E,I,A,B,H,-,A,D,0,,,,,Y,,-,"- ",0,0,1,0,0,0,0,0,0,"- ","- ",34.212440490722656,-118.22956848144531,"LOS ANGELES",GLENDALE,-118.22957611083984,34.212429046630859
92572141,2024,2024-07-23,9575,2024-07-13,1325,022513,,6,1,6,1925,0,1,3,,2,042,"SR-134 E/B (VENTURA FREEWAY)","PACIFIC AVE.",500.00,W,N,A,-,Y,LA,,134," ",R,6.491,H,,R,N,4,0,1,2,D,-,00,,,N,B,C,A,A,H,-,A,D,0,,,,,Y,,-,"- ",0,0,1,0,0,0,0,0,0,"- ","- ",34.155868530273438,-118.26624298095703,"LOS ANGELES",GLENDALE,-118.26622772216797,34.155826568603516
92595492,2024,2024-07-23,9575,2024-07-06,1344,022110,,6,1,6,1925,0,1,3,,2,042,"SR-134 E/B (VENTURA FREEWAY)","PACIFIC AVENUE",518.00,E,N,A,-,Y,LA,,134," ",R,6.691,H,,R,Y,4,0,3,2,A,-,01,23152,A,M,C,C,A,A,H,-,A,D,0,,,,,Y,Y,D,22,0,0,3,0,0,0,0,0,0,"- ","- ",34.156200408935547,-118.26267242431641,"LOS ANGELES",GLENDALE,-118.26267242431641,34.156234741210938
92601938,2024,2024-07-25,9575,2024-07-17,"710 ",015204,,3,1,6,1925,0,1,3,,2,042,"SR-134 W/B (VENTURA FREEWAY)","LOUISE ST",250.00,E,N,A,-,Y,LA,,134," ",R,7.346,H,,L,N,4,0,1,4,A,-,03,22350,,N,C,C,A,A,H,-,A,D,0,,,,,Y,,D,22,0,0,1,0,0,0,0,0,0,"- ","- ",34.156398773193359,-118.25125885009766,"LOS ANGELES",GLENDALE,-118.25125885009766,34.156459808349609
93491075,2024,2024-08-05,9575,2024-07-26,1530,023071,,5,2,6,1925,0,1,1,,2,050,"I-5 S/B (GOLDEN STATE FREEWAY)","WESTERN AVENUE",2000.00,S,N,A,-,Y,LA,,5," "," ",27.463,H,,L,N,4,0,2,2,A,-,03,22350,,N,C,C,A,A,H,-,A,D,0,,,,,Y,,D,22,0,0,2,0,0,0,0,0,0,"- ","- ",34.160099029541016,-118.29279327392578,"LOS ANGELES",GLENDALE,-118.292724609375,34.160125732421875
93765318,2024,2024-08-06,9575,2024-07-23,1650,021925,,2,2,6,1925,0,1,3,,2,042,"SR-134 W/B (VENTURA FREEWAY)","SAN FERNANDO ROAD",395.00,E,N,A,-,Y,LA,,134," ",R,6.009,H,,L,N,4,0,3,2,D,-,00,,,N,C,C,A,A,H,-,A,D,0,,,,,Y,,-,"- ",0,0,3,0,0,0,0,0,0,"- ","- ",34.154251098632812,-118.27424621582031,"LOS ANGELES",GLENDALE,-118.27423858642578,34.154216766357422
93768224,2024,2024-08-07,9575,2024-07-29,1705,021925,,1,2,6,1925,0,1,3,,2,042,"SR-134 W/B (VENTURA FREEWAY)","CONCORD STREET",90.00,W,N,A,-,Y,LA,,134," ",R,6.171,H,,L,N,4,0,1,2,A,-,03,22350,,N,C,C,A,A,H,-,A,D,0,,,,,Y,,A,01,0,0,1,0,0,0,0,0,0,"- ","- ",34.154918670654297,-118.2716064453125,"LOS ANGELES",GLENDALE,-118.27157592773438,34.154811859130859
93927414,2024,2024-08-08,9575,2024-07-29,2000,021925,,1,2,6,1925,0,1,3,,2,042,"SR-134 W/B (VENTURA FREEWAY)","SAN FERNANOD ROAD",575.00,W,N,A,-,Y,LA,,134," ",R,6.049,H,,L,N,3,0,1,1,A,-,03,22350,,N,F,A,A,A,H,-,E,D,0,,,,,Y,,A,01,0,1,0,0,0,0,0,0,0,"- ","- ",34.154449462890625,-118.27361297607422,"LOS ANGELES",GLENDALE,-118.27358245849609,34.154373168945312
93939860,2024,2024-08-08,9575,2024-07-31,1430,021538,,3,2,6,1925,0,1,3,,2,042,"SR-134 W/B (VENTURA FREEWAY)","SAN FERNANDO RD.",455.00,E,N,A,-,Y,LA,,134," ",R,6.024,H,,L,Y,3,0,1,3,A,-,03,22350,,N,C,C,A,A,H,-,A,D,0,,,,,Y,,A,01,0,1,0,0,0,0,0,0,0,"- ","- ",34.154361724853516,-118.27400970458984,"LOS ANGELES",GLENDALE,-118.27397918701172,34.154277801513672
94354927,2024,2024-08-15,9575,2024-08-05,1810,022502,,1,2,6,1925,0,1,3,,2,090,"SR-2 E/B (GLENDALE FREEWAY) TO MOUNTAIN STREET","MOUNTAIN STREET",975.00,S,N,A,-,Y,LA,,2," ",R,19.820,H,,R,Y,3,0,1,1,A,-,08,22107,,N,F,I,A,A,H,-,A,D,0,,,,,Y,,A,01,0,1,0,0,0,0,0,0,0,"- ","- ",34.160991668701172,-118.22537231445312,"LOS ANGELES",GLENDALE,-118.22537994384766,34.160991668701172
94355375,2024,2024-08-16,9575,2024-08-06,2150,022084,,2,2,6,1925,0,1,3,,2,042,"SR-134 E/B (VENTURA FREEWAY)","HARVEY DR.",1375.00,W,N,A,-,Y,LA,,134," ",R,8.553,H,,R,Y,4,0,1,2,A,-,07,21658,A,N,E,I,A,A,H,-,C,D,0,,,,,Y,,A,01,0,0,1,0,0,0,0,0,0,"- ","- ",34.149738311767578,-118.23281860351562,"LOS ANGELES",GLENDALE,-118.23289489746094,34.149654388427734
94356093,2024,2024-08-15,9575,2024-08-08,1545,021925,,4,2,6,1925,0,1,3,,2,042,"SR-134 W/B (VENTURA FREEWAY)","PACIFIC AVENUE",1086.00,W,N,A,-,Y,LA,,134," ",R,6.387,H,,L,N,4,0,1,3,A,-,03,22350,,N,C,C,A,A,H,-,A,D,0,,,,,Y,,D,22,0,0,1,0,0,0,0,0,0,"- ","- ",34.155731201171875,-118.26795959472656,"LOS ANGELES",GLENDALE,-118.26793670654297,34.155654907226562
94358585,2024,2024-08-16,9575,2024-07-31,1440,021925,,3,2,6,1925,0,1,3,,2,042,"SR-134 E/B (VENTURA FREEWAY)","VERDUGO ROAD",80.00,W,N,A,-,Y,LA,,134," ",R,8.226,H,,R,N,4,0,1,2,A,-,07,21658,A,M,E,0,A,A,H,-,A,D,0,,,,,Y,,-,99,0,0,1,0,0,0,0,0,0,"- ","- ",34.152561187744141,-118.23725891113281,"LOS ANGELES",GLENDALE,-118.23715209960938,34.152660369873047
94359654,2024,2024-08-19,9535,2024-08-02,2050,023635,,5,2,6,1925,0,1,S,,2,904,"SR-2 S/B (GLENDALE FWY)","MOUNTAIN ST",2300.00,N,N,A,-,Y,LA,,2," ",R,20.492,H,,L,Y,4,0,1,1,A,-,01,23152,A,M,E,I,A,A,H,-,C,D,0,,,,,Y,Y,D,22,0,0,1,0,0,0,0,0,0,"- ","- ",34.170539855957031,-118.22321319580078,"LOS ANGELES",GLENDALE,-118.22310638427734,34.170516967773438
94362745,2024,2024-08-20,9575,2024-08-11,"312 ",023204,,7,3,6,1925,0,1,3,,2,042,"SR-134 W/B (VENTURA FREEWAY)","GLENDALE AVENUE",68.00,E,N,A,-,Y,LA,,134," ",R,7.890,H,,L,Y,3,0,1,1,C,-,18,,,N,F,A,A,A,H,-,C,D,0,,,,,Y,,-,"- ",0,1,0,0,0,0,0,0,0,"- ","- ",34.155788421630859,-118.2418212890625,"LOS ANGELES",GLENDALE,-118.2418212890625,34.155792236328125
94362803,2024,2024-08-20,9575,2024-08-14,1600,021925,,3,2,6,1925,0,1,3,,2,042,"SR-134 E/B (VENTURA FREEWAY)","GENEVA STREET",173.00,W,N,A,-,Y,LA,,134," ",R,7.560,H,,R,N,4,0,1,2,A,-,07,21658,A,N,B,C,A,A,H,-,A,D,0,,,,,Y,,A,01,0,0,1,0,0,0,0,0,0,"- ","- ",34.156261444091797,-118.24751281738281,"LOS ANGELES",GLENDALE,-118.24751281738281,34.156288146972656
94364521,2024,2024-08-21,9575,2024-08-19,1751,022502,,1,2,6,1925,0,1,3,,2,042,"SR-134 W/B (VENTURA FREEWAY)","BRAND BLVD",100.00,W,N,A,-,Y,LA,,134," ",R,7.097,H,,L,N,4,0,2,2,A,-,03,22350,,N,C,C,A,A,H,-,A,D,0,,,,,Y,,A,01,0,0,2,0,0,0,0,0,0,"- ","- ",34.156520843505859,-118.25559997558594,"LOS ANGELES",GLENDALE,-118.25559997558594,34.156421661376953
94365446,2024,2024-08-22,9575,2024-08-15,1015,019538,,4,1,6,1925,0,1,1,,2,050,"I-5 N/B (GOLDEN STATE FREEWAY)","SONORA AVE U/C",125.00,S,N,A,-,Y,LA,,5," "," ",27.519,H,,R,N,3,0,1,2,A,-,07,21658,A,N,B,2,A,A,H,-,A,D,0,,,,Y,Y,,A,01,0,1,0,0,0,0,0,0,0,"- ","- ",34.161029815673828,-118.29293823242188,"LOS ANGELES",GLENDALE,-118.29299163818359,34.1610107421875
94366564,2024,2024-08-22,9575,2024-04-02,"454 ",022477,,2,3,6,1925,0,1,3,,2,042,"STATE ROUTE 134 W/B (VENTURA FREEWAY)","GLENDALE AVENUE",511.00,E,N,A,-,Y,LA,,134," ",R,7.971,H,,L,Y,1,1,1,2,A,-,03,22350,,N,D,C,A,A,H,-,C,D,0,,,,Y,Y,Y,G,25,0,1,0,0,0,0,0,0,0,"- ","- ",34.155269622802734,-118.24056243896484,"LOS ANGELES",GLENDALE,-118.24056243896484,34.155261993408203
94367114,2024,2024-08-23,9575,2024-08-16,1650,021925,,5,2,6,1925,0,1,3,,2,042,"SR-134 E/B (VENTURA FREEWAY)","SAN FERNANDO ROAD",484.00,W,N,A,-,Y,LA,,134," ",R,5.821,H,,R,N,4,0,1,2,A,-,03,22350,,N,C,C,A,A,H,-,A,D,0,,,,,Y,,A,01,0,0,1,0,0,0,0,0,0,"- ","- ",34.1533203125,-118.27738952636719,"LOS ANGELES",GLENDALE,-118.27737426757812,34.153282165527344
94370179,2024,2024-08-26,9575,2024-08-14,1730,021925,,3,2,6,1925,0,1,3,,2,090,"SR-2 E/B (GLENDALE FREEWAY)","FERN LANE",182.00,E,N,A,-,Y,LA,,2," ",R,21.637,H,,R,Y,4,0,1,3,C,-,18,,,N,B,2,A,A,H,-,A,D,0,,,,Y,Y,,-,"- ",0,0,1,0,0,0,0,0,0,"- ","- ",34.18634033203125,-118.21765899658203,"LOS ANGELES",GLENDALE,-118.21738433837891,34.186344146728516
94377388,2024,2024-08-30,9575,2024-08-27,1605,021925,,2,2,6,1925,0,1,3,,2,042,"SR-134 W/B (VENTURA FREEWAY)","CONCORD STREET",426.00,E,N,A,-,Y,LA,,134," ",R,6.280,H,,L,N,4,0,1,2,A,-,03,22350,,N,C,C,A,A,H,-,A,D,0,,,,,Y,,A,01,0,0,1,0,0,0,0,0,0,"- ","- ",34.155330657958984,-118.26967620849609,"LOS ANGELES",GLENDALE,-118.2696533203125,34.155254364013672
94378167,2024,2024-09-02,9575,2024-08-24,2115,023071,,6,2,6,1925,0,1,3,,2,042,"SR-134 W/B (VENTURA FREEWAY)","PACIFIC AVE.",1400.00,W,N,A,-,Y,LA,,134," ",R,6.314,H,,L,Y,4,0,2,3,A,-,07,21658,A,N,B,2,A,A,H,-,C,D,0,,,,Y,Y,,G,25,0,0,2,0,0,0,0,0,0,"- ","- ",34.155460357666016,-118.26912689208984,"LOS ANGELES",GLENDALE,-118.26910400390625,34.155391693115234
94380028,2024,2024-09-03,9575,2024-08-18,"40  ",022953,,7,3,6,1925,0,1,3,,2,042,"SR-134 W/B (VENTURA FREEWAY) FROM FAIRMONT AVE.","SAN FERNANDO ROAD",450.00,E,N,A,-,Y,LA,,134," ",R,6.027,H,,L,N,3,0,2,1,A,-,01,23152,A,N,E,8,A,A,H,-,C,D,0,,,,,Y,Y,A,01,0,2,0,0,0,0,0,0,0,"- ","- ",34.154541015625,-118.27401733398438,"LOS ANGELES",GLENDALE,-118.27393341064453,34.154289245605469
94382146,2024,2024-09-05,9575,2024-08-26,"835 ",020251,,1,1,6,1925,0,1,3,,2,090,"SR-2 W/B (GLENDALE FREEWAY)","CHEVY CHASE DR.",300.00,E,N,A,-,Y,LA,,2," ",R,19.520,H,,L,N,4,0,2,3,A,-,07,21658,A,N,B,C,A,A,H,-,A,D,0,,,,,Y,,A,01,0,0,2,0,0,0,0,0,0,"- ","- ",34.156681060791016,-118.22464752197266,"LOS ANGELES",GLENDALE,-118.22463226318359,34.156684875488281
94382308,2024,2024-09-05,9575,2024-08-28,1840,021925,,3,2,6,1925,0,1,3,,2,042,"SR-134 E/B (VENTURA FREEWAY)","CENTRAL AVENUE",456.00,W,N,A,-,Y,LA,,134," ",R,6.867,H,,R,N,4,0,1,2,A,-,03,22350,,N,C,C,A,A,H,-,A,D,0,,,,,Y,,A,07,0,0,1,0,0,0,0,0,0,"- ","- ",34.15631103515625,-118.2596435546875,"LOS ANGELES",GLENDALE,-118.2596435546875,34.156272888183594
94385266,2024,2024-09-09,9575,2024-09-03,1450,021879,,2,2,6,1925,0,1,3,,2,090,"SR-2 E/B (GLENDALE FREEWAY)","VERDUGO BLVD.",6442.00,W,N,A,-,Y,LA,,2," ",R,21.740,H,,R,N,4,0,1,2,A,-,07,21658,A,M,B,C,A,A,H,-,A,D,0,,,,,Y,,-,99,0,0,1,0,0,0,0,0,0,"- ","- ",34.187801361083984,-118.21771240234375,"LOS ANGELES",GLENDALE,-118.21769714355469,34.187801361083984
94387349,2024,2024-09-09,9575,2024-08-28,1950,021925,,3,2,6,1925,0,1,3,,2,042,"SR-134 E/B (VENTURA FREEWAY) TO PACIFIC AVE.","PACIFIC AVENUE",273.00,W,N,A,-,Y,LA,,134," ",R,6.524,H,,R,Y,4,0,3,4,A,-,03,22350,,N,C,C,A,A,H,-,C,A,0,,,,,Y,,A,01,0,0,3,0,0,0,0,0,0,"- ","- ",34.155750274658203,-118.26557922363281,"LOS ANGELES",GLENDALE,-118.26563262939453,34.155941009521484
94391587,2024,2024-09-12,9575,2024-09-05,1500,021925,,4,2,6,1925,0,1,3,,2,042,"SR-134 E/B (VENTURA FREEWAY)","JACKSON STREET",277.00,E,N,A,-,Y,LA,,134," ",R,7.459,H,,R,Y,4,0,1,2,A,-,08,22107,,N,B,C,A,A,H,-,A,D,0,,,Y,,Y,,A,07,0,0,1,0,0,0,0,0,1,"- ","- ",34.156349182128906,-118.24929046630859,"LOS ANGELES",GLENDALE,-118.24929046630859,34.156280517578125
94392982,2024,2024-09-13,9575,2024-09-05,1825,021925,,4,2,6,1925,0,1,3,,2,042,"SR-134 E/B (VENTURA FREEWAY)","BRAND BOULEVARD",150.00,W,N,A,-,Y,LA,,134," ",R,7.085,H,,R,N,4,0,1,2,A,-,03,22350,,N,C,C,A,A,H,-,B,D,0,,,,,Y,,A,01,0,0,1,0,0,0,0,0,0,"- ","- ",34.15625,-118.25579833984375,"LOS ANGELES",GLENDALE,-118.25579833984375,34.156269073486328
94393722,2024,2024-09-13,9575,2024-08-31,1405,023071,,6,2,6,1925,0,1,3,,2,042,"SR-134 E/B (VENTURA FREEWAY)","THE EAST ROAD EDGE OF CHEVY CHASE DR.",50.00,W,N,A,-,Y,LA,,134," ",R,8.363,H,,R,Y,4,0,2,3,A,-,03,22350,,N,C,C,A,A,H,-,A,D,0,,,,,Y,,A,07,0,0,2,0,0,0,0,0,0,"- ","- ",34.151439666748047,-118.23564910888672,"LOS ANGELES",GLENDALE,-118.23558807373047,34.151493072509766
94398685,2024,2024-09-18,9575,2024-09-11,1030,022085,,3,1,6,1925,0,1,3,,2,042,"SR-134 W/B (VENTURA FREEWAY)","COLUMBUS ST POC",70.00,N,N,A,-,Y,LA,,134," ",R,6.729,H,,L,Y,4,0,1,2,A,-,03,22350,,N,C,C,A,A,H,-,A,D,0,,,,,Y,,A,01,0,0,1,0,0,0,0,0,0,"- ","- ",34.156509399414062,-118.26203918457031,"LOS ANGELES",GLENDALE,-118.26203918457031,34.156429290771484
94400386,2024,2024-09-19,9575,2024-09-10,1615,023029,,2,2,6,1925,0,1,3,,2,090,"SR-2 W/B (GLENDALE FREEWAY) TO HOLLY DRIVE","HOLLY DRIVE",23.00,E,N,A,-,Y,,,,,,,,,,N,4,0,1,2,A,-,03,22350,,N,C,C,A,A,H,-,A,D,0,,,,,Y,,D,22,0,0,1,0,0,0,0,0,0,"- ","- ",34.15032958984375,-118.22573852539062,"LOS ANGELES",GLENDALE,-118.22542572021484,34.150043487548828
94400400,2024,2024-09-19,9575,2024-09-05,1000,020251,,4,1,6,1925,0,1,3,,2,042,"SR-134 E/B (VENTURA FREEWAY)","BRAND BLVD.",250.00,W,N,A,-,Y,LA,,134," ",R,7.016,H,,R,Y,4,0,1,2,A,-,07,21658,A,N,B,2,A,A,H,-,A,D,0,,,,,Y,,A,07,0,0,1,0,0,0,0,0,0,"- ","- ",34.156238555908203,-118.25702667236328,"LOS ANGELES",GLENDALE,-118.25702667236328,34.156269073486328
94400424,2024,2024-09-19,9575,2024-09-11,1725,023126,,3,2,6,1925,0,1,3,,2,042,"SR-134 E/B (VENTURA FREEWAY)","SAN FERNANDO RD",1162.00,W,N,A,-,Y,LA,,134," ",R,5.709,H,,R,N,4,0,1,2,A,-,07,21658,A,N,B,C,A,A,H,-,A,D,0,,,,Y,Y,,F,25,0,0,1,0,0,0,0,0,0,"- ","- ",34.152908325195312,-118.27934265136719,"LOS ANGELES",GLENDALE,-118.27931976318359,34.152839660644531
94403290,2024,2024-09-23,9575,2024-09-12,1555,022502,,4,2,6,1925,0,1,3,,2,042,"SR-134 W/B (VENTURA FREEWAY)","CONCORD STREET",400.00,E,N,A,-,Y,LA,,134," ",R,6.277,H,,L,N,4,0,1,2,A,-,03,22350,,N,C,C,A,A,H,-,A,D,0,,,,,Y,,A,01,0,0,1,0,0,0,0,0,0,"- ","- ",34.155338287353516,-118.26973724365234,"LOS ANGELES",GLENDALE,-118.26970672607422,34.155239105224609
94403476,2024,2024-09-23,9575,2024-09-16,1640,021925,,1,2,6,1925,0,1,1,,2,050,"I-5 N/B (GOLDEN STATE FREEWAY)","SONORA AVENUE",628.00,S,N,A,-,Y,LA,,5," "," ",27.421,H,,R,Y,4,0,2,3,A,-,03,22350,,N,C,C,A,A,H,-,A,D,0,,,,,Y,,A,01,0,0,2,0,0,0,0,0,0,"- ","- ",34.15972900390625,-118.29213714599609,"LOS ANGELES",GLENDALE,-118.29222106933594,34.159694671630859
94403479,2024,2024-09-23,9575,2024-09-17,1545,021879,,2,2,6,1925,0,1,3,,2,042,"SR-134 W/B (VENTURA FREEWAY)","SAN FERNANDO RD.",2075.00,E,N,A,-,Y,LA,,134," ",R,6.343,H,,L,N,4,0,5,4,A,-,03,22350,,N,C,C,A,A,H,-,A,D,0,,,,,Y,,A,01,0,0,5,0,0,0,0,0,0,"- ","- ",34.155590057373047,-118.26866912841797,"LOS ANGELES",GLENDALE,-118.26863861083984,34.155509948730469
94403504,2024,2024-09-23,9575,2024-09-11,1040,020702,,3,1,6,1925,0,1,3,,2,042,"SR-134 W/B (VENTURA FREEWAY)","GLENDALE AVE.",1000.00,E,N,A,-,Y,LA,,134," ",R,8.064,H,,L,N,4,0,1,3,A,-,03,22350,,N,C,2,A,A,H,-,A,D,0,,,,,Y,,A,01,0,0,1,0,0,0,0,0,0,"- ","- ",34.154491424560547,-118.23924255371094,"LOS ANGELES",GLENDALE,-118.23925018310547,34.15447998046875
94407476,2024,2024-09-25,9575,2024-09-17,2045,021925,,2,2,6,1925,0,1,3,,2,042,"SR-134 E/B TO PACIFIC AVENUE","PACIFIC AVENUE",317.00,W,N,A,-,Y,LA,,134," ",R,6.513,H,,R,Y,3,0,1,3,A,-,03,22350,,N,C,C,A,A,H,-,A,A,0,,,,,Y,,A,01,0,1,0,0,0,0,0,0,0,"- ","- ",34.155731201171875,-118.26577758789062,"LOS ANGELES",GLENDALE,-118.26583099365234,34.155902862548828
94407944,2024,2024-09-25,9575,2024-09-18,1320,017722,,3,1,6,1925,0,1,3,,2,042,"SR-134 W/B (VENTURA FREEWAY)","SAN FERNANDO RD.",500.00,E,N,A,-,Y,LA,,134," ",R,6.332,H,,L,N,4,0,1,3,A,-,03,22350,,N,C,C,A,A,H,-,A,D,0,,,,,Y,,A,01,0,0,1,0,0,0,0,0,0,"- ","- ",34.155498504638672,-118.26883697509766,"LOS ANGELES",GLENDALE,-118.26882934570312,34.155464172363281
94408196,2024,2024-09-25,9575,2024-09-14,"435 ",022084,,6,3,6,1925,0,1,3,,2,042,"STATE ROUTE 134 E/B (VENTURA FREEWAY)","GENEVA STREET",50.00,W,N,A,-,Y,LA,,134," ",R,7.583,H,,R,Y,4,0,1,2,A,-,01,23152,A,N,C,2,A,A,H,-,C,D,0,,,,Y,Y,Y,A,01,0,0,1,0,0,0,0,0,0,"- ","- ",34.156261444091797,-118.24710845947266,"LOS ANGELES",GLENDALE,-118.24710845947266,34.156291961669922
94411758,2024,2024-09-30,9575,2024-09-18,1835,023413,,3,2,6,1925,0,1,3,,2,042,"SR-134 W/B (VENTURA FREEWAY)","CONCORD ST",623.00,E,N,A,-,Y,LA,,134," ",R,6.316,H,,L,N,3,0,1,2,A,-,03,22350,,N,C,C,A,A,H,-,A,D,0,,,,,Y,,A,07,0,1,0,0,0,0,0,0,0,"- ","- ",34.155448913574219,-118.26909637451172,"LOS ANGELES",GLENDALE,-118.26908111572266,34.1553955078125
94418663,2024,2024-10-03,9575,2024-09-26,1811,022110,,4,2,6,1925,0,1,3,,2,042,"SR-134 E/B (VENTURA FREEWAY)","PACIFIC AVENUE",1056.00,W,N,A,-,Y,LA,,134," ",R,6.387,H,,R,N,4,0,1,2,A,-,08,22107,,N,B,C,A,A,H,-,A,D,0,,,,,Y,,A,01,0,0,1,0,0,0,0,0,0,"- ","- ",34.155529022216797,-118.26796722412109,"LOS ANGELES",GLENDALE,-118.2679443359375,34.155460357666016
94419805,2024,2024-10-04,9575,2024-09-29,1515,022110,,7,2,6,1925,0,1,3,,2,042,"SR-134 E/B FROM PACIFIC AVENUE","PACIFIC AVENUE",145.00,E,N,A,-,Y,,,,,,,,,,Y,4,0,1,1,A,-,08,22107,,N,E,I,A,A,H,-,A,D,0,,,,,Y,,A,07,0,0,1,0,0,0,0,0,0,"- ","- ",34.155830383300781,-118.26397705078125,"LOS ANGELES",GLENDALE,-118.26400756835938,34.156169891357422
94420202,2024,2024-10-04,9575,2024-10-01,1715,021925,,2,2,6,1925,0,1,3,,2,042,"SR-134 E/B (VENTURA FREEWAY)","GLENDALE AVENUE",302.00,E,N,A,-,Y,LA,,134," ",R,7.939,H,,R,Y,4,0,1,2,A,-,03,22350,,N,C,C,A,A,H,-,A,D,0,,,,,Y,,A,01,0,0,1,0,0,0,0,0,0,"- ","- ",34.155300140380859,-118.24121856689453,"LOS ANGELES",GLENDALE,-118.24119567871094,34.155342102050781
94428699,2024,2024-10-14,9575,2024-10-02,"340 ",022477,,3,3,6,1925,0,1,3,,2,090,"STATE ROUTE 2 N/B (GLENDALE FREEWAY)","CHEVY CHASE DRIVE",1200.00,N,N,A,-,Y,LA,,2," ",R,19.669,H,,R,Y,3,0,1,2,A,-,03,22350,,N,A,C,A,A,H,-,D,D,0,,,,,Y,,A,01,0,1,0,0,0,0,0,0,0,"- ","- ",34.158828735351562,-118.22505950927734,"LOS ANGELES",GLENDALE,-118.22499847412109,34.158843994140625
94428713,2024,2024-10-14,9575,2024-10-02,1940,021925,,3,2,6,1925,0,1,3,,2,042,"SR-134 E/B (VENTURA FREEWAY)","HARVEY DRIVE",700.00,W,N,A,-,Y,LA,,134," ",R,8.658,H,,R,Y,4,0,1,3,A,-,07,21658,A,N,B,2,A,A,H,-,A,D,0,,,,,Y,,A,01,0,0,1,0,0,0,0,0,0,"- ","- ",34.148769378662109,-118.2313232421875,"LOS ANGELES",GLENDALE,-118.23131561279297,34.148777008056641
94430457,2024,2024-10-14,9575,2024-10-04,1735,022940,,5,2,6,1925,0,1,3,,2,042,"SR-134 W/B TO SAN FERNANDO RD.","FAIRMONT AVE.",90.00,S,N,A,-,Y,,,,,,,,,,N,4,0,1,2,A,-,03,22350,,N,C,C,A,A,H,-,A,A,0,,,,,Y,,A,07,0,0,1,0,0,0,0,0,0,"- ","- ",34.155158996582031,-118.27351379394531,"LOS ANGELES",GLENDALE,,
94430467,2024,2024-10-14,9575,2024-10-04,1904,022940,,5,2,6,1925,0,1,3,,2,042,"SR-134 E/B (VENTURA FREEWAY)","SINCLAIR AVE.",142.00,W,N,A,-,Y,LA,,134," ",R,8.553,H,,R,Y,4,0,1,2,A,-,03,22350,,N,C,2,A,A,H,-,B,D,0,,,,,Y,,D,22,0,0,1,0,0,0,0,0,0,"- ","- ",34.149620056152344,-118.23293304443359,"LOS ANGELES",GLENDALE,-118.23290252685547,34.149654388427734
94433870,2024,2024-10-16,9575,2024-10-09,1905,022502,,3,2,6,1925,0,1,1,,2,050,"I-5 S/B (GOLDEN STATE FREEWAY)","SONORA AVENUE",150.00,S,N,A,-,Y,LA,,5," "," ",27.583,H,,L,N,4,0,1,2,A,-,03,22350,,N,C,C,A,A,H,-,C,D,0,,,,,Y,,A,01,0,0,1,0,0,0,0,0,0,"- ","- ",34.161659240722656,-118.29367065429688,"LOS ANGELES",GLENDALE,-118.29364776611328,34.161670684814453
94433975,2024,2024-10-16,9575,2024-10-09,1555,022513,,3,2,6,1925,0,1,3,,2,042,"SR-134 W/B (VENTURA FREEWAY)","SAN FERNANDO RD",1003.00,E,N,A,-,Y,LA,,134," ",R,6.132,H,,L,N,4,0,1,2,A,-,03,22350,,N,C,C,A,A,H,-,A,D,0,,,,,Y,,D,22,0,0,1,0,0,0,0,0,0,"- ","- ",34.154739379882812,-118.27223205566406,"LOS ANGELES",GLENDALE,-118.27220916748047,34.154670715332031
94435448,2024,2024-10-17,9575,2024-10-09,1015,022918,,3,1,6,1925,0,1,3,,2,042,"SR-134 W/B (VENTURA FREEWAY)","GLENDALE AVE.",1589.00,E,N,A,-,Y,LA,,134," ",R,8.182,H,,L,Y,4,0,1,4,A,-,03,22350,,N,C,C,A,A,H,-,A,D,0,,,,,Y,,D,22,0,0,1,0,0,0,0,0,0,"- ","- ",34.153369903564453,-118.23766326904297,"LOS ANGELES",GLENDALE,-118.23770904541016,34.153324127197266
94436359,2024,2024-10-18,9575,2024-10-11,2022,021538,,5,2,6,1925,0,1,3,,2,042,"SR-134 E/B (VENTURA FREEWAY)","CONCORD ST.",210.00,W,N,A,-,Y,LA,,134," ",R,6.141,H,,R,N,4,0,1,2,A,-,03,22350,,M,C,C,A,A,H,-,C,D,0,,,,,Y,,-,99,0,0,1,0,0,0,0,0,0,"- ","- ",34.154510498046875,-118.27204132080078,"LOS ANGELES",GLENDALE,-118.27204895019531,34.154525756835938
94437535,2024,2024-10-21,9575,2024-10-09,1830,022502,,3,2,6,1925,0,1,1,,2,050,"I-5 S/B (GOLDEN STATE FREEWAY)","SONORA AVENUE",300.00,N,N,A,-,Y,LA,,5," "," ",27.612,H,,L,N,4,0,1,2,A,-,03,22350,,M,C,C,A,A,H,-,C,D,0,,,,,Y,,-,99,0,0,1,0,0,0,0,0,0,"- ","- ",34.162021636962891,-118.29390716552734,"LOS ANGELES",GLENDALE,-118.29388427734375,34.162033081054688
94443031,2024,2024-10-23,9575,2024-10-02,"330 ",022084,,3,3,6,1925,0,1,3,,2,090,"SR-2 E/B (GLENDALE FREEWAY)","CHEVY CHASE DR",1800.00,E,N,A,-,Y,LA,,2," ",R,19.674,H,,R,Y,4,0,1,1,C,-,18,,,N,F,A,A,A,C,-,D,D,0,,,,,Y,,-,"- ",0,0,1,0,0,0,0,0,0,"- ","- ",34.158901214599609,-118.22509002685547,"LOS ANGELES",GLENDALE,-118.22502136230469,34.158916473388672
94445657,2024,2024-10-25,9575,2024-10-19,"15  ",022477,,6,3,6,1925,0,1,3,,2,042,"SR-134 W/B (VENTURA FREEWAY) TO MONTEREY RD.","GLENDALE AVENUE",590.00,W,N,A,-,Y,,,,,,,,,,Y,3,0,1,1,A,-,01,23152,A,N,E,8,A,A,H,-,C,D,0,,,,,Y,Y,A,01,0,1,0,0,0,0,0,0,0,"- ","- ",34.156700134277344,-118.24407196044922,"LOS ANGELES",GLENDALE,-118.24397277832031,34.1563720703125
94446344,2024,2024-10-28,9575,2024-10-23,1914,021879,,3,2,6,1925,0,1,3,,2,042,"SR-134 E/B (VENTURA FREEWAY)","CENTRAL AVE.",100.00,W,N,A,-,Y,LA,,134," ",R,6.938,H,,R,N,4,0,2,2,A,-,03,22350,,N,C,C,A,A,H,-,C,D,0,,,,,Y,,A,01,0,0,2,0,0,0,0,0,0,"- ","- ",34.15625,-118.25839996337891,"LOS ANGELES",GLENDALE,-118.25839996337891,34.156272888183594
94446356,2024,2024-10-28,9575,2024-10-18,2005,022502,,5,2,6,1925,0,1,1,,2,050,"I-5 S/B (GOLDEN STATE FREEWAY)","SONORA AVENUE",250.00,S,N,A,-,Y,LA,,5," "," ",27.486,H,,L,Y,4,0,4,3,A,-,03,22350,,N,C,C,A,A,H,-,C,D,0,,,,,Y,,A,01,0,0,4,0,0,0,0,0,0,"- ","- ",34.160388946533203,-118.29296112060547,"LOS ANGELES",GLENDALE,-118.29289245605469,34.160415649414062
94449065,2024,2024-10-29,9575,2024-10-21,1915,021879,,1,2,6,1925,0,1,3,,2,042,"SR-134 E/B (VENTURA FREEWAY)","SAN FERNANDO RD.",400.00,E,N,A,-,Y,LA,,134," ",R,6.022,H,,R,N,4,0,1,2,A,-,08,22107,,N,B,C,A,A,H,-,C,D,0,,,,,Y,,A,07,0,0,1,0,0,0,0,0,0,"- ","- ",34.154079437255859,-118.27398681640625,"LOS ANGELES",GLENDALE,-118.27398681640625,34.154071807861328
94450303,2024,2024-10-30,9575,2024-10-22,1715,022110,,2,2,6,1925,0,1,3,,2,042,"SR-134 W/B (VENTURA FREEWAY)","WEST ROAD EDGE OF SAN FERNANDO ROAD",44.00,E,N,A,-,Y,LA,,134," ",R,5.935,H,,L,N,4,0,2,4,A,-,03,22350,,N,C,C,A,A,H,-,A,D,0,,,,,Y,,A,01,0,0,2,0,0,0,0,0,0,"- ","- ",34.153881072998047,-118.27545166015625,"LOS ANGELES",GLENDALE,-118.27546691894531,34.153926849365234
94456636,2024,2024-11-04,9575,2024-10-25,1830,021879,,5,2,6,1925,0,1,3,,2,042,"SR-134 W/B (VENTURA FREEWAY) TO I-5 (GOLDEN STATE","SAN FERNANDO RD.",545.00,E,N,A,-,Y,LA,,134," ",R,6.041,H,,L,Y,4,0,3,2,A,-,03,22350,,N,C,C,A,A,H,-,C,D,0,,,,,Y,,A,01,0,0,3,0,0,0,0,0,0,"- ","- ",34.154411315917969,-118.27374267578125,"LOS ANGELES",GLENDALE,-118.27371978759766,34.154342651367188
94457696,2024,2024-11-04,9575,2024-10-29,1501,022110,,2,2,6,1925,0,1,3,,2,042,"SR-134 W/B TO BRAND BOULEVARD","BRAND BOULEVARD",85.00,E,N,A,-,Y,,,,,,,,,,N,4,0,1,2,A,-,03,22350,,N,C,C,A,A,H,-,A,A,0,,,,,Y,,A,07,0,0,1,0,0,0,0,0,0,"- ","- ",34.156749725341797,-118.25462341308594,"LOS ANGELES",GLENDALE,-118.25470733642578,34.156459808349609
94462670,2024,2024-11-07,9575,2024-10-27,"405 ",023413,,7,3,6,1925,0,1,3,,2,042,"SR-134 EB TO HARVEY DR","HARVEY DR",86.00,W,N,A,-,Y,,,,,,,,,,N,4,0,1,1,A,-,08,22107,,N,B,I,A,A,H,-,C,D,0,,,,,Y,,A,01,0,0,1,0,0,0,0,0,0,"- ","- ",34.147701263427734,-118.23008728027344,"LOS ANGELES",GLENDALE,-118.22832489013672,34.147392272949219
94463091,2024,2024-11-08,9575,2024-11-01,1710,022502,,5,2,6,1925,0,1,3,,2,090,"SR-2 W/B (GLENDALE FREEWAY)","CHEVY CHASE DRIVE",600.00,E,N,A,-,Y,LA,,2," ",R,19.543,H,,L,Y,4,0,4,2,A,-,03,22350,,N,C,2,A,A,H,-,A,D,0,,,,,Y,,A,01,0,0,4,0,0,0,0,0,0,"- ","- ",34.157058715820312,-118.22451782226562,"LOS ANGELES",GLENDALE,-118.22474670410156,34.157009124755859
94465647,2024,2024-11-12,9575,2024-11-04,1208,019538,,1,1,6,1925,0,1,1,,2,050,"COLORADO STREET FWY. EXT.","SAN FERNANDO RD O/C",250.00,E,N,A,-,Y,LA,,5,S," ",25.238,H,,R,N,4,0,1,2,A,-,07,21658,A,N,B,C,A,A,H,-,A,D,0,,,,,Y,,A,01,0,0,1,0,0,0,0,0,0,"- ","- ",34.141941070556641,-118.26831817626953,"LOS ANGELES",GLENDALE,-118.26831817626953,34.141918182373047
94466406,2024,2024-11-12,9575,2024-10-20,1945,022513,,7,2,6,1925,0,1,3,,2,042,"SR-134 E/B (VENTURA FREEWAY)","GLENDALE AVE.",1901.00,E,N,A,-,Y,LA,,134," ",R,8.240,H,,R,N,4,0,1,2,A,-,03,22350,,N,C,C,A,A,H,-,C,D,0,,,,,Y,,A,01,0,0,1,0,0,0,0,0,0,"- ","- ",34.152488708496094,-118.23697662353516,"LOS ANGELES",GLENDALE,-118.23695373535156,34.152515411376953
94470796,2024,2024-11-15,9575,2024-11-07,1816,022110,,4,2,6,1925,0,1,1,,2,050,"I-5 S/B FROM WESTERN AVENUE","WESTERN AVENUE",30.00,N,N,A,-,Y,LA,,5," "," ",27.863,H,,L,N,4,0,1,2,A,-,03,22350,,N,C,C,A,A,H,-,D,D,0,,,,,Y,,A,01,0,0,1,0,0,0,0,0,0,"- ","- ",34.164588928222656,-118.29692840576172,"LOS ANGELES",GLENDALE,-118.29682922363281,34.164691925048828
94472139,2024,2024-11-18,9575,2024-11-08,1900,021879,,5,2,6,1925,0,1,3,,2,042,"SR-134 W/B (VENTURA FREEWAY)","BRAND BLVD.",1586.00,E,N,A,-,Y,LA,,134," ",R,7.432,H,,L,Y,4,0,1,2,A,-,03,22350,,N,C,C,A,A,H,-,C,D,0,,,,,Y,,A,07,0,0,1,0,0,0,0,0,0,"- ","- ",34.156558990478516,-118.24974822998047,"LOS ANGELES",GLENDALE,-118.24974822998047,34.156459808349609
94473975,2024,2024-11-18,9575,2024-11-06,"815 ",021795,,3,1,6,1925,0,1,1,,2,062,"I-210 W/B (FOOTHILL FREEWAY)","RAMSDELL AVE.",115.00,E,N,A,-,Y,LA,,210," ",R,17.109,H,,L,N,4,0,1,2,A,-,03,22350,,N,C,C,A,A,H,-,A,D,0,,,,,Y,,A,08,0,0,1,0,0,0,0,0,0,"- ","- ",34.220920562744141,-118.24397277832031,"LOS ANGELES",GLENDALE,-118.24402618408203,34.220840454101562
94479298,2024,2024-11-21,9575,2024-11-12,1235,021795,,2,1,6,1925,0,1,3,,2,042,"SR-134 E/B (VENTURA FREEWAY) TO PACIFIC AVE.","PACIFIC AVE.",40.00,W,N,A,-,Y,LA,,134," ",R,6.565,H,,R,N,4,0,2,2,A,-,03,22350,,N,C,C,A,A,H,-,A,A,0,,,,,Y,,A,01,0,0,2,0,0,0,0,0,0,"- ","- ",34.155799865722656,-118.26483154296875,"LOS ANGELES",GLENDALE,-118.26487731933594,34.156051635742188
94479969,2024,2024-11-22,9575,2024-11-11,1755,023029,,1,2,6,1925,0,1,1,,2,050,"I-5 S/B (GOLDEN STATE FREEWAY)","ALLEN AVENUE",176.00,S,N,A,-,Y,LA,,5," "," ",28.112,H,,L,N,4,0,1,2,A,-,03,22350,,N,C,C,A,A,H,-,A,D,0,,,,,Y,,A,01,0,0,1,0,0,0,0,0,0,"- ","- ",34.166980743408203,-118.30007934570312,"LOS ANGELES",GLENDALE,-118.30002593994141,34.167026519775391
94481113,2024,2024-11-25,9575,2024-11-13,2240,022477,,3,3,6,1925,0,1,3,,2,042,"STATE ROUTE 134 W/B (VENTURA FREEWAY) FROM CENTRAL","CENTRAL AVENUE",375.00,W,N,A,-,Y,LA,,134," ",R,6.883,H,,L,N,3,0,1,1,A,-,08,22107,,N,E,I,A,A,H,-,C,D,0,,,Y,,Y,,C,02,0,1,0,0,0,0,0,0,1,"- ","- ",34.156681060791016,-118.25936126708984,"LOS ANGELES",GLENDALE,-118.25936126708984,34.156448364257812
94481133,2024,2024-11-25,9575,2024-11-13,"949 ",020702,,3,1,6,1925,0,1,3,,2,090,"SR-134 W/B FROM SR-2 S/B","HARVEY DR.",10.00,W,N,A,-,Y,,,,,,,,,,N,4,0,1,2,A,-,03,22350,,N,C,C,A,A,H,-,A,D,0,,,,,Y,,A,01,0,0,1,0,0,0,0,0,0,"- ","- ",34.148731231689453,-118.22824096679688,"LOS ANGELES",GLENDALE,,
94483875,2024,2024-11-26,9575,2024-11-15,"840 ",024027,,5,1,6,1925,0,1,3,,2,042,"SR-134 W/B (VENTURA FREEWAY)","CONCORD STREET.",250.00,W,N,A,-,Y,LA,,134," ",R,6.139,H,,L,Y,3,0,3,2,A,-,03,22350,,N,C,C,A,A,H,-,A,D,0,,,,,Y,,D,22,0,2,1,0,0,0,0,0,0,"- ","- ",34.154769897460938,-118.27213287353516,"LOS ANGELES",GLENDALE,-118.27210235595703,34.154693603515625
94484964,2024,2024-11-26,9575,2024-11-20,1730,022502,,3,2,6,1925,0,1,3,,2,042,"SR-134 W/B (VENTURA FREEWAY)","PACIFIC AVENUE",1000.00,W,N,A,-,Y,LA,,134," ",R,6.396,H,,L,N,4,0,1,2,A,-,03,22350,,N,C,C,A,A,H,-,C,D,0,,,,,Y,,A,01,0,0,1,0,0,0,0,0,0,"- ","- ",34.155750274658203,-118.26779937744141,"LOS ANGELES",GLENDALE,-118.26778411865234,34.155685424804688
94484968,2024,2024-11-26,9575,2024-11-21,1832,022110,,4,2,6,1925,0,1,3,,2,042,"SR-134 E/B (VENTURA FREEWAY)","LOS ANGELES RIVER",135.00,E,N,A,-,Y,LA,,134," ",R,5.794,H,,R,N,4,0,2,3,A,-,03,22350,,N,C,C,A,A,H,-,C,D,0,,,,,Y,,D,22,0,0,2,0,0,0,0,0,0,"- ","- ",34.153171539306641,-118.27784729003906,"LOS ANGELES",GLENDALE,-118.27785491943359,34.153175354003906
94488011,2024,2024-12-02,9575,2024-11-26,1842,022110,,2,2,6,1925,0,1,3,,2,042,"SR-134 W/B TO BRAND BLVD","LOUISE STREET",80.00,E,N,B,-,Y,LA,,134," ",R,7.285,H,,L,N,4,0,1,2,A,-,03,22350,,N,C,C,A,B,H,-,C,A,0,,,,,Y,,A,07,0,0,1,0,0,0,0,0,0,"- ","- ",34.156570434570312,-118.25231170654297,"LOS ANGELES",GLENDALE,-118.25231170654297,34.156463623046875
94488040,2024,2025-01-06,9575,2024-11-19,"615 ",021795,,2,1,6,1925,0,1,3,,2,042,"SR-134 W/B (VENTURA FREEWAY)","GENEVA ST.",320.00,W,N,A,-,Y,LA,,134," ",R,7.534,H,,L,N,4,0,1,2,D,-,00,,,N,B,2,A,A,H,-,B,D,0,,,,,Y,,-,"- ",0,0,1,0,0,0,0,0,0,"- ","- ",34.156459808349609,-118.24796295166016,"LOS ANGELES",GLENDALE,-118.24796295166016,34.156467437744141
94488044,2024,2024-12-02,9575,2024-11-23,1700,023029,,6,2,6,1925,0,1,3,,2,042,"SR-134 E/B (VENTURA FREEWAY) TO DORAN STREET","SAN FERNANDO ROAD",440.00,E,N,A,-,Y,,,,,,,,,,Y,4,0,1,2,A,-,03,22350,,N,C,2,A,A,H,-,C,A,0,,,,,Y,,A,01,0,0,1,0,0,0,0,0,0,"- ","- ",34.153789520263672,-118.27366638183594,"LOS ANGELES",GLENDALE,-118.27399444580078,34.154094696044922
94488047,2024,2024-12-02,9575,2024-11-23,1740,023029,,6,2,6,1925,0,1,3,,2,042,"SR-134 W/B (VENTURA FREEWAY) TO PACIFIC AVENUE","PACIFIC AVENUE",93.00,E,N,B,C,Y,LA,,134," ",R,6.617,H,,L,N,4,0,1,2,A,-,03,22350,,N,C,C,A,B,H,-,A,A,0,,,,,Y,,A,07,0,0,1,0,0,0,0,0,0,"- ","- ",34.156608581542969,-118.26393127441406,"LOS ANGELES",GLENDALE,-118.26390075683594,34.156349182128906
94491171,2024,2024-12-03,9575,2024-11-22,1930,021879,,5,2,6,1925,0,1,3,,2,042,"SR-134 W/B (VENTURA FREEWAY)","SAN FERNANDO RD.",810.00,E,N,A,-,Y,LA,,134," ",R,6.097,H,,L,Y,3,0,2,3,A,-,07,21658,A,M,B,0,A,A,H,-,C,D,0,,,,,Y,,-,99,0,1,1,0,0,0,0,0,0,"- ","- ",34.154628753662109,-118.27281188964844,"LOS ANGELES",GLENDALE,-118.27278137207031,34.154544830322266
94492571,2024,2024-12-04,9575,2024-11-13,2240,022839,,3,3,6,1925,0,1,1,,2,050,"I-5 S/B (GOLDEN STATE FREEWAY) TO WESTERN AVENUE","WESTERN AVENUE",430.00,N,N,A,-,Y,,,,,,,,,,N,4,0,1,2,A,-,03,22350,,N,C,C,A,A,H,-,D,D,0,,,,,Y,,A,07,0,0,1,0,0,0,0,0,0,"- ","- ",34.164989471435547,-118.29827117919922,"LOS ANGELES",GLENDALE,-118.29775238037109,34.165370941162109
94492679,2024,2024-12-04,9575,2024-11-20,1900,022336,,3,2,6,1925,0,1,1,,2,062,"I-210 E/B (FOOTHILL FREEWAY)","DUNSMORE AVE.",485.00,E,N,A,-,Y,LA,,210," ",R,16.271,H,,R,Y,4,0,1,2,A,-,08,22107,,N,C,2,A,A,H,-,A,D,0,,,,,Y,,A,01,0,0,1,0,0,0,0,0,0,"- ","- ",34.227401733398438,-118.25611114501953,"LOS ANGELES",GLENDALE,-118.25603485107422,34.227481842041016
94492698,2024,2024-12-04,9575,2024-11-27,1229,022526,,3,1,6,1925,0,1,3,,2,042,"SR-134 E/B (VENTURA FREEWAY)","CONCORD STREET",898.00,E,N,A,-,Y,LA,,134," ",R,6.371,H,,R,N,4,0,1,3,A,-,03,22350,,M,C,C,A,A,H,-,A,D,0,,,,,Y,,A,01,0,0,1,0,0,0,0,0,0,"- ","- ",34.155361175537109,-118.26818084716797,"LOS ANGELES",GLENDALE,-118.26819610595703,34.155406951904297
94495253,2024,2024-12-06,9575,2024-12-04,1755,022513,,3,2,6,1925,0,1,1,,2,062,"I-210 W/B (FOOTHILL FREEWAY) FROM OCEAN VIEW BLVD","OCEAN VIEW BLVD",739.00,W,N,A,-,Y,LA,,210," ",R,18.040,H,,L,N,4,0,1,2,A,-,03,22350,,N,C,C,A,A,H,-,C,A,0,,,,,Y,,A,01,0,0,1,0,0,0,0,0,0,"- ","- ",34.213470458984375,-118.23037719726562,"LOS ANGELES",GLENDALE,-118.23054504394531,34.2132568359375
94497083,2024,2024-12-13,9575,2024-11-27,1325,022918,,3,1,6,1925,0,1,3,,2,042,"SR-134 W/B (VENTURA FREEWAY)","BRAND BLVD.",315.00,E,N,A,-,Y,LA,,134," ",R,7.328,H,,L,N,4,0,2,3,A,-,03,22350,,N,C,C,A,A,H,-,A,D,0,,,,,Y,,A,07,0,0,2,0,0,0,0,0,0,"- ","- ",34.156520843505859,-118.25155639648438,"LOS ANGELES",GLENDALE,-118.25156402587891,34.156459808349609
94498743,2024,2024-12-13,9575,2024-11-27,1730,022513,,3,2,6,1925,0,1,3,,2,090,"SR-2 W/B (GLENDALE FREEWAY)","MOUNTIAN ST",1584.00,W,N,A,-,Y,LA,,2," ",R,19.728,H,,L,N,4,0,1,2,C,-,18,,,M,B,2,A,A,H,-,D,D,0,,,,,Y,,-,"- ",0,0,1,0,0,0,0,0,0,"- ","- ",34.159641265869141,-118.22544860839844,"LOS ANGELES",GLENDALE,-118.22557067871094,34.159618377685547
94499247,2024,2024-12-13,9575,2024-11-30,1115,024027,,6,1,6,1925,0,1,3,,2,042,"SR-134 W/B (VENTURA FREEWAY)","GLENDALE BOULEVARD",1000.00,E,N,A,-,Y,LA,,134," ",R,8.071,H,,L,Y,3,0,1,1,A,-,03,22350,,N,F,A,A,A,H,-,A,D,0,,,Y,,Y,,C,02,0,1,0,0,0,0,0,0,1,"- ","- ",34.154361724853516,-118.23921203613281,"LOS ANGELES",GLENDALE,-118.23915863037109,34.154411315917969
94506138,2024,2024-12-16,9575,2024-12-05,1740,024158,,4,2,6,1925,0,1,3,,2,042,"SR-134 W/B (VENTURA FREEWAY)","GLENDALE AVE.",1080.00,E,N,A,-,Y,LA,,134," ",R,8.084,H,,L,Y,4,0,1,3,A,-,03,22350,,M,C,C,A,A,H,-,C,D,0,,,,,Y,,-,99,0,0,1,0,0,0,0,0,0,"- ","- ",34.154338836669922,-118.23892211914062,"LOS ANGELES",GLENDALE,-118.23897552490234,34.154281616210938
94506183,2024,2024-12-27,9575,2024-12-04,2115,024136,,3,2,6,1925,0,1,3,,2,042,"SR-134 W/B (VENTURA FREEWAY)","BRAND BLVD",255.00,W,N,A,-,Y,LA,,134," ",R,7.066,H,,L,N,3,0,2,2,A,-,01,23152,A,N,B,2,A,A,H,-,C,D,0,,,,,Y,Y,A,07,0,1,1,0,0,0,0,0,0,"- ","- ",34.156440734863281,-118.25614929199219,"LOS ANGELES",GLENDALE,-118.25614929199219,34.156417846679688
94507223,2024,2024-12-17,9575,2024-12-07,1746,023071,,6,2,6,1925,0,1,3,,2,042,"SR-134 W/B (VENTURA FREEWAY)","BRAND BLVD.",450.00,E,N,A,-,Y,LA,,134," ",R,7.220,H,,L,N,4,0,1,2,A,-,03,22350,,N,C,C,A,A,H,-,C,D,0,,,,,Y,,A,01,0,0,1,0,0,0,0,0,0,"- ","- ",34.156520843505859,-118.25344848632812,"LOS ANGELES",GLENDALE,-118.25344848632812,34.156455993652344
94509329,2024,2024-12-18,9575,2024-12-11,1728,022469,,3,2,6,1925,0,1,3,,2,042,"SR-134 W/B (VENTURA FREEWAY)","CONCORD ST",260.00,E,N,A,-,Y,LA,,134," ",R,6.248,H,,L,Y,4,0,2,4,A,-,03,22350,,N,C,2,A,A,H,-,B,D,0,,,,,Y,,-,"- ",0,0,2,0,0,0,0,0,0,"- ","- ",34.155208587646484,-118.27020263671875,"LOS ANGELES",GLENDALE,-118.27017211914062,34.155132293701172
94514988,2024,2024-12-24,9575,2024-12-18,"750 ",024163,,3,1,6,1925,0,1,3,,2,042,"SR-134 E/B (VENTURA FREEWAY)","PACIFIC AVE",898.00,W,N,A,-,Y,LA,,134," ",R,6.401,H,,R,N,4,0,1,2,A,-,03,22350,,N,C,C,A,A,H,-,A,D,0,,,,,Y,,A,01,0,0,1,0,0,0,0,0,0,"- ","- ",34.155559539794922,-118.26773071289062,"LOS ANGELES",GLENDALE,-118.26771545410156,34.155513763427734
94518590,2024,2024-12-27,9575,2024-12-19,1000,022085,,4,1,6,1925,0,1,3,,2,042,"SR-134 W/B (VENTURA FREEWAY)","PACIFIC AVE.",165.00,E,N,A,-,Y,LA,,134," ",R,6.630,H,,L,N,4,0,1,2,D,-,00,,,N,C,C,A,A,H,-,A,D,0,,,,Y,Y,,-,"- ",0,0,1,0,0,0,0,0,0,"- ","- ",34.156459808349609,-118.26370239257812,"LOS ANGELES",GLENDALE,-118.26368713378906,34.156368255615234
94518619,2024,2024-12-27,9575,2024-12-19,1545,023126,,4,2,6,1925,0,1,3,,2,042,"SR-134 W/B (VENTURA FREEWAY)","PACIFIC AVE.",374.00,E,N,A,-,Y,LA,,134," ",R,6.682,H,,L,N,4,0,1,2,A,-,07,21658,A,N,B,C,A,A,H,-,A,D,0,,,,,Y,,D,22,0,0,1,0,0,0,0,0,0,"- ","- ",34.156478881835938,-118.26283264160156,"LOS ANGELES",GLENDALE,-118.26282501220703,34.156414031982422
94518625,2024,2024-12-27,9575,2024-12-19,1720,023126,,4,2,6,1925,0,1,3,,2,042,"SR-134 W/B (VENTURA FREEWAY)","HARVEY DR.",1214.00,W,N,A,-,Y,LA,,134," ",R,8.591,H,,L,Y,4,0,2,3,A,-,03,22350,,N,C,C,A,A,H,-,C,D,0,,,,,Y,,A,01,0,0,2,0,0,0,0,0,0,"- ","- ",34.149589538574219,-118.23226928710938,"LOS ANGELES",GLENDALE,-118.2322998046875,34.149551391601562
94519803,2024,2024-12-30,9575,2024-12-23,1515,022502,,1,2,6,1925,0,1,3,,2,042,"SR-134 E/B (VENTURA FREEWAY)","CENTRAL AVENUE",200.00,E,N,A,-,Y,LA,,134," ",R,7.009,H,,R,N,4,0,3,2,A,-,03,22350,,N,C,C,A,A,H,-,A,D,0,,,,,Y,,A,01,0,0,3,0,0,0,0,0,0,"- ","- ",34.15631103515625,-118.25714874267578,"LOS ANGELES",GLENDALE,-118.25714874267578,34.156269073486328
94519894,2024,2024-12-30,9575,2024-12-23,1835,022502,,1,2,6,1925,0,1,3,,2,042,"SR-134 W/B (VENTURA FREEWAY)","HARVEY DRIVE",50.00,E,N,A,-,Y,LA,,134," ",R,8.838,H,,L,Y,4,0,2,2,A,-,03,22350,,N,C,C,A,A,H,-,C,D,0,,,,,Y,,A,07,0,0,2,0,0,0,0,0,0,"- ","- ",34.147678375244141,-118.22849273681641,"LOS ANGELES",GLENDALE,-118.22850036621094,34.147663116455078
94520159,2024,2024-12-30,9575,2024-12-23,1740,022502,,1,2,6,1925,0,1,3,,2,042,"SR-134 W/B (VENTURA FREEWAY)","VERDUGO ROAD",50.00,W,N,A,-,Y,LA,,134," ",R,8.220,H,,L,Y,4,0,6,3,A,-,03,22350,,N,C,C,A,A,H,-,C,D,0,,,,,Y,,A,07,0,0,6,0,0,0,0,0,0,"- ","- ",34.152999877929688,-118.23715972900391,"LOS ANGELES",GLENDALE,-118.23720550537109,34.1529541015625
94520512,2024,2024-12-30,9575,2024-12-12,1825,022629,,4,2,6,1925,0,1,3,,2,042,"SR-134 W/B (VENTURA FREEWAY)","HARVEY DRIVE",2112.00,W,N,A,-,Y,LA,,134," ",R,8.446,H,,L,Y,4,0,1,4,A,-,03,22350,,M,C,C,A,A,H,-,C,D,0,,,,,Y,,A,07,0,0,1,0,0,0,0,0,0,"- ","- ",34.150859832763672,-118.23423767089844,"LOS ANGELES",GLENDALE,-118.23431396484375,34.150791168212891
94521425,2024,2024-12-31,9575,2024-12-19,1010,024163,,4,1,6,1925,0,1,3,,2,042,"SR-134 W/B (VENTURA FREEWAY)","JACKSON STREET",304.00,E,N,A,-,Y,LA,,134," ",R,7.466,H,,L,N,4,0,1,3,A,-,03,22350,,N,C,C,A,A,H,-,A,D,0,,,,,Y,,A,01,0,0,1,0,0,0,0,0,0,"- ","- ",34.156528472900391,-118.24916076660156,"LOS ANGELES",GLENDALE,-118.24916076660156,34.156463623046875
94521459,2024,2024-12-31,9575,2024-12-13,"535 ",024163,,5,3,6,1925,0,1,3,,2,042,"SR-134 E/B (VENTURA FREEWAY)","BRAND BLVD",125.00,W,N,A,-,Y,LA,,134," ",R,7.092,H,,R,N,4,0,1,2,C,-,18,,,F,B,C,A,A,H,-,D,D,0,,,,,Y,,-,"- ",0,0,1,0,0,0,0,0,0,"- ","- ",34.15631103515625,-118.25567626953125,"LOS ANGELES",GLENDALE,-118.25567626953125,34.156269073486328
94521653,2024,2024-12-31,9575,2024-12-21,1143,020702,,6,1,6,1925,0,1,3,,2,090,"SR-134 W/BFROM SR-2 N/B","SR-134 W/B",75.00,N,N,A,-,Y,,,,,,,,,,N,4,0,1,1,A,-,03,22350,,N,F,I,A,A,H,-,A,D,0,,,Y,,Y,,C,02,0,0,1,0,0,0,0,0,1,"- ","- ",34.147998809814453,-118.22512054443359,"LOS ANGELES",GLENDALE,,
94526035,2024,2025-01-06,9575,2024-12-30,2245,022946,,1,3,6,1925,0,1,3,,2,090,"SR-2 W/B (GLENDALE FREEWAY)","SHERER LN",2550.00,N,N,A,-,Y,LA,,2," ",R,21.084,H,,L,Y,3,0,1,1,A,-,08,22107,,N,E,I,A,A,H,-,D,D,0,,,,,Y,Y,A,07,0,1,0,0,0,0,0,0,0,"- ","- ",34.178821563720703,-118.22059631347656,"LOS ANGELES",GLENDALE,-118.22047424316406,34.178787231445312
94526038,2024,2025-01-06,9575,2024-12-30,2246,022946,,1,3,6,1925,0,1,3,,2,090,"SR-2 W/B (GLENDALE FREEWAY)","SHERER LN",2430.00,E,N,A,-,Y,LA,,2," ",R,21.058,H,,L,Y,3,0,1,2,C,-,18,,,N,B,C,A,A,H,-,D,D,0,,,,,Y,Y,-,"- ",0,1,0,0,0,0,0,0,0,"- ","- ",34.178421020507812,-118.22055053710938,"LOS ANGELES",GLENDALE,-118.22058868408203,34.178428649902344
94526502,2024,2025-01-06,9575,2024-12-21,1620,024136,,6,2,6,1925,0,1,3,,2,042,"SR-134 E/B (VENTURA FREEWAY)","PACIFIC AVE.",1056.00,W,N,A,-,Y,LA,,134," ",R,6.372,H,,R,Y,4,0,3,2,A,-,03,22350,,N,C,C,A,A,H,-,A,D,0,,,,,Y,,A,07,0,0,3,0,0,0,0,0,0,"- ","- ",34.155368804931641,-118.26818084716797,"LOS ANGELES",GLENDALE,-118.2681884765625,34.155406951904297
94526915,2024,2025-01-06,9575,2024-12-22,1004,024163,,7,1,6,1925,0,1,3,,2,041,"SR-134 E/B (VENTURA FREEWAY)","SINCLAIR AVE",305.00,W,N,A,-,Y,LA,,134," ",R,8.515,H,,R,Y,3,0,3,2,A,-,08,22107,,N,E,8,A,A,H,-,A,D,0,,,,,Y,,A,07,0,1,2,0,0,0,0,0,0,"- ","- ",34.149959564208984,-118.23351287841797,"LOS ANGELES",GLENDALE,-118.23346710205078,34.150009155273438
94527064,2024,2025-06-03,9575,2024-12-29,1947,023029,,7,2,6,1925,0,1,3,,2,042,"SR-134 W/B TO MONTEREY ROAD","MONTEREY ROAD",66.00,S,N,A,-,Y,,,,,,,,,,N,4,0,2,2,A,-,08,22107,,N,E,8,A,A,H,-,C,A,0,,,,,Y,,A,07,0,0,2,0,0,0,0,0,0,"- ","- ",34.156810760498047,-118.24407958984375,"LOS ANGELES",GLENDALE,,
94527367,2024,2025-01-06,9575,2024-12-30,1820,024136,,1,2,6,1925,0,2,S,,2,901,"COLORADO STREET (500 BLOCK)","PACIFIC AVENUE",446.00,W,N,A,-,N,,,,,,,,,,Y,4,0,2,2,A,-,03,22350,,N,B,C,A,A,H,-,C,A,0,,,,,Y,,A,07,0,0,2,0,0,0,0,0,0,"- ","- ",34.142509460449219,-118.26600646972656,"LOS ANGELES",GLENDALE,-118.26589202880859,34.142520904541016
94527561,2025,2025-01-06,9575,2025-01-03,1805,022336,,5,2,6,1925,0,1,3,,2,042,"SR-134 W/B (VENTURA FREEWAY)","THE LOS ANGELES RIVER",320.00,E,N,A,-,Y,LA,,134," ",R,5.823,H,,L,N,4,0,2,2,A,-,03,22350,,F,C,C,A,A,H,-,D,D,0,,,,,Y,,-,99,0,0,2,0,0,0,0,0,0,"- ","- ",34.153480529785156,-118.27745056152344,"LOS ANGELES",GLENDALE,-118.27744293212891,34.153461456298828
94528944,2024,2025-01-07,9575,2024-12-30,1725,023029,,1,2,6,1925,0,1,3,,2,042,"SR-134 W/B (VENTURA FREEWAY)","PACIFIC AVENUE",902.00,E,N,A,-,Y,LA,,134," ",R,6.775,H,,L,N,4,0,1,2,A,-,03,22350,,M,C,C,A,A,H,-,D,D,0,,,,,Y,,-,99,0,0,1,0,0,0,0,0,0,"- ","- ",34.156600952148438,-118.26125335693359,"LOS ANGELES",GLENDALE,-118.26124572753906,34.156440734863281
94534663,2025,2025-01-13,9575,2025-01-06,2016,022110,,1,2,6,1925,0,1,3,,2,042,"SR-134 E/B TO HARVEY DRIVE","HARVEY DRIVE",1056.00,W,N,A,-,Y,LA,,134," ",R,8.630,H,,R,N,4,0,2,2,A,-,03,22350,,M,C,C,A,A,H,-,C,D,0,,,,,Y,,-,99,0,0,2,0,0,0,0,0,0,"- ","- ",34.148899078369141,-118.23178100585938,"LOS ANGELES",GLENDALE,-118.23171997070312,34.148983001708984
94534741,2025,2025-01-13,9575,2025-01-03,1700,022469,,5,2,6,1925,0,1,1,,2,050,"I-5 N/B (GOLDEN STATE FREEWAY)","SONORA AVE",450.00,S,N,A,-,Y,LA,,5," "," ",27.456,H,,R,Y,4,0,2,2,A,-,03,22350,,N,C,C,A,A,H,-,A,D,0,,,,,Y,,A,01,0,0,2,0,0,0,0,0,0,"- ","- ",34.160198211669922,-118.29241943359375,"LOS ANGELES",GLENDALE,-118.29250335693359,34.160167694091797
94534743,2024,2025-04-03,9575,2024-12-31,1905,023126,,2,2,6,1925,0,1,3,,2,042,"SR-134 E/B (VENTURA FREEWAY)","SAN FERNANDO RD.",1003.00,W,N,A,-,Y,LA,,134," ",R,5.741,H,,R,N,4,0,2,2,A,-,07,21658,A,N,B,C,A,A,H,-,C,D,0,,,,,Y,,A,07,0,0,2,0,0,0,0,0,0,"- ","- ",34.153049468994141,-118.27880096435547,"LOS ANGELES",GLENDALE,-118.27877044677734,34.152961730957031
94542845,2025,2025-01-20,9575,2025-01-15,"825 ",023049,,3,1,6,1925,0,1,3,,2,042,"SR-134 W/B (VENTURA FREEWAY)","CONCORD ST.",775.00,E,N,A,-,Y,LA,,134," ",R,6.350,H,,L,N,4,0,1,2,A,-,03,22350,,N,C,C,A,A,H,-,E,D,0,,,,,Y,,A,01,0,0,1,0,0,0,0,0,0,"- ","- ",34.15557861328125,-118.26856231689453,"LOS ANGELES",GLENDALE,-118.26854705810547,34.155536651611328
94542848,2024,2025-02-11,9575,2024-12-11,1040,024027,,3,1,6,1925,0,1,1,,2,062,"I-210 E/B FROM LOWELL AVENUE","HONOLULU AVE U/C",260.00,E,N,A,-,Y,LA,,210," ",R,15.844,H,,R,Y,2,0,3,3,A,-,03,22350,,N,C,2,A,A,H,-,A,A,0,,,,,Y,,A,07,1,1,1,0,0,0,0,0,0,"- ","- ",34.230121612548828,-118.26264190673828,"LOS ANGELES",GLENDALE,-118.26258850097656,34.230262756347656
94549027,2024,2025-01-24,9575,2024-08-16,2353,022477,,5,3,6,1925,0,1,3,,2,042,"STATE ROUTE 134 EASTBOUND (VENTURA FREEWAY)","PACIFIC AVENUE",575.00,W,N,A,-,Y,LA,,134," ",R,6.475,H,,R,Y,1,1,1,3,A,-,03,22350,,N,C,2,E,A,H,-,C,D,0,Y,,,,Y,,A,01,1,0,0,1,0,0,0,0,0,"- ","- ",34.155799865722656,-118.26651763916016,"LOS ANGELES",GLENDALE,-118.26651000976562,34.155769348144531
94549562,2025,2025-01-27,9575,2025-01-15,2300,024136,,3,3,6,1925,0,1,1,,2,062,"I-210 E/B TO LOWELL AVE.","LOWELL AVE.",50.00,E,N,A,-,Y,,,,,,,,,,Y,4,0,1,2,A,-,03,22350,,N,C,C,A,A,H,-,C,A,0,,,,,Y,,A,01,0,0,1,0,0,0,0,0,0,"- ","- ",34.229671478271484,-118.26599884033203,"LOS ANGELES",GLENDALE,-118.26622009277344,34.231082916259766
94549708,2025,2025-01-27,9575,2025-01-21,1455,023029,,2,2,6,1925,0,1,1,,2,050,"I-5 S/B (GOLDEN STATE FREEWAY) TO WESTERN AVENUE","WESTERN AVENUE",21.00,S,N,A,-,Y,,,,,,,,,,N,4,0,1,2,A,-,03,22350,,M,C,C,A,A,H,-,A,A,0,,,,,Y,,-,99,0,0,1,0,0,0,0,0,0,"- ","- ",34.163909912109375,-118.29704284667969,"LOS ANGELES",GLENDALE,-118.29661560058594,34.164577484130859
94554456,2025,2025-01-29,9575,2025-01-21,1750,024163,,2,2,6,1925,0,1,1,,2,050,"I-5 S/B (GOLDEN STATE FREEWAY)","THE LOS ANGELES RIVER",272.00,N,N,A,-,Y,LA,,5," "," ",27.223,H,,L,N,4,0,1,2,A,-,03,22350,,M,C,C,A,A,H,-,D,D,0,,,,,Y,,-,99,0,0,1,0,0,0,0,0,0,"- ","- ",34.157058715820312,-118.2908935546875,"LOS ANGELES",GLENDALE,-118.29090881347656,34.157051086425781
94556512,2025,2025-01-30,9575,2025-01-23,1035,019538,,4,1,6,1925,0,1,1,,2,050,"I-5 S/B (GOLDEN STATE FREEWAY)","SONORA AVE U/C",450.00,S,N,A,-,Y,LA,,5," "," ",27.444,H,,L,N,4,0,1,3,A,-,03,22350,,N,C,C,A,A,H,-,A,D,0,,,,Y,Y,,G,25,0,0,1,0,0,0,0,0,0,"- ","- ",34.159881591796875,-118.29257965087891,"LOS ANGELES",GLENDALE,-118.29257965087891,34.159877777099609
94564689,2025,2025-02-04,9575,2025-01-27,1649,024163,,1,2,6,1925,0,1,1,,2,050,"I-5 N/B (GOLDEN STATE FREEWAY)","SONORA AVENUE",358.00,S,N,A,-,Y,LA,,5," "," ",27.468,H,,R,Y,4,0,1,2,A,-,03,22350,,N,C,C,A,A,H,-,B,D,0,,,,,Y,,A,01,0,0,1,0,0,0,0,0,0,"- ","- ",34.160320281982422,-118.29261779785156,"LOS ANGELES",GLENDALE,-118.29259490966797,34.160327911376953
94565985,2025,2025-02-05,9575,2025-01-28,1836,024163,,2,2,6,1925,0,1,1,,2,050,"I-5 S/B (GOLDEN STATE FREEWAY)","ALLEN AVENUE",471.00,S,N,A,-,Y,LA,,5," "," ",28.051,H,,L,Y,4,0,1,2,A,-,03,22350,,N,C,C,A,A,H,-,D,D,0,,,,,Y,,A,08,0,0,1,0,0,0,0,0,0,"- ","- ",34.166408538818359,-118.29930114746094,"LOS ANGELES",GLENDALE,-118.29924774169922,34.166458129882812
94566638,2025,2025-02-05,9575,2025-01-30,"913 ",022839,,4,1,6,1925,0,1,3,,2,042,"SR-134 W/B (VENTURA FREEWAY)","GENEVA STREET",57.00,W,N,A,-,Y,LA,,134," ",R,7.583,H,,L,Y,4,0,1,4,A,-,03,22350,,N,C,C,A,A,H,-,A,D,0,,,,,Y,,A,01,0,0,1,0,0,0,0,0,0,"- ","- ",34.156448364257812,-118.24710083007812,"LOS ANGELES",GLENDALE,-118.24710083007812,34.156475067138672
94574117,2025,2025-02-11,9575,2025-01-31,2010,022629,,5,2,6,1925,0,1,1,,2,050,"I-5 NB TO FLOWER STREET (WESTERN AVENUE)","WESTERN AVENUE",1056.00,S,N,A,-,Y,LA,,5," "," ",27.639,H,,R,N,3,0,1,2,A,-,05,21651,A,N,B,2,A,A,H,-,C,D,0,,,,,Y,,A,07,0,1,0,0,0,0,0,0,0,"- ","- ",34.162609100341797,-118.29386901855469,"LOS ANGELES",GLENDALE,-118.29399871826172,34.16253662109375
94585513,2025,2025-02-20,9575,2025-02-07,2155,024136,,5,2,6,1925,0,1,3,,2,042,"SR-134 E/B (VENTURA FREEWAY)","HARVEY DR.",1400.00,W,N,A,-,Y,LA,,134," ",R,8.544,H,,R,Y,4,0,2,1,A,-,08,22107,,N,E,8,A,A,H,-,C,D,0,,,,,Y,,A,01,0,0,2,0,0,0,0,0,0,"- ","- ",34.149650573730469,-118.23310852050781,"LOS ANGELES",GLENDALE,-118.2330322265625,34.149738311767578
94587855,2025,2025-02-24,9575,2025-02-08,1828,024291,,6,2,6,1925,0,1,3,,2,042,"SR-134 W/B (VENTURA FREEWAY)","PACIFIC AVE",110.00,W,N,A,-,Y,LA,,134," ",R,6.562,H,,L,N,4,0,1,3,A,-,07,21658,A,M,B,C,A,A,H,-,C,D,0,,,,,Y,,-,99,0,0,1,0,0,0,0,0,0,"- ","- ",34.156269073486328,-118.26490783691406,"LOS ANGELES",GLENDALE,-118.26490020751953,34.156227111816406
94587920,2025,2025-02-24,9575,2025-02-08,1240,024267,,6,1,6,1925,0,1,3,,2,090,"SR-2 W/B (GLENDALE FREEWAY)","CHEVY CHASE DR.",780.00,E,N,A,-,Y,LA,,2," ",R,19.584,H,,L,N,4,0,2,3,A,-,03,22350,,N,C,2,A,A,H,-,A,D,0,,,,,Y,,D,22,0,0,2,0,0,0,0,0,0,"- ","- ",34.157569885253906,-118.22499084472656,"LOS ANGELES",GLENDALE,-118.22493743896484,34.157581329345703
94587974,2025,2025-02-24,9575,2025-02-09,1420,021772,,7,2,6,1925,0,1,1,,2,050,"I-5 S/B (GOLDEN STATE FREEWAY)","WESTERN AVE.",1056.00,S,N,A,-,Y,LA,,5," "," ",27.665,H,,L,Y,3,0,1,2,A,-,07,21658,A,N,B,C,A,A,H,-,A,D,0,,,,,Y,,A,07,0,1,0,0,0,0,0,0,0,"- ","- ",34.162628173828125,-118.29445648193359,"LOS ANGELES",GLENDALE,-118.29438781738281,34.162670135498047
94592583,2025,2025-02-28,9575,2025-02-21,1923,021538,,5,2,6,1925,0,1,3,,2,042,"SR-134 E/B (VENTURA FREEWAY) TO SR-2","SINCLAIR AVE.",80.00,E,N,A,-,Y,,,,,,,,,,N,4,0,1,2,A,-,03,22350,,N,C,C,A,A,H,-,C,D,0,,,,,Y,,A,01,0,0,1,0,0,0,0,0,0,"- ","- ",34.148799896240234,-118.23210144042969,"LOS ANGELES",GLENDALE,,
94593131,2025,2025-02-28,9575,2025-02-13,1213,024136,,4,1,6,1925,0,1,3,,2,042,"SR-134 E/B (VENTURA FREEWAY) TO SR-2","SINCLAIR AVE",295.00,W,N,B,C,Y,LA,,134," ",R,8.533,H,,R,Y,3,0,3,4,A,-,03,22350,,M,C,C,A,B,H,-,A,D,0,,,,,Y,,-,99,0,1,2,0,0,0,0,0,0,"- ","- ",34.149658203125,-118.23335266113281,"LOS ANGELES",GLENDALE,-118.23319244384766,34.149837493896484
94598548,2025,2025-03-11,9575,2025-02-24,"830 ",015985,,1,1,6,1925,0,1,3,,2,042,"SR-134 W/B (VENTURA FREEWAY)","GLENDALE AVE",850.00,E,N,A,-,Y,LA,,134," ",R,8.039,H,,L,N,4,0,2,5,A,-,03,22350,,N,C,C,A,A,H,-,A,D,0,,,,,Y,,A,01,0,0,2,0,0,0,0,0,0,"- ","- ",34.154701232910156,-118.23960113525391,"LOS ANGELES",GLENDALE,-118.23958587646484,34.154712677001953
94598969,2025,2025-03-13,9575,2025-02-26,1710,022085,,3,2,6,1925,0,1,1,,2,050,"COLORADO ST. FREEWAY EXTENSION TO I-5","LOS ANGELES RIVER",465.00,E,N,A,-,Y,LA,,5,S," ",25.624,H,,R,Y,3,0,2,2,A,-,03,22350,,N,C,C,A,A,H,-,A,D,0,,,,,Y,,A,01,0,1,1,0,0,0,0,0,0,"- ","- ",34.141510009765625,-118.27462768554688,"LOS ANGELES",GLENDALE,-118.27462005615234,34.141475677490234
94599050,2025,2025-03-14,9575,2025-02-27,1745,023836,,4,2,6,1925,0,1,3,,2,042,"SR-134 W/B (VENTURA FREEWAY)","LOUISE ST.",125.00,W,N,A,-,Y,LA,,134," ",R,7.241,H,,L,N,4,0,1,2,A,-,03,22350,,N,C,C,A,A,H,-,C,D,0,,,,,Y,,A,01,0,0,1,0,0,0,0,0,0,"- ","- ",34.156459808349609,-118.25308227539062,"LOS ANGELES",GLENDALE,-118.25308227539062,34.156463623046875
94599563,2025,2025-03-17,9575,2025-02-25,"740 ",024136,,2,1,6,1925,0,1,1,,2,050,"I-5 S/B (GOLDEN STATE FREEWAY)","SONORA AVE",300.00,N,N,A,-,Y,LA,,5," "," ",27.612,H,,L,N,4,0,1,2,A,-,03,22350,,N,C,C,A,A,H,-,A,D,0,,,,,Y,,A,01,0,0,1,0,0,0,0,0,0,"- ","- ",34.162071228027344,-118.2938232421875,"LOS ANGELES",GLENDALE,-118.29388427734375,34.162036895751953
94600825,2025,2025-03-18,9575,2025-02-14,2140,024142,,5,2,6,1925,0,1,3,,2,042,"SR-134 E/B (VENTURA FREEWAY) TO GLENDALE AVENUE","GLENDALE AVE.",355.00,W,N,A,-,Y,,,,,,,,,,Y,3,0,1,2,A,-,03,22350,,N,C,C,A,A,H,-,C,D,0,,,,,Y,,A,01,0,1,0,0,0,0,0,0,0,"- ","- ",34.1556396484375,-118.24378967285156,"LOS ANGELES",GLENDALE,-118.24332427978516,34.15606689453125
94600829,2025,2025-03-18,9575,2025-03-07,1237,023009,,5,1,6,1925,0,1,1,,2,050,"I-5 S/B (GOLDEN STATE FREEWAY)","SONORA AVE",402.00,N,N,A,-,Y,LA,,5," "," ",27.629,H,,L,N,4,0,1,2,A,-,03,22350,,N,C,C,A,A,H,-,A,D,0,,,,,Y,,D,22,0,0,1,0,0,0,0,0,0,"- ","- ",34.162220001220703,-118.29409027099609,"LOS ANGELES",GLENDALE,-118.29404449462891,34.162246704101562
94601501,2025,2025-03-18,9575,2025-02-24,1810,024270,,1,2,6,1925,0,1,1,,2,050,"I-5 S/B (GOLDEN STATE FREEWAY)","WESTERN AVENUE",764.00,S,N,A,-,Y,LA,,5," "," ",27.694,H,,L,Y,4,0,4,2,A,-,03,22350,,N,C,C,A,A,H,-,D,D,0,,,,,Y,,A,01,0,0,4,0,0,0,0,0,0,"- ","- ",34.162990570068359,-118.29473114013672,"LOS ANGELES",GLENDALE,-118.29470062255859,34.163009643554688
94604878,2025,2025-03-18,9575,2025-03-07,"805 ",022503,,5,1,6,1925,0,1,1,,2,050,"I-5 N/B (GOLDEN STATE FREEWAY)","WESTERN AVE",285.00,N,N,A,-,Y,LA,,5," "," ",27.913,H,,R,N,4,0,1,2,A,-,08,22107,,N,B,C,A,A,H,-,A,D,0,,,,,Y,,A,01,0,0,1,0,0,0,0,0,0,"- ","- ",34.165309906005859,-118.29734802246094,"LOS ANGELES",GLENDALE,-118.29732513427734,34.165332794189453
94605380,2025,2025-03-18,9575,2025-02-25,1240,024136,,2,1,6,1925,0,1,1,,2,050,"I-5 S/B (GOLDEN STATE FREEWAY)","WESTERN AVE",180.00,S,N,A,-,Y,LA,,5," "," ",27.805,H,,L,Y,3,0,2,3,A,-,08,22107,,N,D,C,A,A,H,-,A,D,0,,,,,Y,,D,22,0,1,1,0,0,0,0,0,0,"- ","- ",34.164180755615234,-118.2960205078125,"LOS ANGELES",GLENDALE,-118.29606628417969,34.164134979248047
94607212,2025,2025-03-18,9575,2025-03-07,1900,022502,,5,2,6,1925,0,1,3,,2,042,"SR-134 W/B (VENTURA FREEWAY)","LOUISE STREET",300.00,E,N,A,-,Y,LA,,134," ",R,7.327,H,,L,N,4,0,1,2,A,-,03,22350,,N,C,C,A,A,H,-,A,D,0,,,,,Y,,A,01,0,0,1,0,0,0,0,0,0,"- ","- ",34.156558990478516,-118.25157928466797,"LOS ANGELES",GLENDALE,-118.25157928466797,34.156459808349609
94608111,2025,2025-03-18,9575,2025-03-05,2145,022651,,3,2,6,1925,0,1,3,,2,090,"SR-2 E/B (GLENDALE FREEWAY)","HOLLY DR.",739.00,E,N,B,C,Y,LA,,2," ",R,19.197,H,,R,Y,4,0,1,1,A,-,03,22350,,N,E,I,A,B,H,-,C,D,0,,,,,Y,,D,22,0,0,1,0,0,0,0,0,0,"- ","- ",34.152099609375,-118.2247314453125,"LOS ANGELES",GLENDALE,-118.22459411621094,34.152072906494141
94608114,2025,2025-03-18,9575,2025-03-12,1700,024158,,3,2,6,1925,0,1,1,,2,050,"I-5 S/B (GOLDEN STATE FREEWAY)","SOUTH ROAD EDGE OF SONORA AVE",50.00,S,N,A,-,Y,LA,,5," "," ",27.528,H,,L,N,4,0,2,3,A,-,07,21658,A,M,B,C,A,A,H,-,A,D,0,,,,,Y,,-,99,0,0,2,0,0,0,0,0,0,"- ","- ",34.160961151123047,-118.29322052001953,"LOS ANGELES",GLENDALE,-118.293212890625,34.160961151123047
94608214,2025,2025-03-18,9575,2025-03-07,"927 ",022839,,5,1,6,1925,0,1,1,,2,062,"I-210 E/B (FOOTHILL FREEWAY)","PENNSYLVANIA AVENUE",220.00,W,N,A,-,Y,LA,,210," ",R,16.735,H,,R,N,4,0,1,2,A,-,03,22350,,N,C,C,A,A,H,-,A,D,0,,,,Y,Y,,G,25,0,0,1,0,0,0,0,0,0,"- ","- ",34.223438262939453,-118.24952697753906,"LOS ANGELES",GLENDALE,-118.24950408935547,34.223468780517578
94609013,2025,2025-03-18,9575,2025-03-07,1410,023071,,5,2,6,1925,0,1,1,,2,062,"I-210 E/B (FOOTHILL FREEWAY)","HONOLULU AVE.",265.00,E,N,A,-,Y,LA,,210," ",R,15.847,H,,R,N,3,0,2,2,A,-,03,22350,,N,C,C,A,A,H,-,A,A,0,,,,,Y,,D,22,0,1,1,0,0,0,0,0,0,"- ","- ",34.230091094970703,-118.26260375976562,"LOS ANGELES",GLENDALE,-118.26254272460938,34.230255126953125
94611325,2025,2025-03-19,9575,2025-03-07,1837,023031,,5,2,6,1925,0,1,3,,2,042,"SR-134 E/B (VENTURA FREEWAY)","BRAND BLVD.",195.00,E,N,A,-,Y,LA,,134," ",R,7.306,H,,R,N,4,0,1,3,A,-,03,22350,,N,C,C,A,A,H,-,C,D,0,,,,,Y,,A,07,0,0,1,0,0,0,0,0,0,"- ","- ",34.156230926513672,-118.251953125,"LOS ANGELES",GLENDALE,-118.251953125,34.156276702880859
94612253,2025,2025-03-20,9575,2025-02-26,1848,024270,,3,2,6,1925,0,1,3,,2,042,"SR-134 W/B (VENTURA FREEWAY)","CONCORD ST.",1050.00,E,N,A,-,Y,LA,,134," ",R,6.404,H,,L,N,4,0,3,5,A,-,03,22350,,N,C,2,A,A,H,-,C,C,0,,,,,Y,,A,07,0,0,3,0,0,0,0,0,0,"- ","- ",34.15570068359375,-118.26764678955078,"LOS ANGELES",GLENDALE,-118.26765441894531,34.155708312988281
94612719,2025,2025-03-21,9575,2025-03-12,"235 ",024142,,3,3,6,1925,0,1,3,,2,042,"SR-134 W/B TO MONTEREY RD. (GLENDALE AVE. EXIT)","GLENDALE AVE.",145.00,W,N,A,-,Y,LA,,134," ",R,7.836,H,,L,Y,4,0,1,1,A,-,08,22107,,N,E,8,A,A,H,-,C,D,0,,,,,Y,Y,A,01,0,0,1,0,0,0,0,0,0,"- ","- ",34.156200408935547,-118.24265289306641,"LOS ANGELES",GLENDALE,-118.24269866943359,34.156085968017578
94613323,2025,2025-03-24,9575,2025-03-12,2247,023227,,3,3,6,1925,0,1,3,,2,090,"SR-2 W/B TO SR-34 W/B","HARVEY DRIVE",50.00,W,N,B,-,Y,,,,,,,,,,Y,4,0,1,2,A,-,03,22350,,N,C,2,A,B,H,-,E,D,0,,,,,Y,,A,01,0,0,1,0,0,0,0,0,0,"- ","- ",34.148948669433594,-118.22763824462891,"LOS ANGELES",GLENDALE,,
94613364,2025,2025-03-24,9575,2025-03-18,"850 ",020711,,2,1,6,1925,0,1,3,,2,042,"SR-134 W/B (VENTURA FREEWAY)","BRAND BLVD",400.00,E,N,A,-,Y,LA,,134," ",R,7.216,H,,L,N,4,0,1,4,A,-,03,22350,,M,C,C,A,A,H,-,A,D,0,,,,,Y,,-,99,0,0,1,0,0,0,0,0,0,"- ","- ",34.156429290771484,-118.25351715087891,"LOS ANGELES",GLENDALE,-118.25351715087891,34.156455993652344
94625490,2024,2025-03-25,9575,2024-12-07,1230,022203,,6,1,6,1925,0,1,1,,2,062,"I-210 E/B (FOOTHILL FREEWAY)","PENNSYLVANIA AVENUE",110.00,W,N,A,-,Y,LA,,210," ",R,16.759,H,,R,N,4,0,2,5,A,-,08,22107,,F,B,C,A,A,H,-,A,A,0,,,,,Y,,-,99,0,0,2,0,0,0,0,0,0,"- ","- ",34.223228454589844,-118.24919891357422,"LOS ANGELES",GLENDALE,-118.24916839599609,34.2232666015625
94628179,2025,2025-03-27,9575,2025-02-15,1420,023029,,6,2,6,1925,0,1,1,,2,062,"I-210 E/B (FOOTHILL FREEWAY)","PENNSYLVANIA AVENUE",1821.00,W,N,A,-,Y,LA,,210," ",R,16.427,H,,R,Y,3,0,2,4,A,-,08,22107,,M,B,C,A,A,H,-,A,D,0,,,Y,,Y,,-,99,0,2,0,0,0,0,0,0,2,"- ","- ",34.226150512695312,-118.25382995605469,"LOS ANGELES",GLENDALE,-118.25385284423828,34.226127624511719
94629626,2025,2025-03-27,9575,2025-03-13,1635,021925,,4,2,6,1925,0,1,3,,2,042,"SR-134 W/B (VENTURA FREEWAY)","GENEVA STREET",474.00,W,N,A,-,Y,LA,,134," ",R,7.503,H,,L,N,4,0,4,2,A,-,03,22350,,N,C,C,A,A,H,-,A,D,0,,,,,Y,,A,01,0,0,4,0,0,0,0,0,0,"- ","- ",34.156528472900391,-118.24849700927734,"LOS ANGELES",GLENDALE,-118.24849700927734,34.156467437744141
94631277,2025,2025-03-31,9575,2025-03-27,1340,022502,,4,1,6,1925,0,1,3,,2,042,"SR-134 E/B (VENTURA FREEWAY)","CHEVY CHASE DRIVE",50.00,E,N,B,-,Y,LA,,134," ",R,8.389,H,,R,N,3,0,2,2,A,-,03,22350,,N,C,C,A,A,H,-,A,D,0,,,,,Y,,A,07,0,1,1,0,0,0,0,0,0,"- ","- ",34.151279449462891,-118.23522186279297,"LOS ANGELES",GLENDALE,-118.23525238037109,34.1512451171875
94631289,2025,2025-03-31,9575,2025-03-19,1730,024270,,3,2,6,1925,0,1,3,,2,042,"SR-134 W/B (VENTURA FREEWAY)","GLENDALE AVENUE",776.00,E,N,A,-,Y,LA,,134," ",R,8.027,H,,L,N,4,0,1,4,A,-,07,21658,A,N,C,C,A,A,H,-,A,D,0,,,,,Y,,A,07,0,0,1,0,0,0,0,0,0,"- ","- ",34.154750823974609,-118.23980712890625,"LOS ANGELES",GLENDALE,-118.23975372314453,34.154823303222656
94631485,2025,2025-03-31,9575,2025-03-26,"840 ",017722,,3,1,6,1925,0,1,1,,2,062,"I-210 E/B (FOOTHILL FREEWAY)","PENSYLVANNIA AVE.",500.00,W,N,B,C,Y,LA,,210," ",R,16.306,H,,R,N,4,0,1,2,A,-,03,22350,,N,C,C,A,B,H,-,A,D,0,,,,,Y,,D,22,0,0,1,0,0,0,0,0,0,"- ","- ",34.227268218994141,-118.25546264648438,"LOS ANGELES",GLENDALE,-118.25554656982422,34.2271728515625
94633317,2025,2025-04-01,9575,2025-03-20,1425,024136,,4,2,6,1925,0,1,3,,2,042,"SR-134 W/B (VENTURA FREEWAY)","JACKSON ST",180.00,W,N,A,-,Y,LA,,134," ",R,7.360,H,,L,Y,4,0,2,3,A,-,03,22350,,N,C,2,A,A,H,-,A,D,0,,,,,Y,,D,22,0,0,2,0,0,0,0,0,0,"- ","- ",34.156551361083984,-118.25099945068359,"LOS ANGELES",GLENDALE,-118.25099945068359,34.156459808349609
94633426,2025,2025-04-01,9575,2025-03-09,"420 ",023072,,7,3,6,1925,0,1,1,,2,062,"I-210 W/B (FOOTHILL FREEWAY)","PENNSYLVANIA AVENUE",485.00,W,N,A,-,Y,LA,,210," ",R,16.681,H,,L,Y,3,0,2,2,A,-,01,23152,A,N,C,2,A,A,H,-,A,D,0,,,,Y,Y,Y,A,01,0,1,1,0,0,0,0,0,0,"- ","- ",34.224319458007812,-118.25022888183594,"LOS ANGELES",GLENDALE,-118.25028991699219,34.224254608154297
94634754,2025,2025-04-02,9575,2025-03-23,"830 ",024027,,7,1,6,1925,0,1,3,,2,042,"SR-134 E/B (VENTURA FREEWAY)","VERDUGO ROAD",285.00,W,N,A,-,N,,,,,,,,,,N,4,0,1,1,C,-,18,,,N,E,J,A,A,H,-,A,D,0,,,,,Y,,-,"- ",0,0,1,0,0,0,0,0,0,"- ","- ",34.15338134765625,-118.23809814453125,"LOS ANGELES",GLENDALE,-118.23707580566406,34.152626037597656
94635559,2025,2025-04-03,9575,2025-03-27,1043,019538,,4,1,6,1925,0,1,3,,2,042,"SR-134 W/B (VENTURA FREEWAY)","COLUMBUS AVE PED O/C",50.00,W,N,B,-,Y,LA,,134," ",R,6.736,H,,L,N,3,0,1,3,A,-,03,22350,,N,C,C,A,A,H,-,A,D,0,,,,,Y,,A,01,0,1,0,0,0,0,0,0,0,"- ","- ",34.156501770019531,-118.26193237304688,"LOS ANGELES",GLENDALE,-118.26192474365234,34.156429290771484
94636667,2025,2025-04-03,9575,2025-03-25,1640,021772,,2,2,6,1925,0,1,1,,2,051,"I-5 N/B (GOLDEN STATE FREEWAY)","WESTERN AVE.",1056.00,S,N,A,-,Y,LA,,5," "," ",27.592,H,,R,Y,4,0,1,1,A,-,08,22107,,N,E,I,A,A,H,-,A,D,0,,,,,Y,,A,01,0,0,1,0,0,0,0,0,0,"- ","- ",34.161930084228516,-118.29363250732422,"LOS ANGELES",GLENDALE,-118.2935791015625,34.161952972412109
94637611,2025,2025-04-04,9575,2025-03-27,1223,015985,,4,1,6,1925,0,1,3,,2,042,"SR-134 W/B (VENTURA FREEWAY)","GLENDALE AVE",900.00,E,N,A,-,Y,LA,,134," ",R,8.006,H,,L,N,4,0,1,3,A,-,08,22107,,N,E,8,A,A,H,-,A,D,0,,,,,Y,,A,01,0,0,1,0,0,0,0,0,0,"- ","- ",34.154918670654297,-118.24009704589844,"LOS ANGELES",GLENDALE,-118.24005126953125,34.154987335205078
94637859,2025,2025-04-04,9575,2025-03-14,"545 ",015985,,5,3,6,1925,0,1,3,,2,090,"SR-2 E/B (GLENDALE FREEWAY)","MOUNTAIN STREET",1000.00,E,N,A,-,Y,LA,,2," ",R,20.474,H,,R,Y,4,0,1,2,C,-,18,,,N,D,C,A,A,H,-,D,D,0,,,,,Y,,-,"- ",0,0,1,0,0,0,0,0,0,"- ","- ",34.170150756835938,-118.22296905517578,"LOS ANGELES",GLENDALE,-118.22291564941406,34.170139312744141
94638604,2025,2025-04-07,9575,2025-03-25,1825,024136,,2,2,6,1925,0,1,3,,2,042,"SR-134 W/B (VENTURA FREEWAY)","LOUISE ST",265.00,W,N,A,-,Y,LA,,134," ",R,7.206,H,,L,N,4,0,2,2,A,-,03,22350,,N,C,C,A,A,H,-,B,D,0,,,,,Y,,J,48,0,0,2,0,0,0,0,0,0,"- ","- ",34.156528472900391,-118.25369262695312,"LOS ANGELES",GLENDALE,-118.25368499755859,34.156452178955078
94640415,2025,2025-04-08,9575,2025-03-31,"503 ",023243,,1,3,6,1925,0,1,3,,2,042,"SR-134 W/B (VENTURA FREEWAY)","LOUISE STREET",195.00,E,N,A,-,Y,LA,,134," ",R,7.307,H,,L,N,4,0,2,3,A,-,03,22350,,N,C,C,A,B,H,-,C,D,0,,,,,Y,,A,07,0,0,2,0,0,0,0,0,0,"- ","- ",34.156459808349609,-118.25193786621094,"LOS ANGELES",GLENDALE,-118.25193786621094,34.156459808349609
9464200,2023,2023-03-28,1925,2023-03-09,1000,22783,131,4,5,6,1925,0,0,0,,0,005,"VERDUGO BL","PARK PL",85.00,E,N,A,-,N,,,,,,,,,,Y,1,1,1,1,A,-,03,22350,,N,E,I,A,A,H,-,A,D,0,,,,,Y,,A,01,0,0,1,0,0,0,0,0,0,"- ","- ",34.204761505126953,-118.22319793701172,"LOS ANGELES",GLENDALE,-118.222900390625,34.204730987548828
94647195,2025,2025-04-14,9575,2025-04-03,1800,023029,,4,2,6,1925,0,1,3,,2,090,"SR-2 W/B (GLENDALE FREEWAY)","MOUNTAIN STREET",1156.00,W,N,B,C,Y,LA,,2," ",R,19.828,H,,L,N,2,0,1,1,A,-,03,22350,,N,E,8,A,B,H,-,A,D,0,,,,,Y,,A,01,1,0,0,0,0,0,0,0,0,"- ","- ",34.161079406738281,-118.22598266601562,"LOS ANGELES",GLENDALE,-118.22566223144531,34.161079406738281
94647205,2025,2025-04-14,9575,2025-04-03,"940 ",021795,,4,1,6,1925,0,1,3,,2,042,"SR-134 W/B (VENTURA FREEWAY)","CONCORD ST.",370.00,E,N,A,-,Y,LA,,134," ",R,6.266,H,,L,N,4,0,2,2,A,-,03,22350,,N,C,C,A,A,H,-,A,D,0,,,,,Y,,A,01,0,0,2,0,0,0,0,0,0,"- ","- ",34.1551513671875,-118.26986694335938,"LOS ANGELES",GLENDALE,-118.26988983154297,34.155200958251953
94650721,2025,2025-04-15,9575,2025-04-01,2015,024136,,2,2,6,1925,0,1,3,,2,090,"SR-2 E/B (GLENDALE FREEWAY)","STANCREST FRONTAGE RD",1045.00,W,N,A,-,Y,LA,,2," ",R,22.474,H,,R,Y,4,0,2,2,A,-,08,22107,,N,B,C,A,A,H,-,C,D,0,,,,,Y,,J,48,0,0,2,0,0,0,0,0,0,"- ","- ",34.198051452636719,-118.21971130371094,"LOS ANGELES",GLENDALE,-118.21974945068359,34.198055267333984
94653968,2025,2025-04-17,9575,2025-04-15,2115,021538,,2,2,6,1925,0,1,3,,2,042,"SR-134 W/B (VENTURA FREEWAY) FROM HARVEY DR","HARVEY DR.",32.00,W,N,A,-,Y,,,,,,,,,,N,4,0,1,2,A,-,07,21658,A,N,B,2,A,A,H,-,C,D,0,,,,,Y,,-,"- ",0,0,1,0,0,0,0,0,0,"- ","- ",34.148139953613281,-118.22872924804688,"LOS ANGELES",GLENDALE,,
94653969,2025,2025-04-17,9575,2025-04-15,1710,021538,,2,2,6,1925,0,1,3,,2,042,"SR-134 E/B (VENTURA FREEWAY)","DORAN ST. POC",430.00,E,N,A,-,Y,LA,,134," ",R,8.128,H,,R,Y,3,0,1,1,A,-,03,22350,,N,F,A,A,A,H,-,A,D,0,,,Y,,Y,,C,02,0,1,0,0,0,0,0,0,1,"- ","- ",34.153648376464844,-118.23853302001953,"LOS ANGELES",GLENDALE,-118.23849487304688,34.153682708740234
94655719,2025,2025-04-21,9575,2025-04-09,1045,021795,,3,1,6,1925,0,1,3,,2,042,"SR-134 W/B FROM MONTEREY RD.","MONTERY RD.",80.00,S,N,A,-,Y,,,,,,,,,,N,4,0,1,2,A,-,07,21658,A,N,B,C,A,A,H,-,A,D,0,,,,,Y,,A,01,0,0,1,0,0,0,0,0,0,"- ","- ",34.156810760498047,-118.24417114257812,"LOS ANGELES",GLENDALE,,
94656751,2025,2025-04-21,9575,2025-04-09,"933 ",021795,,3,1,6,1925,0,1,3,,2,042,"SR-134 W/B (VENTURA FREEWAY)","CONCORD ST.",520.00,E,N,A,-,Y,LA,,134," ",R,6.306,H,,L,N,4,0,2,3,A,-,03,22350,,N,C,C,A,A,H,-,A,D,0,,,,,Y,,A,01,0,0,2,0,0,0,0,0,0,"- ","- ",34.155330657958984,-118.26923370361328,"LOS ANGELES",GLENDALE,-118.26924133300781,34.155357360839844
94658228,2025,2025-04-22,9575,2025-04-06,1740,021970,,7,2,6,1925,0,1,3,,2,042,"SR-134 W/B (VENTURA FREEWAY)","CENTRAL AVE",300.00,W,N,A,-,Y,LA,,134," ",R,6.838,H,,L,Y,4,0,2,1,A,-,08,22107,,N,E,I,A,A,H,-,A,D,0,,,,,Y,,A,07,0,0,2,0,0,0,0,0,0,"- ","- ",34.156551361083984,-118.26014709472656,"LOS ANGELES",GLENDALE,-118.26014709472656,34.156448364257812
94659460,2025,2025-04-23,9575,2025-04-18,1705,022336,,5,2,6,1925,0,1,3,,2,042,"SR-134 W/B TO I-5","LOS ANGELES RIVER",1000.00,E,N,B,-,Y,LA,,134," ",R,5.912,H,,L,N,4,0,1,2,A,-,07,21658,A,N,B,C,A,A,H,-,A,D,0,,,,,Y,,A,01,0,0,1,0,0,0,0,0,0,"- ","- ",34.154010772705078,-118.27593994140625,"LOS ANGELES",GLENDALE,-118.27587890625,34.153823852539062
94665156,2025,2025-04-28,9575,2025-04-19,1316,024270,,6,1,6,1925,0,1,3,,2,042,"SR-134 E/B FROM BRAND BLVD.","BRAND BLVD.",398.00,E,N,A,-,Y,LA,,134," ",R,7.211,H,,R,N,4,0,1,2,A,-,03,22350,,N,C,C,A,A,H,-,A,A,0,,,,,Y,,A,07,0,0,1,0,0,0,0,0,0,"- ","- ",34.156089782714844,-118.25359344482422,"LOS ANGELES",GLENDALE,-118.25359344482422,34.156276702880859
94666869,2025,2025-04-28,9575,2025-02-28,2315,023072,,5,3,6,1925,0,1,3,,2,042,"SR-134 E/B TO SR-2 W/B",BROADWAY,128.00,S,N,A,-,Y,LA,,2," ",R,18.641,H,,L,Y,4,0,2,2,A,-,03,22350,,M,B,C,A,A,H,-,C,D,0,,,,,Y,,A,01,0,0,2,0,0,0,0,0,0,"- ","- ",34.144371032714844,-118.22730255126953,"LOS ANGELES",GLENDALE,-118.22712707519531,34.144332885742188
94671298,2025,2025-05-01,9575,2025-04-20,1910,022629,,7,2,6,1925,0,1,3,,2,042,"SR-134 E/B (VENTURA FREEWAY)","BRAND BOULEVARD",528.00,E,N,A,-,Y,LA,,134," ",R,7.284,H,,R,N,3,0,1,2,A,-,08,22107,,N,B,C,A,A,H,-,A,D,0,,,Y,,Y,,C,02,0,1,0,0,0,0,0,0,1,"- ","- ",34.156341552734375,-118.25232696533203,"LOS ANGELES",GLENDALE,-118.25232696533203,34.156276702880859
94671997,2025,2025-05-01,9575,2025-04-24,1440,022513,,4,2,6,1925,0,1,3,,2,042,"SR-134 E/B (VENTURA FREEWAY)","CENTRAL AVE",190.00,W,N,B,-,Y,LA,,134," ",R,6.919,H,,R,N,4,0,2,2,A,-,03,22350,,N,C,C,A,A,H,-,A,D,0,,,,,Y,,A,01,0,0,2,0,0,0,0,0,0,"- ","- ",34.15631103515625,-118.25872802734375,"LOS ANGELES",GLENDALE,-118.25872802734375,34.156276702880859
94672350,2025,2025-05-01,9575,2025-04-19,2105,023071,,6,2,6,1925,0,1,3,,2,042,"SR-134 E/B (VENTURA FREEWAY)","PACIFIC AVE.",55.00,E,N,A,-,Y,LA,,134," ",R,6.601,H,,R,Y,3,0,3,2,A,-,08,22107,,F,B,C,A,A,H,-,D,D,0,,,,,Y,,-,99,0,3,0,0,0,0,0,0,0,"- ","- ",34.156181335449219,-118.26419830322266,"LOS ANGELES",GLENDALE,-118.26419067382812,34.156135559082031
94672714,2025,2025-05-02,9575,2025-04-25,1605,021925,,5,2,6,1925,0,1,3,,2,042,"SR-134 W/B (VENTURA FREEWAY)","PACIFIC AVENUE",1085.00,W,N,A,-,Y,LA,,134," ",R,6.385,H,,L,Y,4,0,1,3,A,-,03,22350,,N,C,C,A,A,H,-,A,D,0,,,,,Y,,A,01,0,0,1,0,0,0,0,0,0,"- ","- ",34.15576171875,-118.26799011230469,"LOS ANGELES",GLENDALE,-118.26795959472656,34.155651092529297
94672719,2025,2025-05-02,9575,2025-04-26,1150,023049,,6,1,6,1925,0,1,3,,2,042,"SR-134 E/B (VENTURA FREEWAY)","HARVEY DR.",528.00,W,N,B,-,Y,LA,,134," ",R,8.512,H,,R,N,4,0,1,2,A,-,03,22350,,N,C,C,A,A,H,-,A,D,0,,,,,Y,,A,01,0,0,1,0,0,0,0,0,0,"- ","- ",34.150100708007812,-118.23345184326172,"LOS ANGELES",GLENDALE,-118.23350524902344,34.150039672851562
94674103,2025,2025-05-05,9575,2025-04-29,1754,021538,,2,2,6,1925,0,1,3,,2,042,"SR-134 E/B (VENTURA FREEWAY)","GENEVA ST.",50.00,E,N,A,-,Y,LA,,134," ",R,7.615,H,,R,Y,3,0,2,2,A,-,07,21658,A,N,B,C,A,A,H,-,A,D,0,,,,,Y,,A,07,0,1,1,0,0,0,0,0,0,"- ","- ",34.15631103515625,-118.24655914306641,"LOS ANGELES",GLENDALE,-118.24655914306641,34.156291961669922
94674359,2025,2025-05-05,9575,2025-04-28,2050,021925,,1,2,6,1925,0,1,3,,2,042,"SR-134 E/B (VENTURA FREEWAY)","BRAND BOULEVARD",36.00,E,N,A,-,Y,,,,,,,,,,N,4,0,1,2,A,-,08,22107,,N,B,C,A,A,H,-,C,D,0,,,,,Y,,-,"- ",0,0,1,0,0,0,0,0,0,"- ","- ",34.155998229980469,-118.25478363037109,"LOS ANGELES",GLENDALE,-118.25485992431641,34.156299591064453
94674383,2025,2025-05-05,9575,2025-04-29,1821,023031,,2,2,6,1925,0,1,3,,2,042,"SR-134 W/B (VENTURA FREEWAY)","GLENDALE AVE.",1000.00,E,N,A,-,Y,LA,,134," ",R,8.071,H,,L,Y,4,0,2,1,A,-,03,22350,,N,E,8,A,A,H,-,A,D,0,,,,,Y,,A,07,0,0,2,0,0,0,0,0,0,"- ","- ",34.154350280761719,-118.23922729492188,"LOS ANGELES",GLENDALE,-118.23916625976562,34.154415130615234
94677511,2025,2025-05-06,9575,2025-04-29,1730,022336,,2,2,6,1925,0,1,3,,2,042,"SR-134 W/B (VENTURA FREEWAY)","BRAND BLVD.",40.00,E,N,A,-,Y,LA,,134," ",R,7.146,H,,L,Y,3,0,1,4,A,-,04,21703,,N,C,C,A,A,H,-,A,D,0,,,,,Y,,A,01,0,1,0,0,0,0,0,0,0,"- ","- ",34.156520843505859,-118.25475311279297,"LOS ANGELES",GLENDALE,-118.25474548339844,34.156436920166016
94679544,2025,2025-05-08,9575,2025-04-25,1425,022629,,5,2,6,1925,0,1,1,,2,050,"I-5 N/B (GOLDEN STATE FREEWAY)","WESTERN AVENUE",2112.00,S,N,A,-,Y,LA,,5," "," ",27.049,H,,R,N,3,0,2,3,A,-,07,21658,A,N,B,C,A,A,H,-,A,D,0,,,,,Y,,D,22,0,1,1,0,0,0,0,0,0,"- ","- ",34.155128479003906,-118.2886962890625,"LOS ANGELES",GLENDALE,-118.28871917724609,34.155117034912109
94682745,2025,2025-05-12,9575,2025-05-05,1224,024266,,1,1,6,1925,0,1,3,,2,042,"SR-134 E/B (VENTURA FREEWAY)","PACIFIC AVE",442.00,W,N,B,-,Y,LA,,134," ",R,6.494,H,,R,N,4,0,1,2,A,-,03,22350,,N,C,C,A,B,H,-,A,D,0,,,,,Y,,A,01,0,0,1,0,0,0,0,0,0,"- ","- ",34.155811309814453,-118.26615905761719,"LOS ANGELES",GLENDALE,-118.26616668701172,34.155838012695312
94682942,2025,2025-05-12,9575,2025-05-08,1615,022513,,4,2,6,1925,0,1,3,,2,090,"SR-2 E/B (GLENDALE FREEWAY)","VERDUGO BLVD.",2270.00,W,N,A,-,Y,LA,,2," ",R,22.546,H,,R,N,4,0,1,2,A,-,03,22350,,N,C,C,A,A,H,-,A,D,0,,,,,Y,,A,01,0,0,1,0,0,0,0,0,0,"- ","- ",34.199089050292969,-118.21961212158203,"LOS ANGELES",GLENDALE,-118.21951293945312,34.199073791503906
94683864,2025,2025-05-12,9575,2025-05-04,1519,023071,,7,2,6,1925,0,1,3,,2,042,"SR-134 W/B (VENTURA FREEWAY)","PACIFIC AVE.",760.00,E,N,B,-,Y,LA,,134," ",R,6.742,H,,L,Y,3,0,3,3,A,-,03,22350,,N,C,C,A,A,H,-,A,D,0,,,,,Y,,A,07,0,1,2,0,0,0,0,0,0,"- ","- ",34.156501770019531,-118.26181793212891,"LOS ANGELES",GLENDALE,-118.26181793212891,34.15643310546875
9468426,2023,2023-02-07,1925,2023-01-12,"805 ",22783,197,4,5,6,1925,0,0,0,,0,001,"GRANDVIEW AV","SAN FERNANDO RD",33.00,N,N,B,-,N,,,,,,,,,,Y,3,0,1,2,A,-,03,22350,,N,C,C,A,A,H,-,A,A,0,,,,,Y,,D,23,0,1,0,0,0,0,0,0,0,"- ","- ",34.161750793457031,-118.28250122070312,"LOS ANGELES",GLENDALE,-118.28247833251953,34.161800384521484
94686688,2025,2025-05-14,9575,2025-05-09,1725,022336,,5,2,6,1925,0,1,3,,2,042,"SR-134 W/B (VENTURA FREEWAY)","GLENDALE AVE.",1300.00,E,N,A,-,Y,LA,,134," ",R,8.096,H,,L,Y,4,0,1,2,A,-,03,22350,,N,C,C,A,D,H,-,A,D,0,,,,,Y,,D,22,0,0,1,0,0,0,0,0,0,"- ","- ",34.154209136962891,-118.23879241943359,"LOS ANGELES",GLENDALE,-118.23883056640625,34.1541748046875
94686694,2025,2025-05-14,9575,2025-05-10,"4   ",022477,,6,3,6,1925,0,1,3,,2,090,"S/B STATE ROUTE 2 (GLENDALE FWY)","MOUNTAIN STREET",1200.00,N,N,A,-,Y,LA,,2," ",R,20.294,H,,L,N,4,0,1,2,A,-,07,21658,A,M,B,C,A,A,H,-,C,D,0,,,,,Y,,-,99,0,0,1,0,0,0,0,0,0,"- ","- ",34.167720794677734,-118.22402191162109,"LOS ANGELES",GLENDALE,-118.22398376464844,34.167713165283203
94686700,2025,2025-05-14,9575,2025-05-09,2000,022085,,5,2,6,1925,0,1,1,,2,050,"I-5 S/B (GOLDEN STATE FREEWAY)","SONORA AVE.",215.00,S,N,A,-,Y,LA,,5," "," ",27.495,H,,L,N,4,0,1,2,A,-,03,22350,,N,C,C,A,A,H,-,A,D,0,,,,,Y,,A,08,0,0,1,0,0,0,0,0,0,"- ","- ",34.160511016845703,-118.29302978515625,"LOS ANGELES",GLENDALE,-118.29296112060547,34.160537719726562
94686871,2025,2025-05-14,9575,2025-05-07,"938 ",024266,,3,1,6,1925,0,1,3,,2,042,"SR-134 W/B (VENTURA FREEWAY)","CENTRAL AVE",431.00,W,N,A,-,Y,LA,,134," ",R,6.872,H,,L,Y,4,0,1,2,A,-,03,22350,,N,C,C,A,A,H,-,A,D,0,,,,,Y,,A,01,0,0,1,0,0,0,0,0,0,"- ","- ",34.156509399414062,-118.25955963134766,"LOS ANGELES",GLENDALE,-118.25955963134766,34.156448364257812
94687334,2025,2025-05-14,9575,2025-05-06,"950 ",021795,,2,1,6,1925,0,1,3,,2,042,"SR-134 W/B (VENTURA FREEWAY)","GENEVA ST.",300.00,W,N,B,-,Y,LA,,134," ",R,7.532,H,,L,N,4,0,1,2,A,-,03,22350,,N,C,C,A,A,H,-,A,D,0,,,,,Y,,A,01,0,0,1,0,0,0,0,0,0,"- ","- ",34.156440734863281,-118.24799346923828,"LOS ANGELES",GLENDALE,-118.24799346923828,34.156467437744141
94696053,2025,2025-05-21,9575,2025-05-15,"816 ",024142,,4,1,6,1925,0,1,3,,2,042,"SR-134 E/B (VENTURA FREEWAY)","GLENDALE AVE.",800.00,E,N,A,-,Y,LA,,134," ",R,8.034,H,,R,N,4,0,2,2,A,-,07,21658,A,N,B,2,A,A,H,-,A,D,0,,,,,Y,,A,01,0,0,2,0,0,0,0,0,0,"- ","- ",34.154560089111328,-118.23986053466797,"LOS ANGELES",GLENDALE,-118.23980712890625,34.154617309570312
94696876,2025,2025-05-22,9575,2025-05-10,"955 ",024270,,6,1,6,1925,0,1,3,,2,042,"SR-134 W/B (VENTURA FREEWAY)","GLENDALE AVE.",232.00,W,N,A,-,Y,LA,,134," ",R,7.819,H,,L,Y,4,0,1,2,A,-,07,21658,A,M,F,8,A,A,H,-,A,D,0,,,,Y,Y,,-,99,0,0,1,0,0,0,0,0,0,"- ","- ",34.156269073486328,-118.24295806884766,"LOS ANGELES",GLENDALE,-118.24299621582031,34.156162261962891
94698444,2025,2025-05-23,9575,2025-05-14,"645 ",020847,,3,1,6,1925,0,1,3,,2,042,"SR-134 W/B (VENTURA FREEWAY)","LOUISE ST.",160.00,E,N,A,-,Y,LA,,134," ",R,7.300,H,,L,N,4,0,1,3,A,-,03,22350,,N,C,C,A,A,H,-,A,D,0,,,,,Y,,E,22,0,0,1,0,0,0,0,0,0,"- ","- ",34.156478881835938,-118.25205230712891,"LOS ANGELES",GLENDALE,-118.25205230712891,34.156459808349609
94698605,2025,2025-05-23,9575,2025-05-14,"828 ",024266,,3,1,6,1925,0,1,3,,2,042,"SR-134 W/B (VENTURA FREEWAY)","GLENDALE AVE",10.00,E,N,A,-,Y,LA,,134," ",R,7.881,H,,L,Y,3,0,1,3,A,-,03,22350,,N,C,C,A,A,H,-,A,D,0,,,,,Y,,D,22,0,1,0,0,0,0,0,0,0,"- ","- ",34.155818939208984,-118.24198913574219,"LOS ANGELES",GLENDALE,-118.24197387695312,34.155845642089844
94699274,2025,2025-05-23,9575,2025-03-25,2030,022342,,2,2,6,1925,0,1,3,,2,043,"STATE ROUTE 134 EASTBOUND (VENTURA FREEWAY)","PACIFIC AVENUE",765.00,W,N,A,-,Y,LA,,134," ",R,6.461,H,,R,Y,1,1,0,1,A,-,08,22107,,N,E,8,A,A,H,-,C,D,0,,,Y,,Y,,C,02,0,0,0,0,0,0,0,1,0,"- ","- ",34.155818939208984,-118.26679229736328,"LOS ANGELES",GLENDALE,-118.26676177978516,34.155719757080078
94699765,2024,2025-05-26,9575,2024-11-13,1305,020702,,3,1,6,1925,0,1,3,,2,042,"STATE ROUTE 134 WESTBOUND         (VENTURA FREEWAY","STATE ROUTE 2 (GLENDALE FREEWAY)",156.00,W,N,A,-,Y,LA,,134," ",R,8.928,H,,L,Y,1,1,0,2,A,-,03,22350,,N,C,C,A,A,H,-,A,D,0,,,Y,,Y,,C,02,0,0,0,0,0,0,0,1,0,"- ","- ",34.147018432617188,-118.22702789306641,"LOS ANGELES",GLENDALE,-118.22700500488281,34.147068023681641
94702391,2025,2025-05-27,9575,2025-05-17,1450,023071,,6,2,6,1925,0,1,3,,2,042,"SR-134 W/B (VENTURA FREEWAY)","CENTRAL AVE.",420.00,W,N,B,-,Y,LA,,134," ",R,6.876,H,,L,Y,4,0,4,2,A,-,03,22350,,N,C,C,A,A,H,-,A,D,0,,,,,Y,,D,22,0,0,4,0,0,0,0,0,0,"- ","- ",34.156211853027344,-118.25949096679688,"LOS ANGELES",GLENDALE,-118.25949096679688,34.156448364257812
94704730,2025,2025-05-29,9575,2025-05-22,"806 ",024266,,4,1,6,1925,0,1,3,,2,042,"SR-134 W/B (VENTURA FREEWAY)","JACKSON ST",442.00,E,N,A,-,Y,LA,,134," ",R,7.490,H,,L,Y,3,0,2,2,A,-,03,22350,,N,C,C,A,A,H,-,A,D,0,,,,,Y,,A,01,0,1,1,0,0,0,0,0,0,"- ","- ",34.156440734863281,-118.24873352050781,"LOS ANGELES",GLENDALE,-118.24873352050781,34.156463623046875
94707028,2025,2025-05-30,9575,2025-05-18,1800,023071,,7,2,6,1925,0,1,3,,2,042,"SR-134 E/B (VENTURA FREEWAY)","COLUMBUS AVE.",190.00,W,N,A,-,Y,LA,,134," ",R,6.721,H,,R,Y,4,0,1,2,A,-,03,22350,,N,C,C,A,A,H,-,A,D,0,,,Y,,Y,,C,02,0,0,1,0,0,0,0,0,1,"- ","- ",34.15631103515625,-118.26216888427734,"LOS ANGELES",GLENDALE,-118.26216888427734,34.156246185302734
94707337,2025,2025-05-30,9575,2025-05-20,"921 ",024270,,2,1,6,1925,0,1,1,,2,062,"I-210 E/B (FOOTHILL FREEWAY)","LOWELL AVE.",1782.00,W,N,A,-,Y,LA,,210," ",R,15.282,H,,R,N,4,0,2,2,A,-,03,22350,,N,C,C,A,A,H,-,A,D,0,,,,,Y,,D,22,0,0,2,0,0,0,0,0,0,"- ","- ",34.232479095458984,-118.27211761474609,"LOS ANGELES",GLENDALE,-118.27213287353516,34.232448577880859
94708612,2025,2025-06-02,9575,2025-05-25,1258,023009,,7,1,6,1925,0,1,1,,2,050,"I-5 S/B (GOLDEN STATE FREEWAY)","WESTERN AVE",514.00,S,N,A,-,Y,LA,,5," "," ",27.741,H,,L,N,4,0,1,2,A,-,03,22350,,N,C,C,A,A,H,-,A,D,0,,,,,Y,,A,07,0,0,1,0,0,0,0,0,0,"- ","- ",34.163448333740234,-118.29531860351562,"LOS ANGELES",GLENDALE,-118.29525756835938,34.163501739501953
94708642,2025,2025-06-02,9575,2025-05-19,1140,021795,,1,1,6,1925,0,1,3,,2,090,"SR-2 W/B (GLENDALE FREEWAY)","FERN LN.",2600.00,S,N,A,-,Y,LA,,2," ",R,21.093,H,,L,N,3,0,2,3,A,-,07,21658,A,M,B,2,A,A,H,-,A,D,0,,,,,Y,,-,99,0,1,1,0,0,0,0,0,0,"- ","- ",34.178909301757812,-118.22042083740234,"LOS ANGELES",GLENDALE,-118.22042846679688,34.178913116455078
94709752,2025,2025-06-02,9575,2025-05-23,2100,024270,,5,2,6,1925,0,1,1,,2,050,"COLORADO STREET FREEWAY EXTENSION","SAN FERNANDO RD.",170.00,E,N,A,-,Y,LA,,5,S," ",25.253,H,,R,N,4,0,1,2,A,-,02,22400,A,N,C,C,A,A,H,-,D,D,0,,,,,Y,,A,07,0,0,1,0,0,0,0,0,0,"- ","- ",34.141918182373047,-118.26856994628906,"LOS ANGELES",GLENDALE,-118.26856994628906,34.141921997070312
94709826,2025,2025-06-02,9575,2025-05-23,"840 ",019538,,5,1,6,1925,0,1,1,,2,050,"I-5 S/B (GOLDEN STATE FREEWAY)","SONORA AVE U/C",450.00,S,N,A,-,Y,LA,,5," "," ",27.453,H,,L,Y,4,0,4,6,A,-,08,22107,,N,E,8,A,A,H,-,A,D,0,,,,,Y,,A,08,0,0,4,0,0,0,0,0,0,"- ","- ",34.160030364990234,-118.29255676269531,"LOS ANGELES",GLENDALE,-118.29264831542969,34.159996032714844
94712877,2025,2025-06-04,9575,2025-06-03,1800,021538,,2,2,6,1925,0,1,3,,2,042,"SR-134 W/B (VENTURA FREEWAY)","PACIFIC AVE.",70.00,W,N,B,-,Y,LA,,134," ",R,6.568,H,,L,N,3,0,1,2,A,-,03,22350,,N,C,C,A,A,H,-,A,D,0,,,,,Y,,A,08,0,1,0,0,0,0,0,0,0,"- ","- ",34.156318664550781,-118.26480865478516,"LOS ANGELES",GLENDALE,-118.26479339599609,34.156242370605469
94712922,2025,2025-06-04,9575,2025-05-28,2120,022469,,3,2,6,1925,0,1,3,,2,090,"SR-2 W/B (GLENDALE FREEWAY) TO SR-134 W/B (VENTURA","SINCLAIR AVENUE",160.00,W,N,A,-,Y,LA,,134," ",R,8.530,H,,L,N,4,0,1,2,A,-,06,21750,A,N,B,C,A,A,H,-,C,D,0,,,,,Y,,A,01,0,0,1,0,0,0,0,0,0,"- ","- ",34.150279998779297,-118.23306274414062,"LOS ANGELES",GLENDALE,-118.23322296142578,34.15008544921875
94712985,2025,2025-06-04,9575,2025-05-26,1530,024158,,1,2,6,1925,0,1,1,,2,062,"I-210 E/B (FOOTHILL FREEWAY)","LA CRESCENTA AVE",735.00,W,N,A,-,Y,LA,,210," ",R,17.230,H,,R,N,4,0,1,2,A,-,03,22350,,N,C,C,A,A,H,-,A,D,0,,,,Y,Y,,A,01,0,0,1,0,0,0,0,0,0,"- ","- ",34.219619750976562,-118.24224090576172,"LOS ANGELES",GLENDALE,-118.24224090576172,34.219623565673828
94721438,2025,2025-06-11,9575,2025-05-31,1620,024270,,6,2,6,1925,0,1,3,,2,042,"SR-134 E/B (VENTURA FREEWAY)","HARVEY DR.",2043.00,W,N,A,-,Y,LA,,134," ",R,8.439,H,,R,N,4,0,2,3,A,-,03,22350,,N,E,8,A,A,H,-,A,D,0,,,,,Y,,A,07,0,0,2,0,0,0,0,0,0,"- ","- ",34.150630950927734,-118.23468017578125,"LOS ANGELES",GLENDALE,-118.23456573486328,34.150749206542969
94721861,2025,2025-06-11,9575,2025-06-02,1050,020251,,1,1,6,1925,0,1,3,,2,042,"SR-134 W/B (VENTURA FREEWAY)","BRAND BLVD.",200.00,E,N,A,-,Y,LA,,134," ",R,7.242,H,,L,N,3,0,2,3,A,-,03,22350,,N,A,C,A,A,H,-,A,D,0,,,,,Y,,A,07,0,2,0,0,0,0,0,0,0,"- ","- ",34.156471252441406,-118.25306701660156,"LOS ANGELES",GLENDALE,-118.25306701660156,34.156463623046875
94723389,2025,2025-06-12,9575,2025-06-04,2310,022939,,3,3,6,1925,0,1,1,,2,050,"I-5 N/B FROM WESTERN AVENUE","WESTERN AVENUE",300.00,N,N,A,-,Y,LA,,5," "," ",27.917,H,,L,Y,4,0,1,2,A,-,03,22350,,N,C,C,A,A,H,-,C,A,0,,,,,Y,,A,01,0,0,1,0,0,0,0,0,0,"- ","- ",34.165031433105469,-118.29769134521484,"LOS ANGELES",GLENDALE,-118.29752349853516,34.165191650390625
94724654,2025,2025-06-13,9575,2025-06-05,"850 ",024267,,4,1,6,1925,0,1,3,,2,042,"SR-134 W/B (VENTURA FREEWAY)","CONCORD STREET",550.00,W,N,A,-,Y,LA,,134," ",R,6.078,H,,L,Y,4,0,1,3,A,-,03,22350,,N,C,C,A,A,H,-,A,D,0,,,,,Y,,A,01,0,0,1,0,0,0,0,0,0,"- ","- ",34.1544189453125,-118.27308654785156,"LOS ANGELES",GLENDALE,-118.27310943603516,34.154476165771484
94727948,2025,2025-06-16,9575,2025-06-06,1425,024136,,5,2,6,1925,0,1,3,,2,042,"SR-134 W/B (VENTURA FREEWAY) TO I-5","SAN FERNANDO RD",570.00,W,N,A,-,Y,,,,,,,,,,Y,4,0,1,3,A,-,03,22350,,M,C,2,A,A,H,-,A,D,0,,,,,Y,,A,01,0,0,1,0,0,0,0,0,0,"- ","- ",34.153648376464844,-118.27787017822266,"LOS ANGELES",GLENDALE,-118.27729034423828,34.153507232666016
94730003,2025,2025-06-18,9575,2025-06-12,"4   ",024356,,4,3,6,1925,0,1,S,,2,901,"SR-134 W/B (VENTURA FREEWAY) TO BRAND BOULEVARD","BRAND BOULEVARD",0.00,,Y,A,-,Y,,,,,,,,,,Y,4,0,1,2,A,-,12,21453,A,N,D,2,A,A,H,-,C,A,0,,,,,Y,Y,A,01,0,0,1,0,0,0,0,0,0,"- ","- ",34.156761169433594,-118.255126953125,"LOS ANGELES",GLENDALE,-118.25498962402344,34.156459808349609
94731721,2025,2025-06-19,9575,2025-06-11,1740,022503,,3,2,6,1925,0,1,1,,2,050,"I-5 S/B (GOLDEN STATE FREEWAY)","SONORA AVE",1245.00,S,N,A,-,Y,LA,,5," "," ",27.298,H,,L,N,4,0,2,2,A,-,03,22350,,N,C,C,A,A,H,-,A,D,0,,,,,Y,,A,08,0,0,2,0,0,0,0,0,0,"- ","- ",34.158031463623047,-118.29145050048828,"LOS ANGELES",GLENDALE,-118.29149627685547,34.158008575439453
94732495,2025,2025-06-19,9575,2025-06-15,1036,020846,,7,1,6,1925,0,1,1,,2,050,"INTERSTATE 5 S/B (GOLDEN STATE FREEWAY)","SONORA AVENUE",481.00,S,N,A,-,Y,LA,,5," "," ",27.445,H,,L,N,4,0,1,2,A,-,07,21658,A,N,B,2,A,A,H,-,A,D,0,,,,,Y,Y,A,01,0,0,1,0,0,0,0,0,0,"- ","- ",34.159908294677734,-118.29257202148438,"LOS ANGELES",GLENDALE,-118.29259490966797,34.159900665283203
94732668,2025,2025-06-19,9575,2025-06-07,1300,024163,,6,1,6,1925,0,1,1,,2,050,"I-5 N/B (GOLDEN STATE FREEWAY)","SONORA AVENUE",42.00,S,N,A,-,Y,LA,,5," "," ",27.526,H,,R,Y,4,0,4,3,A,-,08,22107,,N,C,2,A,A,H,-,A,D,0,,,,,Y,,A,01,0,0,4,0,0,0,0,0,0,"- ","- ",34.161079406738281,-118.29308319091797,"LOS ANGELES",GLENDALE,-118.29303741455078,34.161098480224609
94738922,2025,2025-06-25,9575,2025-06-24,1511,021538,,2,2,6,1925,0,1,1,,2,050,"I-5 S/B (GOLDEN STATE FREEWAY)","WESTERN AVE.",485.00,N,N,A,-,Y,LA,,5," "," ",27.953,H,,L,N,3,0,1,2,A,-,03,22350,,N,C,C,A,A,H,-,A,D,0,,,,,Y,,A,01,0,1,0,0,0,0,0,0,0,"- ","- ",34.165481567382812,-118.29804229736328,"LOS ANGELES",GLENDALE,-118.29798889160156,34.165531158447266
94740274,2025,2025-06-26,9575,2025-06-15,"455 ",024359,,7,3,6,1925,0,1,3,,2,042,"SR-134 E/B (VENTURA FREEWAY)","N GLENDALE AVE",126.00,W,N,A,-,Y,LA,,134," ",R,7.838,H,,R,Y,3,0,1,1,A,-,08,22107,,N,E,8,A,A,H,-,B,D,0,,,,,Y,,A,01,0,1,0,0,0,0,0,0,0,"- ","- ",34.155971527099609,-118.24276733398438,"LOS ANGELES",GLENDALE,-118.2427978515625,34.155910491943359
94741860,2025,2025-06-27,9575,2025-06-03,2325,022084,,2,3,6,1925,0,1,3,,2,042,"I-5 (GOLDEN STATE FREEWAY) FROM SR-134 (VENTURA FR","ZOO DR.",600.00,E,N,A,-,Y,LA,,134," ",R,5.805,H,,L,Y,4,0,3,2,A,-,07,21658,A,N,B,C,A,A,H,-,C,D,0,,,,,Y,,-,"- ",0,0,3,0,0,0,0,0,0,"- ","- ",34.153598785400391,-118.27784729003906,"LOS ANGELES",GLENDALE,-118.27777862548828,34.153385162353516
94744531,2025,2025-06-30,9575,2025-06-20,1700,024163,,5,2,6,1925,0,1,1,,2,050,"I-5 S/B (GOLDEN STATE FREEWAY)","SONORA AVENUE",735.00,S,N,A,-,Y,LA,,5," "," ",27.389,H,,L,Y,4,0,6,3,A,-,03,22350,,N,C,2,A,A,H,-,A,D,0,,,,,Y,,A,01,0,0,6,0,0,0,0,0,0,"- ","- ",34.159168243408203,-118.29219818115234,"LOS ANGELES",GLENDALE,-118.29217529296875,34.1591796875
94744854,2025,2025-06-30,9575,2025-06-22,1442,024270,,7,2,6,1925,0,1,3,,2,042,"SR-134 E/B (VENTURA FREEWAY)","PACIFIC AVE.",251.00,E,N,A,-,Y,LA,,134," ",R,6.640,H,,R,N,4,0,1,2,A,-,07,21658,A,N,B,C,A,A,H,-,A,D,0,,,,,Y,,A,01,0,0,1,0,0,0,0,0,0,"- ","- ",34.156150817871094,-118.26352691650391,"LOS ANGELES",GLENDALE,-118.26353454589844,34.156200408935547
94749793,2025,2025-07-07,9575,2025-06-29,2000,023236,,7,2,6,1925,0,1,3,,2,042,"SR-134 W/B (VENTURA FREEWAY)","GENEVA ST",133.00,E,N,A,-,Y,LA,,134," ",R,7.630,H,,L,Y,4,0,2,3,A,-,07,21658,A,N,B,2,A,A,H,-,B,D,0,,,,,Y,,-,"- ",0,0,2,0,0,0,0,0,0,"- ","- ",34.156501770019531,-118.24626922607422,"LOS ANGELES",GLENDALE,-118.24626922607422,34.156478881835938
94767295,2025,2025-07-17,9575,2025-07-16,"745 ",020536,,3,1,6,1925,0,1,3,,2,042,"SR-134 W/B (VENTURA FREEWAY)","NORTH COLUMBUS AVENUE PEDESTRIAN OVERCROSSING",175.00,E,N,B,-,Y,LA,,134," ",R,6.779,H,,L,N,4,0,1,4,A,-,03,22350,,N,C,C,A,A,H,-,A,D,0,,,,,Y,,A,01,0,0,1,0,0,0,0,0,0,"- ","- ",34.156509399414062,-118.26119232177734,"LOS ANGELES",GLENDALE,-118.26118469238281,34.156444549560547
94767962,2025,2025-07-18,9575,2025-07-09,"850 ",023227,,3,1,6,1925,0,1,3,,2,042,"SR-134 E/B (VENTURA FREEWAY)","SAN FERNANDO RD",20.00,E,N,A,-,Y,LA,,134," ",R,5.933,H,,R,Y,4,0,2,2,A,-,03,22350,,N,C,C,A,A,H,-,A,D,0,,,,,Y,,A,01,0,0,2,0,0,0,0,0,0,"- ","- ",34.153770446777344,-118.27546691894531,"LOS ANGELES",GLENDALE,-118.27545928955078,34.153736114501953
94773828,2025,2025-07-23,9575,2025-07-11,1143,020847,,5,1,6,1925,0,1,3,,2,042,"SR-134 E/B (VENTURA FREEWAY)","PACIFIC AVE.",930.00,W,N,A,-,Y,LA,,134," ",R,6.405,H,,R,N,4,0,1,2,A,-,03,22350,,N,C,C,A,A,H,-,A,D,0,,,,,Y,,A,07,0,0,1,0,0,0,0,0,0,"- ","- ",34.155479431152344,-118.26763916015625,"LOS ANGELES",GLENDALE,-118.26765441894531,34.155525207519531
94774816,2025,2025-07-23,9575,2025-07-19,1100,021775,,6,1,6,1925,0,1,3,,2,042,"SR-134 E/B (VENTURA FREEWAY)","CENTRAL AVE.",40.00,E,N,A,-,Y,LA,,134," ",R,6.975,H,,R,N,4,0,1,2,A,-,03,22350,,N,C,C,A,A,H,-,A,D,0,,,,,Y,,A,08,0,0,1,0,0,0,0,0,0,"- ","- ",34.156219482421875,-118.25775909423828,"LOS ANGELES",GLENDALE,-118.25775909423828,34.156269073486328
94774829,2025,2025-07-23,9575,2025-07-22,1620,021538,,2,2,6,1925,0,1,3,,2,042,"SR-134 E/B (VENTURA FREEWAY)","SINCLAIR AVE.",930.00,W,N,A,-,Y,LA,,134," ",R,8.401,H,,R,Y,3,0,1,3,A,-,03,22350,,N,C,C,A,A,H,-,A,D,0,,,,,Y,,A,07,0,1,0,0,0,0,0,0,0,"- ","- ",34.151069641113281,-118.23516082763672,"LOS ANGELES",GLENDALE,-118.23509979248047,34.151130676269531
94775937,2025,2025-07-24,9575,2025-05-27,2323,022946,,2,3,6,1925,0,1,3,,2,042,"SR-134 E/B (VENTURA FREEWAY)","SINCLAIR AVE",285.00,W,N,A,-,Y,LA,,134," ",R,8.540,H,,R,Y,2,0,2,3,A,-,01,23152,A,N,E,8,A,A,H,-,C,D,0,,,,,Y,Y,A,07,1,1,0,0,0,0,0,0,0,"- ","- ",34.149681091308594,-118.23316955566406,"LOS ANGELES",GLENDALE,-118.23308563232422,34.149772644042969
94781381,2025,2025-07-29,9575,2025-07-25,"824 ",023227,,5,1,6,1925,0,1,3,,2,042,"I-5 N/B FROM SR-134 W/B","LA RIVER",405.00,E,N,A,-,Y,LA,,134," ",R,5.813,H,,L,N,4,0,1,3,A,-,03,22350,,N,C,C,A,A,H,-,A,D,0,,,,,Y,,A,01,0,0,1,0,0,0,0,0,0,"- ","- ",34.153678894042969,-118.2777099609375,"LOS ANGELES",GLENDALE,-118.27762603759766,34.153419494628906
94782441,2025,2025-07-30,9575,2025-07-23,2140,021712,,3,2,6,1925,0,1,3,,2,090,"SR-2 E/B (GLENDALE FREEWAY)","STANCREST FRONTAGE RD",352.00,W,N,A,-,Y,LA,,2," ",R,22.516,H,,R,N,3,0,1,2,A,-,08,22107,,N,B,2,A,A,H,-,C,D,0,,,,,Y,,D,22,0,1,0,0,0,0,0,0,0,"- ","- ",34.198650360107422,-118.21965789794922,"LOS ANGELES",GLENDALE,-118.21961212158203,34.198642730712891
94782809,2025,2025-07-30,9575,2025-07-24,"855 ",022626,,4,1,6,1925,0,1,3,,2,042,"SR-134 W/B FROM FAIRMONT AVE.","FARIMONT AVE.",325.00,W,N,A,-,Y,,,,,,,,,,Y,4,0,2,2,A,-,03,22350,,N,C,C,A,A,H,-,A,A,0,,,,,Y,,A,07,0,0,2,0,0,0,0,0,0,"- ","- ",34.154541015625,-118.27416229248047,"LOS ANGELES",GLENDALE,,
94784089,2025,2025-07-31,9575,2025-07-22,1550,022336,,2,2,6,1925,0,1,3,,2,090,"SR-2 W/B (GLENDALE FREEWAY)","COLORADO BLVD.",30.00,E,N,A,-,Y,LA,,2," ",R,18.551,H,,L,Y,4,0,1,2,A,-,02,22400,A,N,C,C,A,A,H,-,A,D,0,,,,Y,Y,,A,08,0,0,1,0,0,0,0,0,0,"- ","- ",34.143001556396484,-118.22752380371094,"LOS ANGELES",GLENDALE,-118.22751617431641,34.142997741699219
94789841,2025,2025-08-05,9575,2025-07-26,1030,021775,,6,1,6,1925,0,1,3,,2,042,"SR-134 E/B (VENTURA FREEWAY)","GENEVA ST.",115.00,E,N,A,-,Y,LA,,134," ",R,7.628,H,,R,Y,3,0,1,3,A,-,03,22350,,N,C,C,A,A,H,-,A,D,0,,,,,Y,,D,22,0,1,0,0,0,0,0,0,0,"- ","- ",34.156238555908203,-118.246337890625,"LOS ANGELES",GLENDALE,-118.246337890625,34.156295776367188
94794844,2025,2025-08-08,9575,2025-07-29,1553,021879,,2,2,6,1925,0,1,1,,2,050,"I-5 S/B (GOLDEN STATE FREEWAY)","WESTERN AVE.",150.00,S,N,A,-,Y,LA,,5," "," ",27.890,H,,L,Y,4,0,1,3,A,-,03,22350,,N,C,C,A,A,H,-,A,D,0,,,,,Y,,A,01,0,0,1,0,0,0,0,0,0,"- ","- ",34.164890289306641,-118.29721832275391,"LOS ANGELES",GLENDALE,-118.29717254638672,34.164939880371094
94798021,2025,2025-08-11,9575,2025-08-04,1225,021775,,1,1,6,1925,0,1,3,,2,090,"SR-2 W/B (GLENDALE FREEWAY)","STANCREST DR.",2310.00,W,N,A,-,Y,LA,,2," ",R,22.239,H,,L,N,4,0,1,2,A,-,08,22107,,N,B,C,A,A,H,-,A,D,0,,,,,Y,,A,01,0,0,1,0,0,0,0,0,0,"- ","- ",34.194740295410156,-118.22044372558594,"LOS ANGELES",GLENDALE,-118.220458984375,34.194740295410156
94800805,2025,2025-08-13,9575,2025-08-04,1047,020702,,1,1,6,1925,0,1,1,,2,062,"I-210 E/B (FOOTHILL FREEWAY)","PENNSYLVANIA AVE.",500.00,E,N,A,-,Y,LA,,210," ",R,16.896,H,,R,N,4,0,1,2,A,-,07,21658,A,N,B,C,A,A,H,-,A,D,0,,,,Y,Y,,F,25,0,0,1,0,0,0,0,0,0,"- ","- ",34.222118377685547,-118.24722290039062,"LOS ANGELES",GLENDALE,-118.24718475341797,34.22216796875
94802343,2025,2025-09-08,9575,2025-07-30,2300,024142,,3,3,6,1925,0,1,3,,2,090,"SR-2 E/B (GLENDALE FREEWAY)","MOUNTAIN ST.",1830.00,E,N,A,-,Y,LA,,2," ",R,20.407,H,,R,Y,4,0,2,2,A,-,03,22350,,N,C,2,A,A,H,-,C,D,0,,,,,Y,,A,07,0,0,2,0,0,0,0,0,0,"- ","- ",34.169219970703125,-118.22325134277344,"LOS ANGELES",GLENDALE,-118.22320556640625,34.169212341308594
94802654,2025,2025-08-14,9575,2025-08-03,"122 ",024270,,7,3,6,1925,0,1,3,,2,043,"I-5 N/B (GOLDEN STATE FREEWAY)","THE LOS ANGELES RIVER",250.00,N,N,A,-,Y,LA,,5," "," ",27.220,H,,R,N,4,0,1,2,A,-,03,22350,,N,C,C,A,A,H,-,C,D,0,,,,,Y,,D,22,0,0,1,0,0,0,0,0,0,"- ","- ",34.157009124755859,-118.29064178466797,"LOS ANGELES",GLENDALE,-118.29058074951172,34.157039642333984
94808671,2025,2025-08-19,9575,2025-07-05,2151,024266,,6,2,6,1925,0,1,3,,2,042,"SR-134 W/B (VENTURA FREEWAY) TO I-5 NB","SAN FERNANDO RD",138.00,W,N,A,-,Y,LA,,134," ",R,5.901,H,,L,N,4,0,1,2,A,-,07,21658,A,M,B,C,A,A,H,-,C,D,0,,,,,Y,,-,99,0,0,1,0,0,0,0,0,0,"- ","- ",34.153968811035156,-118.27613067626953,"LOS ANGELES",GLENDALE,-118.27606964111328,34.153781890869141
94809303,2025,2025-08-19,9575,2025-08-10,1921,024136,,7,2,6,1925,0,1,1,,2,050,"I-5 N/B (GOLDEN STATE FREEWAY)","SONORA AVE",100.00,N,N,A,-,Y,LA,,5," "," ",27.569,H,,R,N,4,0,2,4,A,-,08,22107,,N,B,2,A,A,H,-,B,D,0,,,,,Y,,A,07,0,0,2,0,0,0,0,0,0,"- ","- ",34.161640167236328,-118.29342651367188,"LOS ANGELES",GLENDALE,-118.29338073730469,34.161663055419922
94815055,2025,2025-08-25,9575,2025-08-15,1520,022629,,5,2,6,1925,0,1,3,,2,042,"SR-134 E/B (VENTURA FREEWAY)","PACIFIC AVENUE",2640.00,W,N,A,-,Y,LA,,134," ",R,6.097,H,,R,N,4,0,1,2,A,-,03,22350,,N,C,C,A,A,H,-,A,D,0,,,,,Y,,A,01,0,0,1,0,0,0,0,0,0,"- ","- ",34.154399871826172,-118.27277374267578,"LOS ANGELES",GLENDALE,-118.27275085449219,34.154354095458984
94816886,2025,2025-08-25,9575,2025-08-14,1600,022336,,4,2,6,1925,0,1,3,,2,042,"SR-134 W/B (VENTURA FREEWAY)","CONCORD ST.",195.00,W,N,A,-,Y,LA,,134," ",R,6.151,H,,L,Y,4,0,1,2,A,-,03,22350,,N,C,C,A,A,H,-,A,D,0,,,,,Y,,D,22,0,0,1,0,0,0,0,0,0,"- ","- ",34.154811859130859,-118.27191925048828,"LOS ANGELES",GLENDALE,-118.27189636230469,34.154739379882812
94817150,2025,2025-08-25,9575,2025-08-16,1505,024356,,6,2,6,1925,0,1,1,,2,050,"I-5 S/B (GOLDEN STATE FREEWAY)","WESTERN AVE.",310.00,N,N,A,-,Y,LA,,5," "," ",27.918,H,,L,N,4,0,1,2,A,-,03,22350,,N,C,C,A,A,H,-,A,D,0,,,,,Y,,A,07,0,0,1,0,0,0,0,0,0,"- ","- ",34.1651611328125,-118.29759216308594,"LOS ANGELES",GLENDALE,-118.29753875732422,34.165206909179688
94821657,2025,2025-08-28,9575,2025-08-03,"123 ",024266,,7,3,6,1925,0,1,1,,2,050,"I-5 N/B (GOLDEN STATE FREEWAY)","THE LOS ANGELES RIVER",559.00,N,N,A,-,Y,LA,,5," "," ",27.256,H,,R,Y,4,0,1,2,A,-,07,21658,A,M,B,2,A,A,H,-,C,D,0,,,,,Y,,-,99,0,0,1,0,0,0,0,0,0,"- ","- ",34.15753173828125,-118.29087066650391,"LOS ANGELES",GLENDALE,-118.29090881347656,34.157512664794922
94830710,2025,2025-09-04,9575,2025-08-26,1815,024621,,2,2,6,1925,0,1,3,,2,042,"SR-134 E/B (VENTURA FREEWAY)","CONCORD STREET",485.00,E,N,A,-,Y,LA,,134," ",R,6.286,H,,R,N,3,0,1,2,A,-,03,22350,,N,C,C,A,A,H,-,A,D,0,,,,,Y,,A,07,0,1,0,0,0,0,0,0,0,"- ","- ",34.155048370361328,-118.26954650878906,"LOS ANGELES",GLENDALE,-118.26956176757812,34.15509033203125
94832366,2025,2025-09-05,9575,2025-06-29,1530,024136,,7,2,6,1925,0,1,3,,2,090,"SR-2 W/B (GLENDALE FREEWAY)","MOUNTAIN STREET",1800.00,W,N,A,-,Y,LA,,2," ",R,19.696,H,,L,Y,4,0,1,2,A,-,03,22350,,F,E,9,A,A,H,-,A,D,0,,,,,Y,,A,01,0,0,1,0,0,0,0,0,0,"- ","- ",34.159141540527344,-118.22557830810547,"LOS ANGELES",GLENDALE,-118.22544097900391,34.159164428710938
94836917,2025,2025-09-09,9575,2025-08-28,2225,024266,,4,3,6,1925,0,1,3,,2,042,"SR-134 E/B (VENTURA FREEWAY)","GENEVA ST",86.00,E,N,A,-,Y,LA,,134," ",R,7.618,H,,R,N,4,0,1,3,A,-,03,22350,,M,B,C,A,A,H,-,C,D,0,,,,,Y,,-,99,0,0,1,0,0,0,0,0,0,"- ","- ",34.156261444091797,-118.24649810791016,"LOS ANGELES",GLENDALE,-118.24649810791016,34.156291961669922
94838003,2025,2025-09-09,9575,2025-09-02,2333,022946,,2,3,6,1925,0,1,1,,2,050,"I-5 S/B (GOLDEN STATE FREEWAY) TO WESTERN AVE W/B","WESTERN AVE",400.00,N,N,A,-,Y,,,,,,,,,,Y,4,0,2,2,A,-,03,22350,,N,C,C,A,A,H,-,D,D,0,,,,,Y,,A,01,0,0,2,0,0,0,0,0,0,"- ","- ",34.164821624755859,-118.29827117919922,"LOS ANGELES",GLENDALE,-118.29767608642578,34.165313720703125
94838538,2025,2025-09-10,9575,2025-09-03,"934 ",020536,,3,1,6,1925,0,1,3,,2,042,"SR-134 W/B (VENTURA FREEWAY)","VERDUGO ROAD",661.00,W,N,A,-,Y,LA,,134," ",R,8.109,H,,L,N,3,0,1,2,A,-,03,22350,,N,C,C,A,A,H,-,A,D,0,,,,,Y,,A,01,0,1,0,0,0,0,0,0,0,"- ","- ",34.154048919677734,-118.2386474609375,"LOS ANGELES",GLENDALE,-118.23865509033203,34.154045104980469
94838584,2025,2025-09-10,9575,2025-09-04,1109,020536,,4,1,6,1925,0,1,3,,2,042,"SR-134 W/B (VENTURA FREEWAY)","SINCLAIR AVENUE",544.00,W,N,A,-,Y,LA,,134," ",R,8.464,H,,L,N,4,0,1,2,A,-,07,21658,A,N,B,C,A,A,H,-,A,D,0,,,,,Y,,A,08,0,0,1,0,0,0,0,0,0,"- ","- ",34.150680541992188,-118.23403930664062,"LOS ANGELES",GLENDALE,-118.23408508300781,34.150634765625
94838761,2025,2025-09-10,9575,2025-08-30,"538 ",020536,,6,3,6,1925,0,1,3,,2,042,"SR-134 W/B (VENTURA FREEWAY)","SAN FERNANDO ROAD",573.00,W,N,A,-,Y,LA,,134," ",R,5.827,H,,L,Y,2,0,3,2,A,-,03,22350,,N,C,2,A,A,H,-,B,D,0,,,,,Y,,A,01,1,1,1,0,0,0,0,0,0,"- ","- ",34.153499603271484,-118.27738952636719,"LOS ANGELES",GLENDALE,-118.27738189697266,34.153476715087891
94839724,2025,2025-09-10,9575,2025-09-05,2110,024356,,5,2,6,1925,0,1,1,,2,062,"I-210 E/B (FOOTHILL FREEWAY) TO PENNSYLVANIA AVE.","PENNSYLVANIA AVE.",295.00,W,N,A,-,Y,,,,,,,,,,N,4,0,2,2,A,-,07,21658,A,N,B,2,A,A,H,-,C,D,0,,,,,Y,,A,07,0,0,2,0,0,0,0,0,0,"- ","- ",34.223079681396484,-118.24970245361328,"LOS ANGELES",GLENDALE,-118.24951171875,34.223461151123047
94840367,2025,2025-09-11,9575,2025-09-09,2251,021712,,2,3,6,1925,0,1,1,,2,062,"I-210 E/B (FOOTHILL FREEWAY) FROM LOWELL AVE","HONOLULU AVE",131.00,W,N,A,-,Y,,,,,,,,,,N,3,0,1,2,A,-,03,22350,,F,C,C,A,A,H,-,C,D,0,,,,,Y,,-,99,0,1,0,0,0,0,0,0,0,"- ","- ",34.230251312255859,-118.26434326171875,"LOS ANGELES",GLENDALE,-118.26424407958984,34.230636596679688
94840441,2025,2025-09-11,9575,2025-09-02,2020,024660,,2,2,6,1925,0,1,1,,2,050,"I-5 N/B (GOLDEN STATE FREEWAY)","WESTERN AVENUE",515.00,S,N,A,-,Y,LA,,5," "," ",27.740,H,,R,Y,4,0,1,2,A,-,03,22350,,F,C,2,A,A,H,-,C,D,0,,,,,Y,,-,99,0,0,1,0,0,0,0,0,0,"- ","- ",34.163711547851562,-118.29505157470703,"LOS ANGELES",GLENDALE,-118.29510498046875,34.163661956787109
94850013,2025,2025-09-18,9575,2025-09-09,1008,020536,,2,1,6,1925,0,1,3,,2,042,"SR-134 W/B (VENTURA FREEWAY)","BRAND BOULEVARD",207.00,E,N,A,-,Y,LA,,134," ",R,7.178,H,,L,N,4,0,1,4,A,-,03,22350,,N,C,C,A,A,H,-,A,D,0,,,,,Y,,-,"- ",0,0,1,0,0,0,0,0,0,"- ","- ",34.156429290771484,-118.25418853759766,"LOS ANGELES",GLENDALE,-118.25418853759766,34.156444549560547
94850352,2025,2025-09-18,9575,2025-09-08,"810 ",024621,,1,1,6,1925,0,1,3,,2,042,"SR-134 W/B (VENTURA FREEWAY)","CENTRAL AVE.",300.00,W,N,A,-,Y,LA,,134," ",R,6.886,H,,L,N,3,0,1,2,A,-,03,22350,,N,C,C,A,A,H,-,A,D,0,,,,,Y,,A,01,0,1,0,0,0,0,0,0,0,"- ","- ",34.156539916992188,-118.25932312011719,"LOS ANGELES",GLENDALE,-118.25932312011719,34.156448364257812
94850360,2025,2025-09-18,9575,2025-09-11,"903 ",020536,,4,1,6,1925,0,1,3,,2,042,"SR-134 W/B (VENTURA FREEWAY)","PACIFIC AVENUE",630.00,E,N,A,-,Y,LA,,134," ",R,6.718,H,,L,N,3,0,1,2,A,-,03,22350,,N,C,C,A,A,H,-,A,D,0,,,,,Y,,A,07,0,1,0,0,0,0,0,0,0,"- ","- ",34.156501770019531,-118.26222229003906,"LOS ANGELES",GLENDALE,-118.26221466064453,34.156425476074219
94851739,2025,2025-09-19,9575,2025-09-04,"625 ",020251,,4,1,6,1925,0,1,1,,2,050,"I-5 S/B (GOLDEN STATE FREEWAY)","WESTERN AVE.",600.00,N,N,A,-,Y,LA,,5," "," ",28.059,H,,L,N,3,0,1,2,A,-,08,22107,,N,B,C,A,A,H,-,A,D,0,,,Y,,Y,,A,08,0,1,0,0,0,0,0,0,1,"- ","- ",34.166591644287109,-118.29927825927734,"LOS ANGELES",GLENDALE,-118.29934692382812,34.166526794433594
94852881,2025,2025-10-27,9575,2025-09-11,1058,020536,,4,1,6,1925,0,1,3,,2,042,"SR-134 W/B (VENTURA FREEWAY)","PACIFIC AVENUE",220.00,E,N,A,-,Y,LA,,134," ",R,6.637,H,,L,N,3,0,1,2,A,-,07,21658,A,N,C,C,A,A,H,-,A,D,0,,,,,Y,,A,07,0,1,0,0,0,0,0,0,0,"- ","- ",34.156421661376953,-118.26357269287109,"LOS ANGELES",GLENDALE,-118.26356506347656,34.156375885009766
94856230,2025,2025-09-23,9575,2025-09-07,1100,024642,,7,1,6,1925,0,1,3,,2,042,"SR-134 W/B (VENTURA FREEWAY)","SAN FERNANDO RD",1274.00,E,N,A,-,Y,LA,,134," ",R,6.182,H,,L,N,4,0,2,2,A,-,07,21658,A,N,B,2,A,A,H,-,A,D,0,,,,,Y,,D,22,0,0,2,0,0,0,0,0,0,"- ","- ",34.154949188232422,-118.27140808105469,"LOS ANGELES",GLENDALE,-118.27137756347656,34.154857635498047
94861317,2025,2025-09-26,9575,2025-09-16,"836 ",020536,,2,1,6,1925,0,1,3,,2,042,"SR-134 W/B (VENTURA FREEWAY)","VERDUGO ROAD",239.00,W,N,A,-,Y,LA,,134," ",R,8.187,H,,L,N,3,0,1,2,A,-,03,22350,,N,C,C,A,A,H,-,A,D,0,,,,,Y,,A,08,0,1,0,0,0,0,0,0,0,"- ","- ",34.1533203125,-118.23760986328125,"LOS ANGELES",GLENDALE,-118.23765563964844,34.153282165527344
94863366,2025,2025-09-29,9575,2025-09-20,1530,024136,,6,2,6,1925,0,1,3,,2,042,"SR-134 W/B (VENTURA FREEWAY)","JACKSON STREET",100.00,E,N,A,-,Y,LA,,134," ",R,7.428,H,,L,N,4,0,1,4,A,-,03,22350,,N,C,2,A,A,H,-,A,D,0,,,,,Y,,A,07,0,0,1,0,0,0,0,0,0,"- ","- ",34.156528472900391,-118.24981689453125,"LOS ANGELES",GLENDALE,-118.24981689453125,34.156459808349609
94864386,2025,2025-09-29,9575,2025-09-19,1127,023016,,5,1,6,1925,0,1,1,,2,050,"I-5 S/B (GOLDEN STATE FREEWAY)","SONORA AVE",150.00,N,N,A,-,Y,LA,,5," "," ",27.582,H,,L,N,4,0,1,2,A,-,08,22107,,N,B,C,A,A,H,-,A,D,0,,,,,Y,,A,07,0,0,1,0,0,0,0,0,0,"- ","- ",34.16162109375,-118.29371643066406,"LOS ANGELES",GLENDALE,-118.29363250732422,34.161655426025391
94864755,2025,2025-09-29,9575,2025-09-23,1200,021775,,2,1,6,1925,0,1,3,,2,042,"SR-134 W/B (VENTURA FREEWAY)","CENTRAL AVENUE",835.00,W,N,A,-,Y,LA,,134," ",R,6.800,H,,L,N,4,0,1,2,A,-,03,22350,,N,C,C,A,A,H,-,A,D,0,,,,,Y,,A,01,0,0,1,0,0,0,0,0,0,"- ","- ",34.156501770019531,-118.26081085205078,"LOS ANGELES",GLENDALE,-118.26081085205078,34.156448364257812
94866090,2025,2025-09-30,9575,2025-09-16,"805 ",021775,,2,1,6,1925,0,1,1,,2,062,"I-210 E/B (FOOTHILL FREEWAY)","PENNSYLVANIA AVE.",300.00,W,N,A,-,Y,LA,,210," ",R,16.704,H,,R,Y,4,0,1,3,A,-,03,22350,,N,C,C,A,A,H,-,A,D,0,,,,Y,Y,,F,25,0,0,1,0,0,0,0,0,0,"- ","- ",34.223720550537109,-118.24996948242188,"LOS ANGELES",GLENDALE,-118.24995422363281,34.223735809326172
94868109,2025,2025-10-01,9575,2025-09-24,"826 ",020536,,3,1,6,1925,0,1,3,,2,042,"SR-134 E/B (VENTURA FREEWAY)","SINCLAIR AVENUE",154.00,W,N,A,-,Y,LA,,134," ",R,8.551,H,,R,Y,3,0,1,2,A,-,03,22350,,N,C,C,A,A,H,-,A,D,0,,,,,Y,,A,01,0,1,0,0,0,0,0,0,0,"- ","- ",34.149639129638672,-118.23296356201172,"LOS ANGELES",GLENDALE,-118.23293304443359,34.149673461914062
94870203,2025,2025-10-02,9575,2025-09-25,1520,024642,,4,2,6,1925,0,1,1,,2,062,"I-210 E/B (FOOTHILL FREEWAY)","PENNSYLVANIA AVE",1256.00,W,N,A,-,Y,LA,,210," ",R,16.541,H,,R,Y,3,0,1,2,A,-,03,22350,,N,C,C,A,A,H,-,A,D,0,,,,,Y,,A,07,0,1,0,0,0,0,0,0,0,"- ","- ",34.225120544433594,-118.25225830078125,"LOS ANGELES",GLENDALE,-118.25224304199219,34.225143432617188
94882860,2025,2025-10-13,9575,2025-09-26,1420,022336,,5,2,6,1925,0,1,3,,2,042,"SR-134 E/B (VENTURA FREEWAY)","WEST ROAD EDGE OF GENEVA ST.",30.00,E,N,A,-,Y,LA,,134," ",R,7.600,H,,R,Y,3,0,1,2,A,-,01,23152,A,N,C,C,A,A,H,-,A,D,0,,,,,Y,Y,A,01,0,1,0,0,0,0,0,0,0,"- ","- ",34.156238555908203,-118.24681854248047,"LOS ANGELES",GLENDALE,-118.24681854248047,34.156291961669922
94883923,2025,2025-10-13,9575,2025-10-01,1900,022629,,3,2,6,1925,0,1,1,,2,050,"I-5 S/B (GOLDEN STATE FREEWAY)","WESTERN AVENUE",82.00,S,N,A,-,Y,LA,,5," "," ",27.823,H,,L,N,4,0,1,3,A,-,03,22350,,N,C,C,A,A,H,-,C,D,0,,,,,Y,,A,01,0,0,1,0,0,0,0,0,0,"- ","- ",34.164340972900391,-118.29627990722656,"LOS ANGELES",GLENDALE,-118.29631042480469,34.164314270019531
94884572,2025,2025-10-13,9575,2025-10-01,1725,024621,,3,2,6,1925,0,1,3,,2,042,"SR-134 W/B (VENTURA FREEWAY)","SAN FERNANDO RD.",660.00,E,N,A,-,Y,LA,,134," ",R,6.132,H,,L,N,4,0,1,3,A,-,03,22350,,N,C,C,A,A,H,-,A,D,0,,,,,Y,,A,07,0,0,1,0,0,0,0,0,0,"- ","- ",34.154640197753906,-118.27220153808594,"LOS ANGELES",GLENDALE,-118.27220916748047,34.154670715332031
94886473,2025,2025-10-14,9575,2025-10-06,1507,024621,,1,2,6,1925,0,1,3,,2,042,"SR-134 W/B (VENTURA FREEWAY)","GLENDALE AVE",1600.00,E,N,A,-,Y,LA,,134," ",R,8.185,H,,L,N,4,0,1,2,A,-,07,21658,A,N,B,2,A,A,H,-,A,D,0,,,,Y,Y,,A,01,0,0,1,0,0,0,0,0,0,"- ","- ",34.153350830078125,-118.23761749267578,"LOS ANGELES",GLENDALE,-118.23767852783203,34.153297424316406
94889252,2025,2025-10-16,9575,2025-10-07,"557 ",020702,,2,3,6,1925,0,1,3,,2,042,"SR-134 W/B (VENTURA FREEWAY)","PACIFIC AVE.",25.00,W,N,A,-,Y,LA,,134," ",R,6.568,H,,L,N,4,0,1,2,A,-,07,21658,A,M,B,C,A,A,H,-,C,D,0,,,Y,,Y,,A,07,0,0,1,0,0,0,0,0,1,"- ","- ",34.156238555908203,-118.26477813720703,"LOS ANGELES",GLENDALE,-118.26477813720703,34.156246185302734
94890146,2025,2025-10-16,9575,2025-10-06,1523,023071,,1,2,6,1925,0,1,3,,2,042,"SR-134 W/B (VENTURA FREEWAY)","GLENDALE AVE.",1290.00,E,N,A,-,Y,LA,,134," ",R,8.122,H,,L,N,4,0,1,2,A,-,04,21703,,N,C,C,A,A,H,-,A,D,0,,,,,Y,,N,60,0,0,1,0,0,0,0,0,0,"- ","- ",34.153949737548828,-118.23844909667969,"LOS ANGELES",GLENDALE,-118.23848724365234,34.153915405273438
94890212,2025,2025-10-17,9575,2025-10-08,1900,024621,,3,2,6,1925,0,1,3,,2,042,"SR-134 W/B (VENTURA FREEWAY)","BRAND BLVD.",70.00,E,N,A,-,Y,LA,,134," ",R,7.150,H,,L,N,4,0,1,2,A,-,03,22350,,N,C,C,A,A,H,-,B,D,0,,,,,Y,,A,01,0,0,1,0,0,0,0,0,0,"- ","- ",34.156520843505859,-118.25466918945312,"LOS ANGELES",GLENDALE,-118.25466918945312,34.156436920166016
94890959,2025,2025-10-17,9575,2025-10-07,2140,022651,,2,2,6,1925,0,1,3,,2,042,"SR-134 E/B (VENTURA FREEWAY)","GENEVA ST.",426.00,W,N,A,-,Y,LA,,134," ",R,7.514,H,,R,Y,4,0,4,3,A,-,07,21658,A,N,B,C,A,A,H,-,C,D,0,,,,,Y,,A,01,0,0,4,0,0,0,0,0,0,"- ","- ",34.156288146972656,-118.24832153320312,"LOS ANGELES",GLENDALE,-118.24832153320312,34.156284332275391
94895753,2025,2025-10-21,9575,2025-10-09,1150,022503,,4,1,6,1925,0,1,1,,2,050,"I-5 N/B (GOLDEN STATE FREEWAY)","SONORA AVE",227.00,N,N,A,-,Y,LA,,5," "," ",27.598,H,,R,Y,4,0,3,3,A,-,08,22107,,N,B,2,A,A,H,-,A,D,0,,,,,Y,,A,01,0,0,3,0,0,0,0,0,0,"- ","- ",34.16204833984375,-118.29357147216797,"LOS ANGELES",GLENDALE,-118.29362487792969,34.162025451660156
94898484,2025,2025-10-23,9575,2025-10-16,"800 ",023016,,4,1,6,1925,0,1,1,,2,050,"I-5 S/B (GOLDEN STATE FREEWAY)","WESTERN AVE",145.00,S,N,A,-,Y,LA,,5," "," ",27.812,H,,L,N,4,0,1,3,A,-,03,22350,,N,C,2,A,A,H,-,A,D,0,,,,,Y,,D,22,0,0,1,0,0,0,0,0,0,"- ","- ",34.164108276367188,-118.29627227783203,"LOS ANGELES",GLENDALE,-118.29616546630859,34.164207458496094
94899316,2025,2025-10-23,9575,2025-10-17,1709,021538,,5,2,6,1925,0,1,3,,2,042,"SR-134 W/B (VENTURA FREEWAY)","SAN FERNANDO  RD.",950.00,E,N,A,-,Y,LA,,134," ",R,6.134,H,,L,Y,3,0,1,2,A,-,03,22350,,N,C,2,A,A,H,-,A,D,0,,,,,Y,,A,07,0,1,0,0,0,0,0,0,0,"- ","- ",34.154621124267578,-118.27217102050781,"LOS ANGELES",GLENDALE,-118.27218627929688,34.154674530029297
94899975,2025,2025-11-13,9575,2025-10-20,1840,021538,,1,2,6,1925,0,1,3,,2,042,"SR-134 W/B (VENTURA FREEWAY)","LOS ANGELES RIVER",790.00,E,N,A,-,Y,LA,,134," ",R,5.880,H,,L,Y,3,0,2,2,A,-,03,22350,,N,C,C,A,A,H,-,C,D,0,,,,,Y,,A,01,0,2,0,0,0,0,0,0,0,"- ","- ",34.153888702392578,-118.27651214599609,"LOS ANGELES",GLENDALE,-118.27644348144531,34.153694152832031
94900950,2025,2025-10-24,9575,2025-10-23,"41  ",024163,,4,3,6,1925,0,1,3,,2,090,"SR-2 W/B (GLENDALE FREEWAY)","GLENOAKS BOULEVARD",634.00,E,N,A,-,Y,LA,,2," ",R,19.331,H,,L,Y,4,0,1,1,A,-,08,22107,,N,E,I,A,A,H,-,C,D,0,,,,,Y,,A,01,0,0,1,0,0,0,0,0,0,"- ","- ",34.154018402099609,-118.22445678710938,"LOS ANGELES",GLENDALE,-118.22434234619141,34.154010772705078
94902415,2025,2025-10-27,9575,2025-10-24,1640,021538,,5,2,6,1925,0,1,3,,2,090,"SR-2 E/B (GLENDALE FREEWAY)","FERN LANE",1800.00,S,N,A,-,Y,LA,,2," ",R,21.267,H,,R,Y,3,0,1,1,A,-,03,22350,,N,E,I,A,A,H,-,A,D,0,,,,,Y,,A,01,0,1,0,0,0,0,0,0,0,"- ","- ",34.181159973144531,-118.21894836425781,"LOS ANGELES",GLENDALE,-118.21907043457031,34.181205749511719
94907006,2025,2025-10-29,9575,2025-10-22,1033,021775,,3,1,6,1925,0,1,3,,2,042,"SR-134 E/B (VENTURA FREEWAY)","CENTRAL AVE.",966.00,W,N,A,-,Y,LA,,134," ",R,6.765,H,,R,N,3,0,3,2,A,-,07,21658,A,N,C,C,A,A,H,-,A,D,0,,,,,Y,,A,01,0,1,2,0,0,0,0,0,0,"- ","- ",34.156101226806641,-118.26139831542969,"LOS ANGELES",GLENDALE,-118.26140594482422,34.156257629394531
94913605,2025,2025-11-06,9575,2025-10-23,1615,022336,,4,2,6,1925,0,1,3,,2,042,"SR-134 W/B (VENTURA FREEWAY) TO BRAND BLVD.","BRAND BLVD.",790.00,E,N,A,-,Y,LA,,134," ",R,7.273,H,,L,Y,3,0,2,4,A,-,03,22350,,N,C,C,A,A,H,-,A,D,0,,,,,Y,,A,07,0,1,1,0,0,0,0,0,0,"- ","- ",34.156600952148438,-118.25253295898438,"LOS ANGELES",GLENDALE,-118.25253295898438,34.156463623046875
94916769,2025,2025-11-07,9575,2025-11-03,1336,021538,,1,1,6,1925,0,1,3,,2,042,"SR-134 W/B (VENTURA FREEWAY)","CONCORD ST.",260.00,W,N,A,-,Y,LA,,134," ",R,6.130,H,,L,Y,3,0,1,2,A,-,03,22350,,N,C,A,A,A,H,-,A,D,0,,,,,Y,,D,22,0,1,0,0,0,0,0,0,0,"- ","- ",34.154598236083984,-118.27223205566406,"LOS ANGELES",GLENDALE,-118.27224731445312,34.1546630859375
94925064,2025,2025-11-12,9575,2025-11-10,1800,023029,,1,2,6,1925,0,1,3,,2,042,"SR-134 E/B (VENTURA FREEWAY) FROM PACIFIC AVENUE","PACIFIC AVENUE",13.00,E,N,A,-,Y,,,,,,,,,,N,2,0,1,2,A,-,11,21950,B,N,G,B,B,A,H,-,C,A,0,Y,,,,Y,,N,60,1,0,0,0,1,0,0,0,0,"- ","- ",34.155830383300781,-118.26441955566406,"LOS ANGELES",GLENDALE,-118.26443481445312,34.156135559082031
94927497,2025,2025-11-13,9575,2025-11-05,1721,022336,,3,2,6,1925,0,1,3,,2,042,"SR-134 W/B (VENTURA FREEWAY)","SAN FERNANDO RD.",2250.00,E,N,A,-,Y,LA,,134," ",R,6.354,H,,L,N,4,0,1,2,A,-,03,22350,,N,C,C,A,A,H,-,D,D,0,,,,,Y,,A,01,0,0,1,0,0,0,0,0,0,"- ","- ",34.155601501464844,-118.26847839355469,"LOS ANGELES",GLENDALE,-118.26847076416016,34.155555725097656
94930951,2025,2025-11-14,9575,2025-11-05,1720,022336,,3,2,6,1925,0,1,3,,2,042,"SR-134 W/B (VENTURA FREEWAY)","SAN FERNANDO RD.",2200.00,E,N,A,-,Y,LA,,134," ",R,6.346,H,,L,N,4,0,1,2,A,-,03,22350,,N,C,C,A,A,H,-,D,D,0,,,,,Y,,A,01,0,0,1,0,0,0,0,0,0,"- ","- ",34.155570983886719,-118.26860809326172,"LOS ANGELES",GLENDALE,-118.26859283447266,34.155521392822266
94932644,2025,2025-11-17,9575,2025-11-13,1540,021879,,4,2,6,1925,0,1,3,,2,042,"SR-134 W/B (VENTURA FREEWAY)","PACIFIC AVE.",1100.00,E,N,B,-,Y,LA,,134," ",R,6.811,H,,L,Y,4,0,1,2,A,-,03,22350,,N,C,C,A,A,H,-,A,D,0,,,,Y,Y,,A,01,0,0,1,0,0,0,0,0,0,"- ","- ",34.156509399414062,-118.2606201171875,"LOS ANGELES",GLENDALE,-118.2606201171875,34.156448364257812
94933472,2025,2025-11-17,9575,2025-11-04,1840,024805,,2,2,6,1925,0,1,3,,2,042,"SR-134 W/B (VENTURA FREEWAY)","CONCORD STREET",200.00,E,N,A,-,Y,LA,,134," ",R,6.272,H,,L,Y,4,0,1,2,A,-,03,22350,,N,C,2,A,A,H,-,C,D,0,,,,,Y,,A,07,0,0,1,0,0,0,0,0,0,"- ","- ",34.155300140380859,-118.26982116699219,"LOS ANGELES",GLENDALE,-118.26979064941406,34.155220031738281
94933968,2025,2025-11-17,9575,2025-11-06,"921 ",021775,,4,1,6,1925,0,1,3,,2,042,"SR-134 W/B (VENTURA FREEWAY)","CONCORD ST.",750.00,E,N,A,-,Y,LA,,134," ",R,6.351,H,,L,N,4,0,1,2,A,-,08,22107,,N,B,C,A,A,H,-,A,D,0,,,,,Y,,D,22,0,0,1,0,0,0,0,0,0,"- ","- ",34.155529022216797,-118.26850891113281,"LOS ANGELES",GLENDALE,-118.26851654052734,34.155544281005859
94936384,2025,2025-11-18,9575,2025-11-06,"930 ",024793,,4,1,6,1925,0,1,3,,2,042,"SR-134 W/B (VENTURA FREEWAY)","CONCORD STREET",715.00,E,N,A,-,Y,LA,,134," ",R,6.337,H,,L,N,4,0,1,3,A,-,03,22350,,N,C,C,A,A,H,-,A,D,0,,,,,Y,,D,22,0,0,1,0,0,0,0,0,0,"- ","- ",34.155540466308594,-118.26876068115234,"LOS ANGELES",GLENDALE,-118.26873779296875,34.155483245849609
94936437,2025,2025-11-18,9575,2025-11-14,"947 ",020536,,5,1,6,1925,0,1,3,,2,042,"SR-134 W/B (VENTURA FREEWAY)","SINCLAIR AVENUE",497.00,W,N,B,C,Y,LA,,134," ",R,8.469,H,,L,N,4,0,1,1,A,-,03,22350,,N,E,8,A,B,H,-,A,D,0,,,,,Y,,A,01,0,0,1,0,0,0,0,0,0,"- ","- ",34.150699615478516,-118.23390197753906,"LOS ANGELES",GLENDALE,-118.23401641845703,34.150585174560547
94937453,2025,2025-11-19,9575,2025-11-07,1720,022629,,5,2,6,1925,0,1,3,,2,042,"SR-134 W/B (VENTURA FREEWAY)","CENTRAL AVENUE",239.00,E,N,A,-,Y,LA,,134," ",R,7.017,H,,L,N,4,0,2,2,A,-,03,22350,,M,C,C,A,A,H,-,C,D,0,,,,,Y,,-,99,0,0,2,0,0,0,0,0,0,"- ","- ",34.156509399414062,-118.25701904296875,"LOS ANGELES",GLENDALE,-118.25701904296875,34.156421661376953
94939034,2025,2025-11-20,9575,2025-11-15,"650 ",021970,,6,1,6,1925,0,1,1,,2,062,"I-210 W/B (FOOTHILL FREEWAY)","LOWELL AVE.",50.00,E,N,B,C,Y,LA,,210," ",R,15.658,H,,L,N,4,0,1,1,A,-,03,22350,,N,E,I,A,B,H,-,B,D,0,,,,,Y,,A,01,0,0,1,0,0,0,0,0,0,"- ","- ",34.231109619140625,-118.26583862304688,"LOS ANGELES",GLENDALE,-118.26580810546875,34.231216430664062
94941521,2025,2025-11-21,9575,2025-11-08,2015,022629,,6,2,6,1925,0,1,1,,2,050,"I-5 S/B (GOLDEN STATE FREEWAY)","WESTERN AVENUE",2640.00,S,N,A,-,Y,LA,,5," "," ",27.284,H,,L,Y,4,0,1,5,A,-,07,21658,A,N,B,C,A,A,H,-,C,D,0,,,,Y,Y,,A,01,0,0,1,0,0,0,0,0,0,"- ","- ",34.157821655273438,-118.29141998291016,"LOS ANGELES",GLENDALE,-118.29139709472656,34.157833099365234
94943657,2025,2025-11-24,9575,2025-11-21,1600,022336,,5,2,6,1925,0,1,3,,2,042,"SR-134 W/B FROM GLENDALE AVE.","GLENDALE AVE.",925.00,W,N,A,-,Y,LA,,134," ",R,7.689,H,,L,Y,3,0,1,2,A,-,03,22350,,N,C,C,A,A,H,-,A,A,0,,,,,Y,,A,01,0,1,0,0,0,0,0,0,0,"- ","- ",34.156658172607422,-118.2452392578125,"LOS ANGELES",GLENDALE,-118.2452392578125,34.156482696533203
94945555,2025,2025-11-24,9575,2025-11-14,1345,022513,,5,1,6,1925,0,1,3,,2,042,"SR-134 W/B (VENTURA FREEWAY)","GLENDALE AVE.",739.00,E,N,C,-,Y,LA,,134," ",R,8.025,H,,L,N,4,0,1,1,A,-,03,22350,,N,E,I,A,B,H,-,A,D,0,,,,,Y,,A,01,0,0,1,0,0,0,0,0,0,"- ","- ",34.154941558837891,-118.23970031738281,"LOS ANGELES",GLENDALE,-118.23977661132812,34.154838562011719
94945574,2025,2025-11-24,9575,2025-11-14,1905,022513,,5,2,6,1925,0,1,3,,2,090,"SR-134 W/B FROM SR-2 E/B","HARVEY DR",898.00,E,N,C,-,Y,,,,,,,,,,N,4,0,1,1,A,-,03,22350,,N,E,I,A,A,H,-,C,D,0,,,,,Y,,A,01,0,0,1,0,0,0,0,0,0,"- ","- ",34.147048950195312,-118.22564697265625,"LOS ANGELES",GLENDALE,-118.22651672363281,34.146903991699219
94945824,2025,2025-11-24,9575,2025-11-17,1555,022513,,1,2,6,1925,0,1,3,,2,090,"SR-2 EB TO SR-134 WB","HARVEY DR.",898.00,E,N,C,-,Y,,,,,,,,,,N,4,0,1,1,A,-,03,22350,,N,E,I,A,B,H,-,A,D,0,,,,,Y,,A,07,0,0,1,0,0,0,0,0,0,"- ","- ",34.147048950195312,-118.22564697265625,"LOS ANGELES",GLENDALE,,
94946848,2025,2025-11-25,9575,2025-11-15,1345,024769,,6,1,6,1925,0,1,3,,2,042,"SR-134 W/B (VENTURA FREEWAY)","GLENDALE AVE",459.00,E,N,B,C,Y,LA,,134," ",R,7.967,H,,L,N,3,0,2,3,A,-,03,22350,,N,E,I,A,B,H,-,B,D,0,,,,,Y,,A,01,0,2,0,0,0,0,0,0,0,"- ","- ",34.155231475830078,-118.24066925048828,"LOS ANGELES",GLENDALE,-118.24062347412109,34.155292510986328
94946853,2025,2025-11-25,9575,2025-11-16,1555,024769,,7,2,6,1925,0,1,3,,2,042,"SR-134 W/B (VENTURA FREEWAY)","CONCORD ST",278.00,W,N,B,-,Y,LA,,134," ",R,6.135,H,,L,N,4,0,1,2,A,-,03,22350,,N,C,C,A,A,H,-,B,D,0,,,,,Y,,A,08,0,0,1,0,0,0,0,0,0,"- ","- ",34.154750823974609,-118.27218627929688,"LOS ANGELES",GLENDALE,-118.27217102050781,34.154678344726562
94947836,2025,2025-11-25,9575,2025-11-24,"857 ",020536,,1,1,6,1925,0,1,3,,2,042,"SR-134 W/B (VENTURA FREEWAY)","VERDUGO ROAD",510.00,W,N,A,G,Y,LA,,134," ",R,8.133,H,,L,N,3,0,2,2,A,-,03,22350,,N,C,C,A,A,H,-,A,D,0,,,,,Y,,A,01,0,1,1,0,0,0,0,0,0,"- ","- ",34.153839111328125,-118.23829650878906,"LOS ANGELES",GLENDALE,-118.23834228515625,34.153800964355469
94951179,2025,2025-12-01,9575,2025-11-18,"740 ",021795,,2,1,6,1925,0,1,3,,2,042,"SR-134 W/B (VENTURA FREEWAY) FROM HARVEY DR.","HARVEY DR.",515.00,W,N,A,-,Y,,,,,,,,,,N,4,0,2,2,A,-,03,22350,,N,C,C,A,A,H,-,A,D,0,,,,,Y,,A,01,0,0,2,0,0,0,0,0,0,"- ","- ",34.148750305175781,-118.23016357421875,"LOS ANGELES",GLENDALE,,
94951563,2025,2025-12-01,9575,2025-11-23,1430,024136,,7,2,6,1925,0,1,1,,2,050,"I-5 S/B (GOLDEN STATE FREEWAY)","SONORA AVENUE",10.00,S,N,A,-,Y,LA,,5," "," ",27.536,H,,L,N,4,0,1,2,A,-,03,22350,,N,C,C,A,A,H,-,A,D,0,,,,,Y,,A,01,0,0,1,0,0,0,0,0,0,"- ","- ",34.161060333251953,-118.29329681396484,"LOS ANGELES",GLENDALE,-118.29327392578125,34.161067962646484
94955647,2025,2025-12-03,9575,2025-11-25,1257,020536,,2,1,6,1925,0,1,3,,2,042,"SR-134 W/B (VENTURA FREEWAY)","PACIFIC AVENUE",192.00,E,N,A,-,Y,LA,,134," ",R,6.632,H,,L,N,4,0,4,2,D,-,00,,,N,C,C,A,A,H,-,A,D,0,,,,,Y,,-,"- ",0,0,4,0,0,0,0,0,0,"- ","- ",34.156398773193359,-118.26365661621094,"LOS ANGELES",GLENDALE,-118.26365661621094,34.1563720703125
94955735,2025,2025-12-03,9575,2025-11-25,1935,021879,,2,2,6,1925,0,1,3,,2,042,"SR-134 W/B (VENTURA FREEWAY)","SAN FERNANDO RD.",1930.00,E,N,A,-,Y,LA,,134," ",R,6.319,H,,L,Y,4,0,1,3,A,-,03,22350,,N,C,C,A,A,H,-,C,D,0,,,,,Y,,A,07,0,0,1,0,0,0,0,0,0,"- ","- ",34.155471801757812,-118.26905059814453,"LOS ANGELES",GLENDALE,-118.26902770996094,34.155410766601562
94958372,2025,2026-01-12,9575,2025-11-25,"815 ",019990,,2,1,6,1925,0,1,1,,2,062,"I-210 E/B (FOOTHILL FREEWAY)","PENNSYLVANIA AVE.",2640.00,W,N,A,-,Y,LA,,210," ",R,16.252,H,,R,N,4,0,1,2,A,-,03,22350,,N,C,D,A,A,H,-,A,D,0,,,,Y,Y,,F,25,0,0,1,0,0,0,0,0,0,"- ","- ",34.227619171142578,-118.25631713867188,"LOS ANGELES",GLENDALE,-118.25630187988281,34.227642059326172
94959686,2025,2025-12-05,9575,2025-12-03,1043,021795,,3,1,6,1925,0,1,3,,2,042,"SR-134 W/B (VENTURA FREEWAY) FROM CENTRAL AVENUE","CENTRAL AVENUE",310.00,W,N,A,-,Y,LA,,134," ",R,6.895,H,,L,N,3,0,2,2,A,-,03,22350,,N,C,2,A,A,H,-,A,A,0,,,,,Y,,A,07,0,1,1,0,0,0,0,0,0,"- ","- ",34.156711578369141,-118.25916290283203,"LOS ANGELES",GLENDALE,-118.25916290283203,34.156448364257812
94961620,2025,2025-12-08,9575,2025-11-26,1100,021795,,3,1,6,1925,0,1,3,,2,042,"SR-134 E/B (VENTURA FREEWAY)","PACIFIC AVE.",990.00,W,N,A,-,Y,LA,,134," ",R,6.392,H,,R,N,4,0,1,2,A,-,03,22350,,N,C,C,A,A,H,-,A,D,0,,,,,Y,,D,22,0,0,1,0,0,0,0,0,0,"- ","- ",34.155429840087891,-118.26785278320312,"LOS ANGELES",GLENDALE,-118.26786804199219,34.155479431152344
94961662,2025,2025-12-08,9575,2025-11-26,1000,021795,,3,1,6,1925,0,1,3,,2,042,"SR-134 W/B (VENTURA FREEWAY)","CENTRAL AVE.",275.00,W,N,A,-,Y,LA,,134," ",R,6.901,H,,L,N,4,0,1,2,A,-,03,22350,,N,C,C,A,A,H,-,A,D,0,,,,,Y,,A,01,0,0,1,0,0,0,0,0,0,"- ","- ",34.156501770019531,-118.25904846191406,"LOS ANGELES",GLENDALE,-118.25904846191406,34.156448364257812
94962798,2025,2025-12-08,9575,2025-11-27,1305,021795,,4,1,6,1925,0,1,3,,2,042,"SR-134 E/B (VENTURA FREEWAY)","SINCLAIR AVE.",20.00,E,N,A,-,Y,LA,,134," ",R,8.591,H,,R,N,4,0,1,2,A,-,03,22350,,N,C,C,A,A,H,-,A,D,0,,,,,Y,,A,07,0,0,1,0,0,0,0,0,0,"- ","- ",34.149250030517578,-118.23232269287109,"LOS ANGELES",GLENDALE,-118.23228454589844,34.149288177490234
94968216,2025,2025-12-11,9575,2025-12-04,1640,022513,,4,2,6,1925,0,1,3,,2,090,"SR-2 E/B (GLENDALE FREEWAY)","VERDUGO BLVD",3168.00,W,N,A,-,Y,LA,,2," ",R,22.295,H,,R,N,4,0,2,2,A,-,03,22350,,N,C,C,A,A,H,-,B,D,0,,,,,Y,,A,01,0,0,2,0,0,0,0,0,0,"- ","- ",34.195491790771484,-118.22023773193359,"LOS ANGELES",GLENDALE,-118.22017669677734,34.195487976074219
94969488,2025,2025-12-12,9575,2025-12-05,1000,022503,,5,1,6,1925,0,1,3,,2,042,"SR-134 W/B (VENTURA FREEWAY)","VERDUGO BLVD.",150.00,W,N,A,-,Y,LA,,134," ",R,8.194,H,,L,Y,4,0,3,3,A,-,03,22350,,N,C,C,A,A,H,-,A,D,0,,,,,Y,,A,07,0,0,3,0,0,0,0,0,0,"- ","- ",34.153251647949219,-118.23751831054688,"LOS ANGELES",GLENDALE,-118.23755645751953,34.153213500976562
94976454,2025,2025-12-17,9575,2025-12-06,1227,021775,,6,1,6,1925,0,1,3,,2,042,"SR-134 W/B (VENTURA FREEWAY)","SAN FERNANDO RD.",50.00,E,N,A,-,Y,LA,,134," ",R,5.960,H,,L,N,4,0,1,2,A,-,03,22350,,M,C,C,A,A,H,-,A,D,0,,,,,Y,,-,99,0,0,1,0,0,0,0,0,0,"- ","- ",34.153999328613281,-118.27501678466797,"LOS ANGELES",GLENDALE,-118.2750244140625,34.154022216796875
94976513,2025,2025-12-17,9575,2025-12-08,"800 ",021795,,1,1,6,1925,0,1,3,,2,090,"SR-2 W/B (GLENDALE FREEWAY)","CHEVY CHASE DR.",540.00,E,N,A,-,Y,LA,,2," ",R,19.540,H,,L,N,4,0,2,2,A,-,03,22350,,N,C,C,A,A,H,-,A,D,0,,,,,Y,,D,22,0,0,2,0,0,0,0,0,0,"- ","- ",34.156951904296875,-118.22479248046875,"LOS ANGELES",GLENDALE,-118.2247314453125,34.156963348388672
94983762,2025,2025-12-23,9575,2025-12-12,2000,023500,,5,2,6,1925,0,1,3,,2,043,"SR-134 W/B (VENTURA FREEWAY)","I-5 N/B (GOLDEN STATE FREEWAY)",528.00,W,N,A,-,Y,LA,,5," "," ",26.845,H,,R,Y,3,0,2,4,A,-,08,22107,,F,B,C,A,A,H,-,D,D,0,,,,,Y,,-,99,0,1,1,0,0,0,0,0,0,"- ","- ",34.153419494628906,-118.28569793701172,"LOS ANGELES",GLENDALE,-118.28570556640625,34.153415679931641
94984409,2025,2025-12-23,9575,2025-12-16,"215 ",023709,,2,3,6,1925,0,1,S,,2,904,"SR-2 (GLENDALE FREEWAY)","VERDUGO BLVD",5280.00,W,N,A,-,Y,LA,,2," ",R,22.213,H,,R,Y,3,0,2,1,A,-,08,22107,,N,E,I,A,A,H,-,D,D,0,,,,,Y,,A,01,0,1,1,0,0,0,0,0,0,"- ","- ",34.194290161132812,-118.22026824951172,"LOS ANGELES",GLENDALE,-118.22014617919922,34.194305419921875
94992643,2025,2025-12-30,9575,2025-12-19,1650,022336,,5,2,6,1925,0,1,3,,2,042,"SR-134 W/B (VENTURA FREEWAY)","PACIFIC AVE.",1400.00,W,N,A,-,Y,LA,,134," ",R,6.341,H,,L,Y,3,0,2,2,A,-,03,22350,,N,C,C,A,A,H,-,B,D,0,,,,,Y,,A,01,0,2,0,0,0,0,0,0,0,"- ","- ",34.155460357666016,-118.26866912841797,"LOS ANGELES",GLENDALE,-118.26868438720703,34.155498504638672
94994638,2025,2025-12-31,9575,2025-12-22,1216,020536,,1,1,6,1925,0,1,3,,2,042,"SR-134 W/B (VENTURA FREEWAY)","N. JACKSON STREET",82.00,W,N,A,-,Y,LA,,134," ",R,7.380,H,,L,N,4,0,1,3,A,-,03,22350,,N,C,C,A,A,H,-,A,D,0,,,,,Y,,D,22,0,0,1,0,0,0,0,0,0,"- ","- ",34.156558990478516,-118.25066375732422,"LOS ANGELES",GLENDALE,-118.25066375732422,34.156455993652344
94999673,2025,2026-01-05,9575,2025-12-25,1019,024270,,4,1,6,1925,0,1,1,,2,062,"I-210 W/B (FOOTHILL FREEWAY)","HAMPTON RD.",319.00,W,N,C,-,Y,LA,,210," ",R,20.802,H,,L,N,4,0,1,1,A,-,03,22350,,N,E,I,A,B,H,-,A,D,0,,,,,Y,,A,01,0,0,1,0,0,0,0,0,0,"- ","- ",34.199359893798828,-118.18704986572266,"LOS ANGELES",GLENDALE,-118.18700408935547,34.199386596679688
94999687,2025,2026-01-05,9575,2025-12-25,1635,023071,,4,2,6,1925,0,1,1,,2,062,"I-210 W/B (FOOTHILL FREEWAY) TO LOWELL AVE.","LOWELL AVE.",695.00,E,N,C,-,Y,,,,,,,,,,N,4,0,1,1,C,-,18,,,N,E,I,A,B,H,-,D,D,0,,,,,Y,,-,"- ",0,0,1,0,0,0,0,0,0,"- ","- ",34.231250762939453,-118.26386260986328,"LOS ANGELES",GLENDALE,-118.26410675048828,34.230831146240234
95000475,2025,2026-01-06,9575,2025-12-24,"941 ",020536,,3,1,6,1925,0,1,3,,2,042,"SR-134 W/B (VENTURA FREEWAY)","HARVEY DRIVE",278.00,W,N,C,-,Y,LA,,134," ",R,8.765,H,,L,N,4,0,2,2,A,-,03,22350,,N,E,I,A,B,H,-,A,D,0,,,,,Y,,A,01,0,0,2,0,0,0,0,0,0,"- ","- ",34.148101806640625,-118.229736328125,"LOS ANGELES",GLENDALE,-118.22969055175781,34.148178100585938
95001642,2025,2026-01-06,9575,2025-12-31,1900,023072,,3,2,6,1925,0,1,3,,2,090,"SR-2 E/B (GLENDALE FREEWAY)","GLENOAKS BLVD.",145.00,E,N,C,-,Y,LA,,2," ",R,19.233,H,,R,Y,3,0,3,1,A,-,03,22350,,N,E,I,A,B,H,-,C,D,0,,,,,Y,,A,07,0,1,2,0,0,0,0,0,0,"- ","- ",34.152549743652344,-118.22429656982422,"LOS ANGELES",GLENDALE,-118.22447204589844,34.152576446533203
95002947,2025,2026-01-07,9575,2025-12-02,"640 ",020251,,2,1,6,1925,0,1,1,,2,050,"I-5 N/B (GOLDEN STATE FREEWAY)","ALAMEDA AVE.",200.00,S,N,A,-,Y,LA,,5," "," ",28.403,H,,R,Y,4,0,1,2,A,-,07,21658,A,M,B,C,A,A,H,-,A,D,0,,,,,Y,,-,99,0,0,1,0,0,0,0,0,0,"- ","- ",34.170040130615234,-118.30374145507812,"LOS ANGELES",GLENDALE,-118.30377197265625,34.170009613037109
95004286,2025,2026-01-08,9575,2025-12-08,"903 ",021795,,1,1,6,1925,0,1,3,,2,042,"SR-134 W/B (VENTURA FREEWAY)","DORAN ST. PEDESTRIAN OVERCROSSING (P.O.C.)",220.00,W,N,A,-,Y,LA,,134," ",R,8.002,H,,L,N,4,0,2,6,A,-,03,22350,,M,H,2,A,A,H,-,A,D,0,,,,Y,Y,,G,25,0,0,2,0,0,0,0,0,0,"- ","- ",34.154991149902344,-118.24012756347656,"LOS ANGELES",GLENDALE,-118.24010467529297,34.155017852783203
95009293,2025,2026-01-12,9575,2025-12-31,1835,024988,,3,2,6,1925,0,1,1,,2,062,"I-210 E/B (FOOTHILL FREEWAY) FROM OCEAN VIEW BLVD","WALTONIA DR",114.00,W,N,B,C,Y,,,,,,,,,,N,4,0,1,2,A,-,03,22350,,M,C,2,A,B,H,-,C,D,0,,,,,Y,,-,99,0,0,1,0,0,0,0,0,0,"- ","- ",34.209220886230469,-118.22310638427734,"LOS ANGELES",GLENDALE,-118.22238159179688,34.209396362304688
95009988,2025,2026-01-12,9575,2025-12-28,1500,024988,,7,2,6,1925,0,1,3,,2,090,"SR-2 E/B (GLENDALE FREEWAY)","STANCREST FRONTAGE RD",1584.00,W,N,A,-,Y,LA,,2," ",R,22.372,H,,R,N,3,0,2,2,A,-,07,21658,A,N,B,C,A,A,H,-,A,D,0,,,,,Y,,D,22,0,1,1,0,0,0,0,0,0,"- ","- ",34.196571350097656,-118.21990203857422,"LOS ANGELES",GLENDALE,-118.22007751464844,34.19659423828125
95013651,2025,2026-01-14,9575,2025-12-31,1018,020536,,3,1,6,1925,0,2,S,,2,730,"1335 WEST GLENOAKS BOULEVARD","ROSEDALE AVENUE",81.00,W,N,C,-,N,,,,,,,,,,N,4,0,4,3,A,-,21,22106,,N,C,4,A,B,H,-,A,D,0,,,,,Y,,A,01,0,0,4,0,0,0,0,0,0,"- ","- ",34.167140960693359,-118.28321075439453,"LOS ANGELES",GLENDALE,-118.28359222412109,34.166561126708984
95020245,2025,2026-01-20,9575,2025-12-26,2249,024158,,5,3,6,1925,0,1,3,,2,042,"SR-134 W/B (VENTURA FREEWAY)","GLENDALE AVE",330.00,W,N,C,-,Y,LA,,134," ",R,7.803,H,,L,Y,4,0,1,1,A,-,01,23152,A,N,E,8,A,B,H,-,C,D,0,,,,,Y,Y,A,01,0,0,1,0,0,0,0,0,0,"- ","- ",34.156280517578125,-118.24324035644531,"LOS ANGELES",GLENDALE,-118.24325561523438,34.156227111816406
95031225,2025,2026-01-27,9575,2025-12-09,1730,024769,,2,2,6,1925,0,1,3,,2,042,"SR-134 E/B (VENTURA FREEWAY)","GENEVA STREET",301.00,W,N,A,-,Y,LA,,134," ",R,7.536,H,,R,N,2,0,1,2,A,-,08,22107,,F,H,A,A,A,H,-,B,D,0,,,Y,,Y,,A,07,1,0,0,0,0,0,0,0,1,"- ","- ",34.156330108642578,-118.24794006347656,"LOS ANGELES",GLENDALE,-118.24794006347656,34.156288146972656
95039984,2025,2026-02-02,9575,2025-11-08,1630,023072,,6,2,6,1925,0,1,1,,2,062,"I-210 E/B (FOOTHILL FREEWAY)","PENNSLYVANIA AVENUE",215.00,E,N,A,-,Y,LA,,210," ",R,16.853,H,,R,Y,4,0,1,2,A,-,08,22107,,F,B,C,A,A,H,-,A,D,0,,,,,Y,,A,01,0,0,1,0,0,0,0,0,0,"- ","- ",34.222488403320312,-118.24783325195312,"LOS ANGELES",GLENDALE,-118.24781799316406,34.222503662109375
95065053,2025,2026-02-20,9575,2025-12-14,"935 ",023330,,7,1,6,1925,0,1,3,,2,090,"SR-2 E/B (GLENDALE FREEWAY)","FERN LN.",205.00,E,N,A,-,Y,LA,,2," ",R,21.642,H,,R,Y,3,0,1,2,A,-,07,21658,A,F,H,8,A,A,H,-,A,D,0,,,,,Y,,-,99,0,1,0,0,0,0,0,0,0,"- ","- ",34.186408996582031,-118.21755981445312,"LOS ANGELES",GLENDALE,-118.21738433837891,34.186412811279297
9520491,2023,2025-07-22,1925,2023-04-14,"818 ",22783,279,5,5,6,1925,0,0,0,,0,002,"GARFIELD AV","BRAND BL",57.00,W,N,A,B,N,,,,,,,,,,Y,1,1,0,2,A,-,03,22350,,N,C,E,A,A,H,-,A,D,0,,,,,Y,,A,01,0,0,0,0,0,0,0,0,0,"- ","- ",34.135841369628906,-118.25493621826172,"LOS ANGELES",GLENDALE,,
9520534,2023,2023-05-16,1925,2023-04-14,1904,28418,150,5,5,6,1925,0,0,0,,0,004,"VERDUGO RD","VERDUGO LOMA DR",117.00,N,N,A,-,N,,,,,,,,,,Y,1,1,0,2,A,-,09,21804,A,N,D,C,A,A,H,-,B,D,0,,,,,Y,,A,07,0,0,0,0,0,0,0,0,0,"- ","- ",34.170200347900391,-118.2271728515625,"LOS ANGELES",GLENDALE,-118.22711944580078,34.170654296875
9526997,2023,2023-03-27,1925,2023-02-14,1219,21092,137,2,5,6,1925,0,0,0,,0,005,"CANADA BL","SOMBRA DR",0.00,,Y,B,-,N,,,,,,,,,,Y,3,0,1,2,A,-,09,21802,A,N,D,C,A,A,H,-,A,A,0,,,,,Y,,D,22,0,1,0,0,0,0,0,0,0,"- ","- ",,,"LOS ANGELES",GLENDALE,-118.22911834716797,34.188686370849609
9526998,2023,2023-03-25,1925,2023-02-16,"845 ",27610,146,4,5,6,1925,0,0,0,,0,005,"VERDUGO RD","BROADVIEW DR",0.00,,Y,A,-,N,,,,,,,,,,Y,3,0,2,2,A,-,12,21453,A,N,D,C,A,A,H,-,A,A,0,,,,,Y,,A,07,0,1,1,0,0,0,0,0,0,"- ","- ",,,"LOS ANGELES",GLENDALE,-118.22606658935547,34.203697204589844
9534384,2023,2023-02-06,1925,2023-01-22,1126,28670,4,7,5,6,1925,0,0,0,,0,145,"COLINA DR","CANADA BL",265.00,W,N,A,-,N,,,,,,,,,,Y,4,0,1,2,A,-,09,21804,A,N,D,C,A,A,H,-,A,D,0,,,,,Y,,A,07,0,0,1,0,0,0,0,0,0,"- ","- ",,,"LOS ANGELES",GLENDALE,-118.22986602783203,34.174388885498047
9534415,2023,2023-03-03,1925,2023-01-12,1530,27016,266,4,5,6,1925,0,0,0,,0,002,"RIVERDALE DR","PACIFIC AV",40.00,W,N,A,-,N,,,,,,,,,,N,4,0,1,2,A,-,03,22350,,N,C,C,A,A,H,-,A,A,0,,,,,Y,,A,07,0,0,1,0,0,0,0,0,0,"- ","- ",,,"LOS ANGELES",GLENDALE,-118.26454162597656,34.138706207275391
9534416,2023,2023-03-02,1925,2023-01-17,2015,29270,0197,2,5,6,1925,0,0,0,,0,001,"SAN FERNANDO RD","SONORA AV",20.00,N,N,A,-,N,,,,,,,,,,N,4,0,2,2,A,-,09,21801,A,F,D,C,A,A,H,-,C,A,0,,,,,Y,,A,07,0,0,2,0,0,0,0,0,0,"- ","- ",34.165958404541016,-118.28826904296875,"LOS ANGELES",GLENDALE,-118.28834533691406,34.165996551513672
9534417,2023,2023-03-03,1925,2023-01-21,1233,28380,214,6,5,6,1925,0,0,0,,0,001,"PACIFIC AV","GLENOAKS BL",0.00,,Y,A,-,N,,,,,,,,,,Y,4,0,1,3,A,-,08,22107,,N,A,C,A,A,H,-,A,A,0,,,,,Y,,A,07,0,0,1,0,0,0,0,0,0,"- ","- ",34.159450531005859,-118.26407623291016,"LOS ANGELES",GLENDALE,-118.26422119140625,34.159877777099609
9534418,2023,2023-03-03,1925,2023-01-23,"945 ",21092,,1,5,6,1925,0,0,0,,0,001,"SAN FERNANDO RD","ELM AV",0.00,,Y,A,-,N,,,,,,,,,,N,4,0,2,2,A,-,09,21802,A,N,D,C,A,A,H,-,A,A,0,,,,,Y,,A,07,0,0,2,0,0,0,0,0,0,"- ","- ",,,"LOS ANGELES",GLENDALE,-118.29795074462891,34.172992706298828
9534419,2023,2023-03-03,1925,2023-01-19,1558,26161,119,4,5,6,1925,0,0,0,,0,005,"HONOLULU AV","PENNSYLVANIA AV",583.00,W,N,B,-,N,,,,,,,,,,N,3,0,2,2,A,-,09,21804,A,N,D,C,A,A,H,-,A,D,0,,,,,Y,,A,07,0,2,0,0,0,0,0,0,0,"- ","- ",,,"LOS ANGELES",GLENDALE,-118.25028228759766,34.221469879150391
9534420,2023,2023-03-03,1925,2023-01-24,1800,29326,241,2,5,6,1925,0,0,0,,0,003,BROADWAY,"WILSON AV",0.00,E,N,A,-,N,,,,,,,,,,N,4,0,1,2,A,-,03,22350,,N,C,C,A,A,H,-,C,A,0,,,,,Y,,A,07,0,0,1,0,0,0,0,0,0,"- ","- ",34.146091461181641,-118.22895050048828,"LOS ANGELES",GLENDALE,-118.22901153564453,34.146205902099609
9534421,2023,2023-03-02,1925,2023-01-28,1924,28284,150,6,5,6,1925,0,0,0,,0,004,"E MOUNTAIN ST","N VERDUGO RD",17.00,E,N,A,-,N,,,,,,,,,,N,4,0,2,2,A,-,03,22350,,N,C,C,A,A,H,-,C,A,0,,,,,Y,,A,01,0,0,2,0,0,0,0,0,0,"- ","- ",,,"LOS ANGELES",GLENDALE,-118.23209381103516,34.165061950683594
9534422,2023,2023-03-02,1925,2023-01-29,1705,26050,193,7,5,6,1925,0,0,0,,0,001,"SONORA AV","5TH ST",240.00,N,N,B,-,N,,,,,,,,,,N,3,0,1,2,A,-,11,21954,A,N,G,B,D,A,C,E,A,D,0,Y,,,,Y,,N,60,0,1,0,0,1,0,0,0,0,"- ","- ",34.169460296630859,-118.28459167480469,"LOS ANGELES",GLENDALE,-118.28410339355469,34.169940948486328
9534423,2023,2023-03-02,1925,2023-01-27,"908 ",22783,,5,5,6,1925,0,0,0,,0,002,"CENTRAL AV","PALMER AV",0.00,,Y,A,-,N,,,,,,,,,,N,4,0,1,2,A,-,10,21950,A,N,G,B,B,A,H,-,A,A,0,Y,,,,Y,,A,01,0,0,1,0,1,0,0,0,0,"- ","- ",34.132278442382812,-118.2578125,"LOS ANGELES",GLENDALE,-118.25782012939453,34.13214111328125
9534424,2023,2023-03-02,1925,2023-01-31,"147 ",28043,,2,5,6,1925,0,0,0,,0,002,"SAN FERNANDO RD","DORAN ST",0.00,,Y,A,C,N,,,,,,,,,,N,3,0,1,2,A,-,12,21453,A,N,B,G,A,A,H,-,C,A,0,,Y,,,Y,,L,04,0,1,0,0,0,0,1,0,0,"- ","- ",34.153221130371094,-118.275146484375,"LOS ANGELES",GLENDALE,-118.27512359619141,34.153263092041016
9534425,2023,2023-03-02,1925,2023-01-26,1732,26161,165,4,5,6,1925,0,0,0,,0,001,"CENTRAL AV","STOCKER ST",0.00,,Y,A,-,N,,,,,,,,,,N,4,0,1,2,A,-,10,21950,A,N,G,B,B,A,H,-,A,A,0,Y,,,,Y,,A,07,0,0,1,0,1,0,0,0,0,"- ","- ",,,"LOS ANGELES",GLENDALE,-118.25689697265625,34.163719177246094
9534426,2023,2023-03-02,1925,2023-01-25,1515,27629,226,3,5,6,1925,0,0,0,,0,002,"BRAND BL","CALIFORNIA AV",10.00,S,N,A,-,N,,,,,,,,,,N,4,0,1,2,A,-,10,21950,A,N,G,B,B,A,H,-,A,A,0,Y,,,,Y,,A,07,0,0,1,0,1,0,0,0,0,"- ","- ",34.149929046630859,-118.25502014160156,"LOS ANGELES",GLENDALE,-118.25508117675781,34.149871826171875
9534427,2023,2023-03-02,1925,2023-01-14,2347,38644,,6,5,6,1925,0,0,0,,0,,"WILSON AV","CHEVY CHASE DR",0.00,,Y,C,-,N,,,,,,,,,,N,4,0,1,2,A,-,12,21453,A,N,A,C,A,B,H,-,C,A,0,,,,,Y,,A,07,0,0,1,0,0,0,0,0,0,"- ","- ",34.1480712890625,-118.23948669433594,"LOS ANGELES",GLENDALE,-118.23950958251953,34.148097991943359
9535021,2023,2023-02-17,1925,2023-01-01,"102 ",26160,208,7,5,6,1925,0,0,0,,0,001,"WESTERN AV","VICTORY BL",0.00,,Y,C,-,N,,,,,,,,,,N,3,0,1,2,A,-,05,21202,A,N,D,G,A,B,H,-,C,A,0,,Y,,,Y,,L,04,0,1,0,0,0,0,1,0,0,"- ","- ",34.161128997802734,-118.3001708984375,"LOS ANGELES",GLENDALE,-118.30020141601562,34.161136627197266
9535411,2023,2023-03-07,1925,2023-01-21,1513,22783,,6,5,6,1925,0,0,0,,0,001,"KENNETH RD","HILLCREST AV W",38.00,E,N,A,-,N,,,,,,,,,,Y,3,0,2,3,A,-,08,22107,,N,B,C,A,A,H,-,A,D,0,,,,,Y,,D,22,0,1,1,0,0,0,0,0,0,"- ","- ",34.169990539550781,-118.26860809326172,"LOS ANGELES",GLENDALE,-118.26850891113281,34.170009613037109
9544741,2023,2023-02-09,1925,2023-01-09,"839 ",22249,243,1,5,6,1925,0,0,0,,0,002,"COLORADO ST","LOUISE ST",0.00,,Y,B,C,N,,,,,,,,,,Y,4,0,1,2,A,-,09,21801,A,N,D,C,A,B,H,-,A,A,0,,,,,Y,,A,01,0,0,1,0,0,0,0,0,0,"- ","- ",,,"LOS ANGELES",GLENDALE,-118.25260162353516,34.142597198486328
9544742,2023,2023-02-09,1925,2023-01-09,1008,21092,280,1,5,6,1925,0,0,0,,0,003,"WINDSOR RD","PEPPER WY",26.00,E,N,C,-,N,,,,,,,,,,N,4,0,1,1,A,-,03,22350,,N,E,I,A,B,H,-,A,D,0,,,Y,,Y,,C,03,0,0,1,0,0,0,0,0,1,"- ","- ",34.137168884277344,-118.25060272216797,"LOS ANGELES",GLENDALE,-118.25055694580078,34.137138366699219
9544743,2023,2023-02-09,1925,2023-01-06,1926,28644,146,5,5,6,1925,0,0,0,,0,005,"VERDUGO RD","LA CRESCENTA AV",0.00,,Y,A,-,N,,,,,,,,,,N,4,0,1,2,A,-,03,22350,,N,C,C,A,A,H,-,C,A,0,,,,,Y,,A,01,0,0,1,0,0,0,0,0,0,"- ","- ",,,"LOS ANGELES",GLENDALE,-118.22972106933594,34.196689605712891
9544744,2023,2023-02-09,1925,2023-01-05,1047,29326,217,4,5,6,1925,0,0,0,,0,002,"SAN FERNANDO RD","MILFORD ST",0.00,,Y,B,C,N,,,,,,,,,,Y,3,0,1,2,A,-,09,21802,A,N,D,C,A,B,H,-,A,A,0,,,,,Y,,A,07,0,1,0,0,0,0,0,0,0,"- ","- ",34.152130126953125,-118.27459716796875,"LOS ANGELES",GLENDALE,-118.27458953857422,34.152156829833984
9544745,2023,2023-02-09,1925,2023-01-06,1002,29326,248,5,5,6,1925,0,0,0,,0,004,BROADWAY,"N ARTSAKH AV",0.00,,Y,A,-,N,,,,,,,,,,N,3,0,1,2,A,-,10,21950,A,N,G,B,B,A,H,-,A,A,0,Y,,,,Y,,A,01,0,1,0,0,1,0,0,0,0,"- ","- ",,,"LOS ANGELES",GLENDALE,-118.25389099121094,34.146289825439453
9544746,2023,2023-02-09,1925,2023-01-08,1531,27016,158,7,5,6,1925,0,0,0,,0,004,"CHEVY CHASE DR","HOSPITAL DR",207.00,E,N,B,-,N,,,,,,,,,,Y,2,0,1,1,A,-,03,22350,,N,E,I,A,A,H,-,A,A,0,,,Y,,Y,,C,02,1,0,0,0,0,0,0,0,1,"- ","- ",34.151931762695312,-118.23262023925781,"LOS ANGELES",GLENDALE,,
9544747,2023,2023-02-09,1925,2023-01-02,"931 ",27629,167,1,5,6,1925,0,0,0,,0,001,"SAN FERNANDO RD","JUSTIN AV",10.00,W,N,B,-,N,,,,,,,,,,N,3,0,1,2,A,-,10,21950,A,N,G,B,B,A,H,-,A,A,0,Y,,,,Y,,A,01,0,1,0,0,1,0,0,0,0,"- ","- ",34.167369842529297,-118.29019927978516,"LOS ANGELES",GLENDALE,-118.290283203125,34.16741943359375
9544748,2023,2023-02-09,1925,2023-01-03,1734,26161,230,2,5,6,1925,0,0,0,,0,004,"BRAND BL","DORAN ST",0.00,,Y,A,-,N,,,,,,,,,,N,4,0,4,3,A,-,09,21801,A,N,D,C,A,A,H,-,C,A,0,,,,,Y,,A,01,0,0,4,0,0,0,0,0,0,"- ","- ",,,"LOS ANGELES",GLENDALE,-118.25511169433594,34.154647827148438
9544749,2023,2023-02-09,1925,2023-01-11,1855,29326,276,3,5,6,1925,0,0,0,,0,002,"BRAND BL","CHEVY CHASE DR",0.00,,Y,A,-,N,,,,,,,,,,Y,4,0,1,2,A,-,09,21801,A,N,A,C,A,A,H,-,C,A,0,,,,,Y,,A,01,0,0,1,0,0,0,0,0,0,"- ","- ",,,"LOS ANGELES",GLENDALE,-118.25486755371094,34.133506774902344
9544750,2023,2023-02-09,1925,2023-01-04,"801 ",29326,218,3,5,6,1925,0,0,0,,0,002,"PACIFIC AV","CALIFORNIA AV",0.00,,Y,B,C,N,,,,,,,,,,N,2,0,1,2,A,-,10,21950,A,N,G,B,B,B,H,-,A,A,0,Y,,,,Y,,N,60,1,0,0,0,1,0,0,0,0,"- ","- ",34.149829864501953,-118.2645263671875,"LOS ANGELES",GLENDALE,-118.26454162597656,34.149806976318359
9544751,2023,2023-02-09,1925,2023-01-09,1741,26161,172,1,5,6,1925,0,0,0,,0,001,"PACIFIC AV","STOCKER ST",0.00,,Y,C,-,N,,,,,,,,,,N,3,0,1,2,A,-,10,21950,A,N,G,B,B,B,H,-,C,A,0,Y,,,,Y,,A,01,0,1,0,0,1,0,0,0,0,"- ","- ",,,"LOS ANGELES",GLENDALE,-118.26493072509766,34.163162231445312
9544752,2023,2023-02-09,1925,2023-01-06,1542,29326,226,5,5,6,1925,0,0,0,,0,002,"BRAND BL","WILSON AV",190.00,,N,A,-,N,,,,,,,,,,N,4,0,1,2,A,-,10,21954,B,F,G,B,E,A,H,-,A,D,0,Y,,,,Y,,A,01,0,0,1,0,1,0,0,0,0,"- ","- ",34.148109436035156,-118.25499725341797,"LOS ANGELES",GLENDALE,,
9544754,2023,2023-02-09,1925,2023-01-12,1804,24967,,4,5,6,1925,0,0,0,,0,001,"PACIFIC AV","PALM DR",50.00,N,N,A,-,N,,,,,,,,,,N,4,0,1,2,A,-,21,22106,,N,B,C,A,A,H,-,C,D,0,,,,,Y,,A,01,0,0,1,0,0,0,0,0,0,"- ","- ",34.161739349365234,-118.26458740234375,"LOS ANGELES",GLENDALE,-118.26467132568359,34.161933898925781
9549875,2023,2023-03-17,1925,2023-02-04,1914,29326,235,6,5,6,1925,0,0,0,,0,004,"CALIFORNIA AV","LOUISE ST",0.00,,Y,A,-,N,,,,,,,,,,N,4,0,2,2,A,-,09,21802,A,N,D,C,A,A,H,-,C,A,0,,,,,Y,,-,"- ",0,0,2,0,0,0,0,0,0,"- ","- ",34.149948120117188,-118.25627899169922,"LOS ANGELES",GLENDALE,-118.25267028808594,34.149925231933594
9549876,2023,2023-03-17,1925,2023-02-10,1152,27016,125,5,5,6,1925,0,0,0,,0,005,"HONOLULU AV","RAMSDELL AV",70.00,W,N,A,-,N,,,,,,,,,,N,4,0,1,2,A,-,03,22350,,N,C,G,A,A,H,-,A,A,0,,Y,,,Y,,L,04,0,0,1,0,0,0,1,0,0,"- ","- ",,,"LOS ANGELES",GLENDALE,-118.24454498291016,34.214286804199219
9549877,2023,2023-03-17,1925,2023-02-17,"809 ",27016,235,5,5,6,1925,0,0,0,,0,002,"WILSON AV","LOUISE ST",0.00,,Y,A,-,N,,,,,,,,,,Y,3,0,2,2,A,-,12,21453,A,N,D,C,A,A,H,-,A,A,0,,,,,Y,,A,07,0,2,0,0,0,0,0,0,0,"- ","- ",34.148139953613281,-118.25263214111328,"LOS ANGELES",GLENDALE,-118.25265502929688,34.148170471191406
9549901,2023,2023-03-17,1925,2023-02-15,1945,29633,171,3,5,6,1925,0,0,0,,0,001,"OLMSTED DR","SCHOOL ST",30.00,W,N,A,-,N,,,,,,,,,,N,3,0,1,2,A,-,17,22517,,N,B,C,A,A,H,-,C,D,0,,,,,Y,,A,01,0,1,0,0,0,0,0,0,0,"- ","- ",34.167518615722656,-118.26789855957031,"LOS ANGELES",GLENDALE,-118.26801300048828,34.167518615722656
9549902,2023,2023-03-17,1925,2023-02-12,1335,25649,263,7,5,6,1925,0,0,0,,0,002,"PACIFIC AV","HARVARD ST",22.00,E,N,A,-,N,,,,,,,,,,N,4,0,1,2,A,-,09,21801,A,N,D,C,A,A,H,-,A,A,0,,,,,Y,,A,01,0,0,1,0,0,0,0,0,0,"- ","- ",,,"LOS ANGELES",GLENDALE,,
9549903,2023,2023-03-17,1925,2023-02-08,1212,27629,223,3,5,6,1925,0,0,0,,0,002,"BRAND BL","SANCHEZ DR",20.00,N,N,A,-,N,,,,,,,,,,N,4,0,2,2,A,-,12,21453,A,N,D,C,A,A,H,-,A,A,0,,,,,Y,,A,01,0,0,2,0,0,0,0,0,0,"- ","- ",34.155948638916016,-118.25508117675781,"LOS ANGELES",GLENDALE,-118.25508117675781,34.156272888183594
9549904,2023,2023-03-17,1925,2023-02-08,1102,21995,267,3,5,6,1925,0,0,0,,0,002,"COLORADO ST","COLUMBUS AV",0.00,,Y,A,-,N,,,,,,,,,,N,4,0,1,2,A,-,12,21453,A,M,D,C,A,A,H,-,A,A,0,,,,,Y,,A,01,0,0,1,0,0,0,0,0,0,"- ","- ",,,"LOS ANGELES",GLENDALE,-118.26090240478516,34.14251708984375
9549905,2023,2023-03-17,1925,2023-02-07,1158,22249,284,2,5,6,1925,0,0,0,,0,003,"CHEVY CHASE DR","LA BOICE DR",472.00,W,N,A,-,N,,,,,,,,,,N,4,0,1,2,A,-,09,21801,A,N,D,C,A,A,H,-,A,D,0,,,,,Y,,A,01,0,0,1,0,0,0,0,0,0,"- ","- ",,,"LOS ANGELES",GLENDALE,-118.24537658691406,34.133804321289062
9549906,2023,2023-03-17,1925,2023-02-07,1616,21092,245,2,5,6,1925,0,0,0,,0,003,"CHEVY CHASE DR","MAPLE ST",0.00,,Y,A,-,N,,,,,,,,,,N,3,0,1,2,A,-,10,21950,A,N,G,B,B,A,H,-,A,A,0,Y,,,,Y,,A,07,0,1,0,0,1,0,0,0,0,"- ","- ",,,"LOS ANGELES",GLENDALE,-118.23958587646484,34.138988494873047
9549907,2023,2023-03-17,1925,2023-02-18,1512,27424,267,6,5,6,1925,0,0,0,,0,002,"W COLORADO ST","S COLUMBUS AV",440.00,W,N,A,-,N,,,,,,,,,,N,4,0,1,2,A,-,08,22107,,F,B,C,A,A,H,-,A,D,0,,,,,Y,,A,01,0,0,1,0,0,0,0,0,0,"- ","- ",,,"LOS ANGELES",GLENDALE,-118.26235198974609,34.142520904541016
9549908,2023,2023-03-17,1925,2023-02-19,1149,22783,,7,5,6,1925,0,0,0,,0,,"GLENOAKS BL","CONCORD ST",0.00,,Y,A,-,N,,,,,,,,,,N,3,0,1,2,A,-,12,21453,A,N,D,C,A,A,H,-,A,B,0,,,,,Y,,A,07,0,1,0,0,0,0,0,0,0,"- ","- ",34.159931182861328,-118.27082061767578,"LOS ANGELES",GLENDALE,-118.27085113525391,34.15985107421875
9549909,2023,2023-03-17,1925,2023-02-21,1636,21092,271,2,5,6,1925,0,0,0,,0,003,"SAN FERNANDO RD","GARFIELD AV",37.00,N,N,B,-,N,,,,,,,,,,N,4,0,1,2,A,-,08,22107,,M,G,B,E,A,H,-,A,D,0,Y,,,,Y,,A,01,0,0,1,0,1,0,0,0,0,"- ","- ",34.135311126708984,-118.26345825195312,"LOS ANGELES",GLENDALE,-118.26367950439453,34.135780334472656
9549910,2023,2023-03-17,1925,2023-02-15,1501,21092,265,3,5,6,1925,0,0,0,,0,002,"BRAND AVE","AMERICA WY",0.00,,Y,A,-,N,,,,,,,,,,N,4,0,1,3,A,-,11,21456,A,N,C,C,B,A,H,-,A,A,0,Y,,,,Y,,N,60,0,0,1,0,0,0,0,0,0,"- ","- ",,,"LOS ANGELES",GLENDALE,-118.25505828857422,34.143596649169922
9549915,2023,2023-03-09,1925,2023-01-26,2008,28525,,4,5,6,1925,0,0,0,,0,003,ARTSAKH,BROADWAY,10.00,N,N,A,-,N,,,,,,,,,,N,4,0,1,2,A,-,03,22350,,N,C,C,A,A,H,-,C,A,0,,,,,Y,,A,01,0,0,1,0,0,0,0,0,0,"- ","- ",,,"LOS ANGELES",GLENDALE,-118.25389099121094,34.146316528320312
9550941,2023,2023-03-29,1925,2023-02-25,1524,22783,229,6,5,6,1925,0,0,0,,0,004,"VERDUGO RD","GLENOAKS BL",1162.00,N,N,B,C,N,,,,,,,,,,Y,4,0,1,2,A,-,08,22107,,N,D,C,A,B,H,-,A,A,0,,,,,Y,,A,01,0,0,1,0,0,0,0,0,0,"- ","- ",34.157741546630859,-118.237060546875,"LOS ANGELES",GLENDALE,-118.23632049560547,34.160861968994141
9553421,2023,2023-03-16,1925,2023-02-13,2213,29633,216,1,5,6,1925,0,0,0,,0,002,"PACIFIC AV","PIONEER DR S",5.00,N,N,A,-,N,,,,,,,,,,,4,0,1,2,A,-,08,22107,,N,B,C,A,A,H,-,C,D,0,,,,,Y,,A,07,0,0,1,0,0,0,0,0,0,"- ","- ",34.154861450195312,-118.26457214355469,"LOS ANGELES",GLENDALE,-118.26461029052734,34.154853820800781
9553422,2023,2023-03-13,1925,2023-02-24,2000,27563,248,5,5,6,1925,0,0,0,,0,002,BROADWAY,"BRAND BL",5.00,E,N,C,-,N,,,,,,,,,,N,3,0,1,2,A,-,10,21950,A,F,G,B,B,B,H,-,C,A,0,Y,,,,Y,,A,07,0,1,0,0,1,0,0,0,0,"- ","- ",,,"LOS ANGELES",GLENDALE,,
9553424,2023,2023-03-13,1925,2023-02-08,1940,29270,0188,3,5,6,1925,0,0,0,,0,001,"GLENWOOD RD","WINCHESTER AV",20.00,E,N,A,-,N,,,,,,,,,,,4,0,1,2,A,-,08,22107,,N,B,E,A,A,H,-,C,D,0,,,,,Y,,A,01,0,0,1,0,0,0,0,0,0,"- ","- ",34.172740936279297,-118.28629302978516,"LOS ANGELES",GLENDALE,-118.28626251220703,34.172683715820312
9553442,2023,2023-03-21,1925,2023-02-23,"44  ",29235,227,4,5,6,1925,0,0,0,,0,004,"BRAND BL","GOODE AV",0.00,,Y,A,-,N,,,,,,,,,,Y,4,0,1,2,A,-,12,21453,A,N,D,C,A,A,H,-,C,A,0,,,,,Y,,D,22,0,0,1,0,0,0,0,0,0,"- ","- ",,,"LOS ANGELES",GLENDALE,-118.25514984130859,34.156764984130859
9553601,2023,2023-03-13,1925,2023-02-22,1622,22783,252,3,5,6,1925,0,0,0,,0,003,BROADWAY,"ADAMS ST",75.00,W,N,B,-,N,,,,,,,,,,,3,0,1,3,A,-,03,22350,,N,C,C,A,A,H,-,A,D,0,,,,,Y,,A,07,0,1,0,0,0,0,0,0,0,"- ","- ",,,"LOS ANGELES",GLENDALE,-118.2420654296875,34.146259307861328
9553604,2023,2023-03-13,1925,2023-02-04,1055,28380,190,6,5,6,1925,0,0,0,,0,001,"GLENOAKS BL","ALLEN AV",0.00,,Y,A,-,N,,,,,,,,,,Y,4,0,2,2,A,-,12,21453,A,N,D,C,A,-,H,-,A,A,0,,,,,Y,,A,01,0,0,2,0,0,0,0,0,0,"- ","- ",34.173931121826172,-118.29355621337891,"LOS ANGELES",GLENDALE,-118.29360198974609,34.173862457275391
9554680,2023,2023-03-15,1925,2023-02-17,"833 ",21995,214,5,5,6,1925,0,0,0,,0,001,"RT 134","PACIFIC AV",0.00,,Y,A,-,Y,LA,7,134,-,R,6.476,R,4,E,N,4,0,1,2,A,-,09,21453,B,N,G,B,B,A,H,-,A,A,0,Y,,,,Y,,A,01,0,0,1,0,1,0,0,0,0,EF,"- ",,,"LOS ANGELES",GLENDALE,-118.26648712158203,34.155773162841797
9554707,2023,2023-03-15,1925,2023-02-01,"758 ",21092,223,3,5,6,1925,0,0,0,,0,002,"SANCHEZ DR","CENTRAL AV",0.00,,Y,A,-,Y,LA,7,134,-,R,6.690,R,4,E,Y,4,0,2,2,A,-,12,21453,A,N,D,C,A,A,H,-,A,A,0,,,,,Y,,A,07,0,0,2,0,0,0,0,0,0,"- ","- ",,,"LOS ANGELES",GLENDALE,-118.26268768310547,34.156234741210938
9555177,2023,2023-03-29,1925,2023-03-14,"951 ",21092,220,2,5,6,1925,0,0,0,,0,001,"BRAND BL","GOODE AV",0.00,,Y,B,-,Y,LA,7,134,-,R,7.254,R,4,W,,3,0,1,2,A,-,12,21453,A,N,D,C,A,B,H,-,A,A,0,,,,,Y,,A,01,0,1,0,0,0,0,0,0,0,"- ","- ",34.156658172607422,-118.25507354736328,"LOS ANGELES",GLENDALE,-118.25286102294922,34.156463623046875
9555974,2023,2023-03-28,1925,2023-03-03,1134,28595,218,5,5,6,1925,0,0,0,,0,002,"COLORADO ST","KENILWORTH AV",0.00,,Y,A,-,N,,,,,,,,,,Y,4,0,2,2,A,-,03,22350,,N,D,C,A,A,H,-,A,A,0,,,,,Y,,D,22,0,0,2,0,0,0,0,0,0,"- ","- ",34.142528533935547,-118.26717376708984,"LOS ANGELES",GLENDALE,-118.26718902587891,34.14251708984375
9555982,2023,2023-03-29,1925,2023-02-25,"822 ",25649,198,6,5,6,1925,0,0,0,,0,001,"SAN FERNANDO RD","WESTERN AV",0.00,,Y,C,-,N,,,,,,,,,,Y,4,0,1,2,A,-,12,21453,A,N,D,C,A,B,H,-,A,A,0,,,,,Y,,I,11,0,0,1,0,0,0,0,0,0,"- ","- ",34.168800354003906,-118.29215240478516,"LOS ANGELES",GLENDALE,-118.29218292236328,34.168788909912109
9555994,2023,2023-04-29,1925,2023-03-13,1447,28595,278,1,5,6,1925,0,0,0,,0,002,"CERRITOS AV","BRAND BL",200.00,W,N,A,-,N,,,,,,,,,,N,4,0,1,2,A,-,09,21804,A,N,C,C,A,A,H,-,A,D,0,,,,,Y,,D,22,0,0,1,0,0,0,0,0,0,"- ","- ",34.12554931640625,-118.2548828125,"LOS ANGELES",GLENDALE,,
9555998,2023,2023-04-29,1925,2023-03-08,1946,22783,217,3,5,6,1925,0,0,0,,0,002,"SAN FERNANDO RD","SALEM ST",0.00,,Y,B,C,N,,,,,,,,,,Y,4,0,1,2,A,-,09,21802,A,N,D,C,A,B,H,-,C,A,0,,,,,Y,,-,,0,0,1,0,0,0,0,0,0,"- ","- ",34.148880004882812,-118.27285766601562,"LOS ANGELES",GLENDALE,-118.27288818359375,34.148880004882812
9556415,2023,2023-04-07,1925,2023-03-11,1429,28380,214,6,5,6,1925,0,0,0,,0,001,"CONCORD ST","BURCHETT ST",0.00,,Y,B,-,N,,,,,,,,,,Y,4,0,1,2,A,-,08,22100,B,N,D,C,A,A,H,-,A,D,0,,,,,Y,,A,01,0,0,1,0,0,0,0,0,0,"- ","- ",34.158168792724609,-118.27107238769531,"LOS ANGELES",GLENDALE,-118.27104949951172,34.158214569091797
9556535,2023,2023-04-05,1925,2023-03-14,"643 ",21092,279,2,5,6,1925,0,0,0,,0,003,"GLENDALE AV","CHEVY CHASE DR",0.00,,Y,B,-,N,,,,,,,,,,Y,3,0,2,2,A,-,12,21453,A,N,D,C,A,A,H,-,A,A,0,,,,,Y,,A,01,0,2,0,0,0,0,0,0,0,"- ","- ",,,"LOS ANGELES",GLENDALE,-118.25199127197266,34.133518218994141
9556536,2023,2023-04-05,1925,2023-03-14,1510,21092,163,2,5,6,1925,0,0,0,,0,004,"HOWARD ST","DRYDEN ST",99.00,S,N,C,-,N,,,,,,,,,,Y,3,0,1,2,A,-,03,22350,,N,B,E,A,B,H,-,A,D,0,,,,,Y,,A,01,0,1,0,0,0,0,0,0,0,"- ","- ",,,"LOS ANGELES",GLENDALE,-118.24800872802734,34.160991668701172
9556537,2023,2023-04-05,1925,2023-03-14,1647,26039,199,2,5,6,1925,0,0,0,,0,001,"SONORA AV","SAN FERNANDO",0.00,,-,C,-,N,,,,,,,,,,Y,3,0,1,2,A,-,12,22451,B,N,H,F,A,B,H,-,A,A,0,,,,,Y,,A,01,0,1,0,0,0,0,0,0,0,"- ","- ",34.1651611328125,-118.28913116455078,"LOS ANGELES",GLENDALE,-118.28829956054688,34.165962219238281
9556538,2023,2023-04-05,1925,2023-03-13,1522,28595,228,1,5,6,1925,0,0,0,,0,004,"JACKSON ST","MONTEREY RD",0.00,,Y,A,-,N,,,,,,,,,,N,3,0,1,3,A,-,12,21453,A,N,D,C,A,A,H,-,A,A,0,,,,,Y,,A,01,0,1,0,0,0,0,0,0,0,"- ","- ",34.157459259033203,-118.25025939941406,"LOS ANGELES",GLENDALE,-118.25025177001953,34.157493591308594
9556539,2023,2023-04-05,1925,2023-03-13,1509,24810,161,1,5,6,1925,0,0,0,,0,004,"STOCKER ST","CEDAR ST",50.00,W,N,A,-,N,,,,,,,,,,Y,3,0,2,2,A,-,03,22350,,N,C,E,A,A,H,-,A,D,0,,,,,Y,,A,01,0,2,0,0,0,0,0,0,0,"- ","- ",34.162639617919922,-118.24423980712891,"LOS ANGELES",GLENDALE,-118.24446868896484,34.162647247314453
9556540,2023,2023-04-05,1925,2023-03-16,1415,22783,128,4,5,6,1925,0,0,0,,0,005,"HONOLULU AV","SUNSET AV",283.00,E,N,B,-,N,,,,,,,,,,Y,3,0,1,2,A,-,08,22107,,N,B,E,A,A,H,-,A,B,0,,,,,Y,,A,07,0,1,0,0,0,0,0,0,0,"- ","- ",34.207340240478516,-118.23317718505859,"LOS ANGELES",GLENDALE,-118.23228454589844,34.207015991210938
9556818,2023,2023-04-04,1925,2023-03-22,1720,21995,220,3,5,6,1925,0,0,0,,0,001,"CENTRAL AV","ARDEN AV",0.00,,Y,C,-,N,,,,,,,,,,Y,4,0,2,2,A,-,12,21453,A,N,D,C,A,B,H,-,A,A,0,,,,,Y,,A,01,0,0,2,0,0,0,0,0,0,"- ","- ",,,"LOS ANGELES",GLENDALE,-118.25804901123047,34.158500671386719
9557500,2023,2023-05-12,1925,2023-04-20,"815 ",28525,287,4,5,6,1925,0,0,0,,0,003,"SAN FERNANDO RD","GLENDALE AV",10.00,W,N,A,-,N,,,,,,,,,,N,4,0,1,2,A,-,09,21453,B,N,D,C,A,A,H,-,A,A,0,,,Y,,Y,,C,02,0,0,1,0,0,0,0,0,1,"- ","- ",34.122848510742188,-118.25393676757812,"LOS ANGELES",GLENDALE,-118.25396728515625,34.122810363769531
9557934,2023,2023-04-28,1925,2023-03-20,"917 ",24810,270,1,5,6,1925,0,0,0,,0,002,"RIVERDALE DR","PACIFIC AV",210.00,W,N,A,-,N,,,,,,,,,,N,4,0,1,2,A,-,09,21801,A,N,A,C,A,A,H,-,A,D,0,,,,,Y,,D,22,0,0,1,0,0,0,0,0,0,"- ","- ",34.138618469238281,-118.26448059082031,"LOS ANGELES",GLENDALE,-118.26510620117188,34.138694763183594
9557935,2023,2023-05-04,1925,2023-03-17,"758 ",28418,164,5,5,6,1925,0,0,0,,0,001,"CENTRAL AV","DRYDEN ST",0.00,,Y,A,-,N,,,,,,,,,,Y,3,0,1,2,A,-,12,21453,A,N,D,C,A,A,H,-,B,A,0,,,,,Y,,A,08,0,1,0,0,0,0,0,0,0,"- ","- ",34.161350250244141,-118.25685119628906,"LOS ANGELES",GLENDALE,-118.25688934326172,34.161472320556641
9559364,2023,2023-05-08,1925,2023-03-04,"50  ",22882,156,6,5,6,1925,0,0,0,,0,004,"GLENOAKS CANYON DR","GLENOAKS BL",294.00,E,N,A,-,N,,,,,,,,,,Y,4,0,1,3,A,-,01,23152,A,N,B,E,A,A,H,-,D,D,0,,,,,Y,Y,A,01,0,0,1,0,0,0,0,0,0,"- ","- ",,,"LOS ANGELES",GLENDALE,-118.20209503173828,34.152748107910156
9559365,2023,2023-05-08,1925,2023-03-01,1829,22882,274,3,5,6,1925,0,0,0,,0,002,"SAN FERNANDO","CHEVY CHASE",30.00,N,N,A,-,N,,,,,,,,,,N,4,0,2,2,A,-,09,21801,A,N,D,C,A,A,H,-,C,A,0,,,,,Y,,A,01,0,0,2,0,0,0,0,0,0,"- ","- ",,,"LOS ANGELES",GLENDALE,-118.26251983642578,34.133556365966797
9559367,2023,2023-05-09,1925,2023-03-04,1058,22783,135,6,5,6,1925,0,0,0,,0,004,"BRAND BL","STOCKER ST",0.00,,Y,B,-,N,,,,,,,,,,Y,3,0,2,3,A,-,12,21453,A,N,D,C,A,A,H,-,A,A,0,,,,,Y,,A,01,0,1,1,0,0,0,0,0,0,"- ","- ",34.163658142089844,-118.25507354736328,"LOS ANGELES",GLENDALE,-118.25505828857422,34.163711547851562
9559368,2023,2023-05-09,1925,2023-03-10,"802 ",26161,239,5,5,6,1925,0,0,0,,0,003,"VERDUGO RD","CHEVY CHASE DR",0.00,,Y,A,-,N,,,,,,,,,,N,4,0,1,2,A,-,03,22350,,M,C,C,A,A,H,-,A,A,0,,,,,Y,,A,01,0,0,1,0,0,0,0,0,0,"- ","- ",,,"LOS ANGELES",GLENDALE,-118.23643493652344,34.151237487792969
9559458,2023,2023-03-29,1925,2023-02-27,1706,21092,159,1,5,6,1925,0,0,0,,0,004,"MOUNTAIN ST","VERDUGO RD",452.00,E,N,B,C,N,,,,,,,,,,Y,3,0,2,1,A,-,03,22350,,N,F,I,A,B,H,-,A,D,0,,,,,Y,,A,07,0,1,1,0,0,0,0,0,0,"- ","- ",,,"LOS ANGELES",GLENDALE,-118.23078155517578,34.164779663085938
9559459,2023,2023-04-05,1925,2023-02-28,2212,21055,240,2,5,6,1925,0,0,0,,0,004,"VERDUGO RD","CHEVY CHASE DR",68.00,S,N,C,-,N,,,,,,,,,,N,3,0,1,2,A,-,01,23152,A,F,G,B,E,B,H,-,C,A,0,Y,,,,Y,Y,A,01,0,1,0,0,1,0,0,0,0,"- ","- ",34.151229858398438,-118.2364501953125,"LOS ANGELES",GLENDALE,-118.23638916015625,34.151058197021484
9559460,2023,2023-03-29,1925,2023-02-24,"755 ",22783,237,5,5,6,1925,0,0,0,,0,004,"GLENDALE AV","LEXINGTON DR",0.00,,Y,B,C,N,,,,,,,,,,N,4,0,1,2,A,-,10,21950,A,N,G,B,B,B,H,-,A,A,0,Y,,,,Y,,A,07,0,0,1,0,1,0,0,0,0,"- ","- ",34.151790618896484,-118.24474334716797,"LOS ANGELES",GLENDALE,-118.24477386474609,34.151786804199219
9559549,2023,2023-05-01,1925,2023-03-02,"533 ",25630,235,4,5,6,1925,0,0,0,,0,002,"BRAND BL","WILSON AV",0.00,,Y,A,-,N,,,,,,,,,,Y,4,0,2,2,A,-,12,21453,A,N,D,C,A,A,H,-,C,A,0,,,,,Y,,A,01,0,0,2,0,0,0,0,0,0,"- ","- ",,,"LOS ANGELES",GLENDALE,-118.25495910644531,34.148059844970703
9559948,2023,2023-03-29,1925,2023-03-09,1648,22783,226,4,5,6,1925,0,0,0,,0,001,"CENTRAL AV","GOODE AV",0.00,,Y,B,-,Y,LA,7,134,-,R,6.709,R,4,W,Y,4,0,1,2,A,-,12,21453,A,N,D,C,A,A,H,-,A,A,0,,,,,Y,,A,07,0,0,1,0,0,0,0,0,0,"- ","- ",34.156749725341797,-118.25797271728516,"LOS ANGELES",GLENDALE,-118.26237487792969,34.156421661376953
9559964,2023,2023-05-16,1925,2023-03-08,1743,26151,266,3,5,6,1925,0,0,0,,0,002,"SAN FERNANDO RD","PACIFIC AV",375.00,W,N,A,-,N,,,,,,,,,,N,4,0,1,2,C,-,18,,,N,B,C,A,A,H,-,A,D,0,,,,,Y,,-,"- ",0,0,1,0,0,0,0,0,0,"- ","- ",34.136459350585938,-118.26406860351562,"LOS ANGELES",GLENDALE,-118.26570892333984,34.137050628662109
9562219,2023,2023-04-19,1925,2023-03-22,1749,22783,193,3,5,6,1925,0,0,0,,0,001,"GLENOAKS BL","ROSEDALE AV",52.00,E,N,B,C,N,,,,,,,,,,Y,4,0,1,2,A,-,03,22350,,N,C,C,A,B,H,-,A,D,0,,,,,Y,,A,01,0,0,1,0,0,0,0,0,0,"- ","- ",,,"LOS ANGELES",GLENDALE,-118.28326416015625,34.166324615478516
9562220,2023,2023-04-24,1925,2023-03-24,1204,25649,263,5,5,6,1925,0,0,0,,0,002,BROADWAY,"CONCORD ST",0.00,,Y,A,-,N,,,,,,,,,,N,4,0,2,2,A,-,09,21801,B,N,G,C,A,A,H,-,A,A,0,,,,,Y,,A,01,0,0,2,0,0,0,0,0,0,"- ","- ",34.146678924560547,-118.27114868164062,"LOS ANGELES",GLENDALE,-118.27115631103516,34.146755218505859
9562221,2023,2023-04-20,1925,2023-03-22,1635,22783,148,3,5,6,1925,0,0,0,,0,004,"VERDUGO RD","BROOK LN",0.00,,Y,B,C,N,,,,,,,,,,Y,3,0,1,1,A,-,03,22350,,N,E,I,A,B,H,-,A,D,0,,,,,Y,,A,01,0,1,0,0,0,0,0,0,0,"- ","- ",,,"LOS ANGELES",GLENDALE,-118.22566986083984,34.181827545166016
9562222,2023,2023-04-20,1925,2023-03-21,1252,26161,151,2,5,6,1925,0,0,0,,0,004,"CHEVY CHASE DR","DRURY LN",120.00,W,N,B,-,N,,,,,,,,,,N,3,0,1,2,A,-,03,22350,,N,C,E,A,B,H,-,A,D,0,,,,,Y,,A,01,0,1,0,0,0,0,0,0,0,"- ","- ",,,"LOS ANGELES",GLENDALE,-118.21632385253906,34.159389495849609
9562223,2023,2023-05-05,1925,2023-03-20,1329,29405,263,1,5,6,1925,0,0,0,,0,002,"COLORADO ST","KENILWORTH AV",0.00,,Y,B,-,N,,,,,,,,,,Y,3,0,1,2,A,-,09,21453,C,N,A,C,A,A,H,-,A,A,0,,,,,Y,,-,"- ",0,1,0,0,0,0,0,0,0,"- ","- ",,,"LOS ANGELES",GLENDALE,-118.26718902587891,34.14251708984375
9562224,2023,2023-04-25,1925,2023-03-21,1519,27629,192,2,5,6,1925,0,0,0,,0,001,"GLENOAKS BL","WINCHESTER AV",117.00,W,N,C,-,N,,,,,,,,,,N,3,0,1,2,A,-,09,21804,A,N,D,C,A,B,H,-,A,D,0,,,,,Y,,A,07,0,1,0,0,0,0,0,0,0,"- ","- ",,,"LOS ANGELES",GLENDALE,-118.2890625,34.170566558837891
9562225,2023,2023-04-20,1925,2023-03-21,2326,29163,,2,5,6,1925,0,0,0,,0,003,"CHEVY CHASE DR","MAPLE ST",0.00,,Y,C,-,N,,,,,,,,,,N,3,0,1,2,A,-,10,21950,A,N,G,B,B,B,H,-,C,A,0,Y,,,,Y,,A,01,0,1,0,0,1,0,0,0,0,"- ","- ",,,"LOS ANGELES",GLENDALE,-118.23958587646484,34.138988494873047
9566283,2023,2023-05-16,1925,2023-04-19,1115,22783,266,3,5,6,1925,0,0,0,,0,002,"SAN FERNANDO RD","LOS ANGELES ST",30.00,E,N,A,-,N,,,,,,,,,,N,4,0,1,2,A,-,03,22350,,N,C,C,A,A,H,-,A,A,0,,,,,Y,,A,08,0,0,1,0,0,0,0,0,0,"- ","- ",,,"LOS ANGELES",GLENDALE,-118.26654052734375,34.137153625488281
9566297,2023,2023-05-16,1925,2023-04-17,"226 ",28121,146,1,5,6,1925,0,0,0,,0,005,"MENLO DR","EL ARBOLITA DR",122.00,S,N,A,-,N,,,,,,,,,,Y,3,0,1,2,A,-,17,22517,,N,B,C,A,A,H,-,C,D,0,,,,,Y,,A,01,0,1,0,0,0,0,0,0,0,"- ","- ",34.195308685302734,-118.22664642333984,"LOS ANGELES",GLENDALE,-118.22636413574219,34.194770812988281
9568425,2023,2023-05-04,1925,2023-04-14,1818,22783,151,5,5,6,1925,0,0,0,,0,004,"CAMINO SAN RAFAEL","FOXKIRK RD",0.00,,Y,A,-,N,,,,,,,,,,Y,3,0,2,2,A,-,08,22103,,N,D,C,A,A,H,-,A,D,0,,,,,Y,,A,01,0,2,0,0,0,0,0,0,0,"- ","- ",34.163978576660156,-118.22432708740234,"LOS ANGELES",GLENDALE,-118.22390747070312,34.164207458496094
9571483,2023,2023-05-12,1925,2023-04-19,1035,27610,225,3,5,6,1925,0,0,0,,0,002,"CENTRAL AV",BROADWAY,0.00,,Y,A,-,N,,,,,,,,,,Y,4,0,1,3,A,-,17,21461,A,N,D,C,A,A,D,-,A,A,0,,,,,Y,,D,22,0,0,1,0,0,0,0,0,0,"- ","- ",,,"LOS ANGELES",GLENDALE,-118.25791168212891,34.146835327148438
9572627,2023,2023-05-12,1925,2023-04-13,1059,26161,243,4,5,6,1925,0,0,0,,0,003,"CHEVY CHASE DR","MAPLE ST",15.00,S,N,B,-,N,,,,,,,,,,N,4,0,2,2,A,-,03,22350,,N,C,C,A,A,H,-,A,A,0,,,,,Y,,A,01,0,0,2,0,0,0,0,0,0,"- ","- ",,,"LOS ANGELES",GLENDALE,-118.23959350585938,34.138950347900391
9572628,2023,2023-05-12,1925,2023-04-17,"949 ",24810,251,1,5,6,1925,0,0,0,,0,003,"GLENDALE AV","HARVARD ST",0.00,,Y,A,-,N,,,,,,,,,,Y,3,0,1,2,A,-,12,21453,A,N,D,C,A,A,H,-,A,A,0,,,,,Y,,A,07,0,1,0,0,0,0,0,0,0,"- ","- ",34.144359588623047,-118.248046875,"LOS ANGELES",GLENDALE,-118.24802398681641,34.144462585449219
9572629,2023,2023-05-10,1925,2023-04-20,1930,25923,118,4,5,6,1925,0,0,0,,0,005,"HONOLULU AV","NEW YORK AV",50.00,N,N,A,-,N,,,,,,,,,,N,2,0,1,2,A,-,10,21950,A,F,G,B,B,A,H,-,A,A,0,Y,,,,Y,,A,01,1,0,0,0,1,0,0,0,0,"- ","- ",34.223190307617188,-118.25308227539062,"LOS ANGELES",GLENDALE,-118.25325012207031,34.223304748535156
9576514,2023,2023-05-16,1925,2023-04-25,1640,28525,230,2,5,6,1925,0,0,0,,0,004,"BRAND BL","DORAN STREET",210.00,N,N,A,-,N,,,,,,,,,,Y,3,0,1,2,A,-,08,22100,A,N,B,C,A,A,H,-,A,D,0,,,,,Y,,D,22,0,1,0,0,0,0,0,0,0,"- ","- ",34.154560089111328,-118.25505828857422,"LOS ANGELES",GLENDALE,-118.25511932373047,34.155227661132812
9576547,2023,2023-05-15,1925,2023-04-17,1546,28595,277,1,5,6,1925,0,0,0,,0,002,"LOS FELIZ BOULEVARD","GARDENA AV",160.00,W,N,A,-,N,,,,,,,,,,N,4,0,1,3,A,-,03,22350,,N,C,C,A,A,H,-,A,A,0,,,,,Y,,D,22,0,0,1,0,0,0,0,0,0,"- ","- ",34.127719879150391,-118.26049041748047,"LOS ANGELES",GLENDALE,-118.2679443359375,34.123805999755859
9576551,2023,2023-05-23,1925,2023-04-30,"341 ",28091,,7,5,6,1925,0,0,0,,0,001,"CONCORD ST","STOCKER ST",0.00,,Y,A,-,N,,,,,,,,,,N,4,0,1,2,A,-,12,22450,A,M,C,C,A,A,H,-,C,D,0,,,,,Y,Y,D,22,0,0,1,0,0,0,0,0,0,"- ","- ",,,"LOS ANGELES",GLENDALE,-118.27024078369141,34.164279937744141
9577272,2023,2023-05-19,1925,2023-04-05,2157,28942,158,3,5,6,1925,0,0,0,,0,004,"MONTEREY RD","GLENDALE AV",0.00,,Y,A,-,N,,,,,,,,,,Y,4,0,3,2,A,-,09,21801,A,N,D,C,A,A,H,-,C,A,0,,,,,Y,,A,07,0,0,3,0,0,0,0,0,0,"- ","- ",,,"LOS ANGELES",GLENDALE,-118.24192047119141,34.15618896484375
9577315,2023,2023-05-18,1925,2023-02-02,1850,28284,,4,5,6,1925,0,0,0,,0,004,"N GLENDALE AV","DORAN ST",0.00,,Y,A,-,N,,,,,,,,,,Y,3,0,2,2,A,-,08,22107,,N,D,C,A,A,H,-,C,A,0,,,,,Y,,A,07,0,1,1,0,0,0,0,0,0,"- ","- ",,,"LOS ANGELES",GLENDALE,-118.24365997314453,34.153541564941406
9577445,2023,2023-05-12,1925,2023-04-08,2011,29633,,6,5,6,1925,0,0,0,,0,002,"CENTRAL AV","GARFIELD AV",0.00,,Y,A,-,N,,,,,,,,,,N,4,0,1,2,A,-,09,21802,A,N,D,D,A,A,H,-,C,D,0,,,,,Y,,A,07,0,0,1,0,0,0,0,0,0,"- ","- ",34.135780334472656,-118.25785064697266,"LOS ANGELES",GLENDALE,-118.25787353515625,34.135757446289062
9577473,2023,2023-05-08,1925,2023-03-24,1140,22783,223,5,5,6,1925,0,0,0,,0,004,"BRAND BL","SANCHEZ DR",0.00,,Y,A,-,Y,LA,7,134,-,R,7.255,R,4,E,Y,4,0,1,2,A,-,12,21453,A,N,D,C,A,A,H,-,A,A,0,,,,,Y,,A,01,0,0,1,0,0,0,0,0,0,"- ","- ",,,"LOS ANGELES",GLENDALE,-118.25283050537109,34.156276702880859
9577481,2023,2023-05-02,1925,2023-03-31,1619,22783,269,5,5,6,1925,0,0,0,,0,002,"COLORADO ST","CENTRAL AV",154.00,E,N,A,-,N,,,,,,,,,,N,4,0,1,2,A,-,09,21801,A,N,D,C,A,A,H,-,A,D,0,,,,,Y,,A,07,0,0,1,0,0,0,0,0,0,"- ","- ",34.142570495605469,-118.25788116455078,"LOS ANGELES",GLENDALE,-118.25736236572266,34.142539978027344
9577485,2023,2023-06-15,1925,2023-04-10,1528,21092,199,1,5,6,1925,0,0,0,,0,001,"SAN FERNANDO ROAD","WESTERN AVENUE",39.00,E,N,A,-,N,,,,,,,,,,N,4,0,1,2,A,-,09,21801,A,N,D,C,A,A,H,-,A,D,0,,,,,Y,,A,07,0,0,1,0,0,0,0,0,0,"- ","- ",,,"LOS ANGELES",GLENDALE,-118.29208374023438,34.168720245361328
9577621,2023,2023-05-16,1925,2023-04-06,2319,28942,1574,4,5,6,1925,0,0,0,,0,,"HARVEY DR","WILSON TER",0.00,,Y,A,-,N,,,,,,,,,,N,3,0,1,2,A,-,08,22107,,N,D,C,A,A,H,-,C,A,0,,,,,Y,,A,01,0,1,0,0,0,0,0,0,0,"- ","- ",,,"LOS ANGELES",GLENDALE,-118.22792053222656,34.148872375488281
9577622,2023,2023-05-16,1925,2023-04-04,2240,21975,273,2,5,6,1925,0,0,0,,0,002,"BRAND BL","MAPLE ST",86.00,S,N,A,-,N,,,,,,,,,,N,3,0,1,2,A,-,00,21228,C,N,D,C,A,A,H,-,C,D,0,,,Y,,Y,,C,03,0,1,0,0,0,0,0,0,0,"- ","- ",,,"LOS ANGELES",GLENDALE,-118.25502014160156,34.138114929199219
9577623,2023,2023-05-15,1925,2023-04-11,"902 ",21092,253,2,5,6,1925,0,0,0,,0,003,"BRAND BL","LOMITA AV",180.00,S,N,B,-,N,,,,,,,,,,N,4,0,1,2,A,-,03,22350,,N,C,C,A,A,H,-,A,D,0,,,,,Y,,A,01,0,0,1,0,0,0,0,0,0,"- ","- ",,,"LOS ANGELES",GLENDALE,-118.25503540039062,34.140106201171875
9577624,2023,2023-05-16,1925,2023-04-02,1307,27016,251,7,5,6,1925,0,0,0,,0,002,"COLORADO ST","EVERETT ST",50.00,E,N,A,-,N,,,,,,,,,,N,3,0,1,2,A,-,08,22102,,N,H,C,A,A,H,-,A,D,0,,,,,Y,,A,07,0,1,0,0,0,0,0,0,0,"- ","- ",,,"LOS ANGELES",GLENDALE,-118.24539184570312,34.142665863037109
9577645,2023,2023-05-01,1925,2023-03-23,1400,22783,248,4,5,6,1925,0,0,0,,0,003,"BRAND BL","HARVARD ST",223.00,N,N,A,-,N,,,,,,,,,,N,4,0,1,2,A,-,07,21658,A,N,D,G,A,A,H,-,A,D,0,,Y,,,Y,,A,07,0,0,1,0,0,0,1,0,0,"- ","- ",34.144439697265625,-118.25501251220703,"LOS ANGELES",GLENDALE,-118.25495147705078,34.145030975341797
9577647,2023,2023-05-01,1925,2023-03-28,"208 ",27896,,2,5,6,1925,0,0,0,,0,001,"KENNETH RD","PACIFIC AV",230.00,E,N,A,-,N,,,,,,,,,,Y,3,0,1,2,A,-,01,23152,A,N,C,E,A,A,H,-,C,D,0,,,,,Y,Y,A,01,0,1,0,0,0,0,0,0,0,"- ","- ",34.169609069824219,-118.26624298095703,"LOS ANGELES",GLENDALE,-118.2655029296875,34.169506072998047
9577648,2023,2023-05-01,1925,2023-03-28,1324,28595,186,2,5,6,1925,0,0,0,,0,001,"GLENWOOD RD","LINDEN AV",150.00,W,N,A,-,N,,,,,,,,,,Y,4,0,1,2,A,-,08,22107,,N,B,E,A,A,H,-,A,D,0,,,,,Y,,A,01,0,0,1,0,0,0,0,0,0,"- ","- ",34.176921844482422,-118.29199981689453,"LOS ANGELES",GLENDALE,-118.29246520996094,34.177227020263672
9577650,2023,2023-05-10,1925,2023-03-11,2011,28284,,6,5,6,1925,0,0,0,,0,004,"E WILSON AV","CHEVY CHASE DR",0.00,N,N,B,-,N,,,,,,,,,,Y,3,0,3,2,A,-,12,21453,A,N,D,C,A,B,H,-,C,A,0,,,,,Y,,-,"- ",0,3,0,0,0,0,0,0,0,"- ","- ",,,"LOS ANGELES",GLENDALE,-118.23950958251953,34.148097991943359
9577702,2023,2023-05-04,1925,2023-02-23,1703,28418,267,4,5,6,1925,0,0,0,,0,002,"PACIFIC AV","RIVERDALE DR",0.00,,Y,A,-,N,,,,,,,,,,N,4,0,1,2,A,-,17,21235,G,N,D,C,A,A,H,-,A,A,0,,,,,Y,,M,94,0,0,1,0,0,0,0,0,0,"- ","- ",34.138618469238281,-118.26448059082031,"LOS ANGELES",GLENDALE,-118.26441192626953,34.138710021972656
9580659,2023,2023-07-20,1925,2023-05-05,1030,27610,1574,5,5,6,1925,0,0,0,,0,,"HOLLY DR","RT 2",0.00,,Y,B,-,Y,LA,7,2,-,R,19.167,R,4,W,Y,3,0,1,2,C,-,18,,,N,D,C,A,B,H,-,A,A,0,,,,,Y,,-,"- ",0,1,0,0,0,0,0,0,0,"- ",SF,,,"LOS ANGELES",GLENDALE,-118.22493743896484,34.151721954345703
9580666,2023,2023-06-16,1925,2023-05-27,2128,26160,246,6,5,6,1925,0,0,0,,0,005,"VERDUGO RD","KENT PL",0.00,,Y,A,-,N,,,,,,,,,,,4,0,2,3,A,-,10,21950,A,F,G,B,B,A,H,-,C,D,0,Y,,,,Y,,A,07,0,0,2,0,2,0,0,0,0,"- ","- ",34.138980865478516,-118.23362731933594,"LOS ANGELES",GLENDALE,-118.23358917236328,34.138980865478516
9580667,2023,2023-06-16,1925,2023-05-14,"734 ",25649,,7,5,6,1925,0,0,0,,0,002,"COLORADO ST","COLUMBUS AV",0.00,,Y,A,-,N,,,,,,,,,,Y,4,0,2,2,A,-,12,21453,A,N,D,C,A,A,H,-,A,A,0,,,,,Y,,-,"- ",0,0,2,0,0,0,0,0,0,"- ","- ",34.142421722412109,-118.26094055175781,"LOS ANGELES",GLENDALE,-118.26090240478516,34.14251708984375
9584325,2023,2023-05-12,1925,2023-04-26,2142,29459,165,3,5,6,1925,0,0,0,,0,004,"BRAND BL",BROADWAY,100.00,N,N,A,-,N,,,,,,,,,,N,4,0,1,3,A,-,03,22350,,N,C,C,A,A,H,-,C,D,0,,,,,Y,,A,07,0,0,1,0,0,0,0,0,0,"- ","- ",,,"LOS ANGELES",GLENDALE,,
9584326,2023,2023-05-12,1925,2023-04-15,1824,28716,,6,5,6,1925,0,0,0,,0,002,"PACIFIC AV","ELK AV",0.00,,Y,B,-,N,,,,,,,,,,Y,4,0,1,2,A,-,12,22450,A,N,D,C,A,A,H,-,A,D,0,,,,,Y,,A,01,0,0,1,0,0,0,0,0,0,"- ","- ",34.141689300537109,-118.26441192626953,"LOS ANGELES",GLENDALE,-118.26441192626953,34.141643524169922
9584327,2023,2023-05-12,1925,2023-04-12,2202,25703,249,3,5,6,1925,0,0,0,,0,003,"HARVARD ST","EVERETT ST",0.00,,Y,C,-,N,,,,,,,,,,Y,4,0,1,2,A,-,12,22450,,N,D,C,A,B,H,-,C,A,0,,,,,Y,,A,01,0,0,1,0,0,0,0,0,0,"- ","- ",,,"LOS ANGELES",GLENDALE,-118.24558258056641,34.14447021484375
9584328,2023,2023-05-12,1925,2023-04-24,1226,29459,249,1,5,6,1925,0,0,0,,0,002,COLORADO,"KENWOOD ST",105.00,E,N,B,-,N,,,,,,,,,,N,4,0,1,2,A,-,08,22102,,N,D,C,A,A,H,-,A,D,0,,,,,Y,,A,01,0,0,1,0,0,0,0,0,0,"- ","- ",,,"LOS ANGELES",GLENDALE,-118.2509765625,34.142612457275391
9593115,2023,2023-07-28,1925,2023-06-15,"710 ",29285,215,4,5,6,1925,0,0,0,,0,002,"SAN FERNANDO RD","DORAN ST",0.00,,Y,B,-,N,,,,,,,,,,N,3,0,2,2,A,-,12,21453,A,N,D,C,A,B,H,-,A,A,0,,,,,Y,,A,01,0,1,1,0,0,0,0,0,0,"- ","- ",34.153221130371094,-118.275146484375,"LOS ANGELES",GLENDALE,-118.27512359619141,34.153263092041016
9594316,2023,2023-07-07,1925,2023-05-21,1502,22783,251,7,5,6,1925,0,0,0,,0,004,BROADWAY,"GLENDALE AV",0.00,,Y,A,-,N,,,,,,,,,,Y,3,0,1,2,A,-,12,21453,A,N,D,C,A,A,H,-,A,A,0,,,,,Y,,-,"- ",0,1,0,0,0,0,0,0,0,"- ","- ",34.146339416503906,-118.24717712402344,"LOS ANGELES",GLENDALE,-118.24718475341797,34.146297454833984
9616399,2023,2023-10-03,1925,2023-07-05,1926,29008,239,3,5,6,1925,0,0,0,,0,004,VERDUGO,WILSON,0.00,,Y,A,-,N,,,,,,,,,,N,2,0,1,2,A,-,10,21950,,N,G,B,B,A,H,-,A,A,0,Y,,,,Y,,A,01,1,0,0,0,1,0,0,0,0,"- ","- ",,,"LOS ANGELES",GLENDALE,-118.23555755615234,34.148059844970703
9616537,2023,2023-10-02,1925,2023-06-22,"346 ",29590,231,4,5,6,1925,0,0,0,,0,004,"N LOUISE","DORAN ST",5.00,W,N,A,-,N,,,,,,,,,,Y,3,0,1,3,A,-,01,23152,A,N,B,E,A,A,H,-,C,D,0,,,,,Y,Y,A,01,0,1,0,0,0,0,0,0,0,"- ","- ",,,"LOS ANGELES",GLENDALE,,
9617753,2023,2023-09-28,1925,2023-02-20,2130,28134,224,1,5,6,1925,0,0,0,,0,002,PACIFIC,"SALEM ST",0.00,,Y,A,-,N,,,,,,,,,,Y,3,0,4,2,A,-,09,21802,A,N,D,C,A,A,H,-,C,D,0,,,,,Y,,A,01,0,1,3,0,0,0,0,0,0,"- ","- ",,,"LOS ANGELES",GLENDALE,-118.26451873779297,34.148906707763672
9636448,2023,2023-11-30,1925,2023-10-27,1630,29788,242,5,5,6,1925,0,0,0,,0,003,"CHEVY CHASE DR","CARLTON DR",86.00,S,N,A,-,N,,,,,,,,,,Y,4,0,1,3,A,-,03,22350,,N,C,E,A,A,H,-,A,D,0,,,,,Y,,A,01,0,0,1,0,0,0,0,0,0,"- ","- ",,,"LOS ANGELES",GLENDALE,-118.23961639404297,34.145195007324219
9636509,2023,2023-12-06,1925,2023-10-28,1409,29788,208,6,5,6,1925,0,0,0,,0,001,"VICTORY BL","JUSTIN AV",9.00,W,N,A,-,N,,,,,,,,,,Y,3,0,1,2,A,-,09,21802,A,N,B,C,A,A,H,-,A,D,0,,,,Y,Y,,F,26,0,1,0,0,0,0,0,0,0,"- ","- ",,,"LOS ANGELES",GLENDALE,-118.29840850830078,34.159854888916016
9640752,2024,2026-06-06,1925,2024-01-01,2024,29285,,1,5,6,1925,0,0,0,,0,,"GLENOAK BL","ELM AV",0.00,,Y,A,-,N,,,,,,,,,,Y,1,1,2,2,A,-,01,23152,F,N,C,C,A,A,H,-,C,A,0,,,,,Y,Y,A,01,1,1,0,0,0,0,0,0,0,"- ","- ",,,"LOS ANGELES",GLENDALE,-118.29554748535156,34.175277709960938
9643491,2023,2024-01-11,1925,2023-11-11,1009,29188,199,6,5,6,1925,0,0,0,,0,001,"SAN FERNANDO RD","WESTERN AV",0.00,,Y,A,-,N,,,,,,,,,,Y,3,0,3,2,A,-,12,21453,A,N,F,C,A,A,H,-,A,A,0,,,,,Y,,A,01,0,1,2,0,0,0,0,0,0,"- ","- ",,,"LOS ANGELES",GLENDALE,-118.29218292236328,34.168788909912109
9649209,2023,2024-03-15,1925,2023-12-05,1710,29740,240,2,5,6,1925,0,0,0,,0,004,"N VERDUGO RD","CALIFORNIA AV",66.00,N,N,A,-,N,,,,,,,,,,N,4,0,1,2,A,-,03,22350,,N,C,C,A,A,H,-,B,D,0,,,,,Y,,A,01,0,0,1,0,0,0,0,0,0,"- ","- ",,,"LOS ANGELES",GLENDALE,-118.23625183105469,34.150547027587891
9666545,2024,2024-03-14,1925,2024-01-20,1804,0186,,6,5,6,1925,0,0,0,,0,001,"N GRAND AV","W FOOTHILL BL",401.00,E,N,C,-,N,,,,,,,,,,Y,3,0,3,2,A,-,09,21804,A,N,D,C,A,B,H,-,C,D,0,,,,,Y,,A,01,0,1,2,0,0,0,0,0,0,"- ","- ",34.136070251464844,-117.87270355224609,"LOS ANGELES",GLENDALE,,
9893735,2025,2025-12-09,1925,2025-11-16,1410,SD6996,,7,5,6,1925,0,0,0,,0,627,"6TH AV","UNIVERSITY AV",1000.00,N,N,A,-,N,,,,,,,,,,Y,3,0,3,3,A,-,03,22350,,N,C,C,A,A,H,-,A,A,0,,,,,Y,Y,A,01,0,1,2,0,0,0,0,0,0,"- ","- ",,,"LOS ANGELES",GLENDALE,-118.31949615478516,34.196971893310547
